,district,cultivar,rmse,%rmse,unbiased rmse,bias,correlation,season length
0,chadiza,10,4687.399598652813,214977.59132238603,187.528909526976,4683.646859610808,0.034526776675589045,104.61272727272727
1,chama,10,5144.661329093931,247825.06032691285,152.13716660997054,5142.411348152773,0.07544232353386049,104.6
2,chavuma,10,5670.232117975954,248744.61382649903,189.78891694800225,5667.055005797084,-0.29752077119212306,104.88727272727273
3,chibombo,10,5039.142270894822,258307.90856636723,146.79364359244343,5037.003717739334,0.02274318361692476,104.85636363636364
4,chiengi,10,5165.967388081007,232944.7128402273,139.8811467842673,5164.073229485695,0.2920580155323166,104.77272727272727
5,chililabombwe,10,5010.881947535415,197239.90083259845,243.1421564034674,5004.979498850697,-0.2314723873627729,111.2090909090909
6,chilubi,10,5638.382408550508,215007.81028652206,133.82857991922523,5636.793955454524,0.48365514050603015,104.9
7,chingola,10,4538.532468353408,152213.97419945523,456.5129804228497,4515.514684396843,-0.620201907529385,104.56181818181818
8,chinsali,10,5299.962758190866,160199.49133121944,144.46614969081853,5297.993466379855,0.5169352514887905,104.73272727272727
9,chipata,10,4630.778728088971,218327.9242038297,456.02659673912103,4608.2698891870305,-0.18402896508321284,104.57818181818182
10,choma,10,4898.161363050072,292843.2202845447,182.84651532740685,4894.747377578252,0.3478080342729192,104.64181818181818
11,chongwe,10,4360.75341400607,195786.59984010708,469.8858456960857,4335.363609869427,0.1126455501925267,104.85272727272728
12,gwembe,10,4975.250265515902,372425.23428911174,184.36372706473162,4971.833185119836,-0.17251019921096497,104.75090909090909
13,ikelenge,10,4439.833957212863,159733.26996514283,422.26205544338393,4420.076470126117,0.06613530468356514,104.58181818181818
14,isoka,10,5172.81719266663,160653.44545028717,111.02443912895374,5171.625593820919,-0.025219408954353807,104.78363636363636
15,itezhitezhi,10,5132.873043227606,396523.97175575513,112.33194051388578,5131.643714545371,-0.5196440289803791,104.79636363636364
16,kabompo,10,5811.107339069267,227435.84886662257,181.965106069282,5808.257673894806,-0.12116129703063096,104.75636363636363
17,kabwe,10,4685.122183914328,170278.94521898328,257.22266531486076,4678.055833212605,0.05872263137531659,104.68
18,kafue,10,5197.455036057756,217913.35725285558,159.06723307274913,5195.020352915348,-0.029564439710986292,104.60545454545455
19,kalabo,10,5591.741224537932,1131618.481349809,183.72204919616863,5588.722227024362,0.003992220010205029,104.72181818181818
20,kalomo,10,4663.388261900288,307930.35613020346,315.65707364341176,4652.692843191808,0.16218243035916813,104.7
21,kalulushi,10,4415.0275099845885,154336.2678648875,350.16627658922744,4401.11934542343,-0.025109945563451325,104.67090909090909
22,kaoma,10,5445.413764186792,346759.45539241686,170.83816126377775,5442.733264257121,0.07669065283855009,104.62363636363636
23,kapirimposhi,10,4964.660504344987,212434.17355091314,157.22739251764744,4962.170237954872,-0.1776133930396657,104.72727272727273
24,kaputa,10,4959.337857419037,296646.41511723323,277.85322999778816,4951.548198958528,-0.44681907512621405,104.74181818181818
25,kasama,10,5336.243217197219,161962.7831698024,154.71808775302932,5333.999811249093,-0.08451739712077075,104.8490909090909
26,kasempa,10,4948.931715311481,176497.49836243255,116.0624599847917,4947.570578394825,0.30254619700009966,104.81090909090909
27,katete,10,4467.231322986276,287366.12157079007,418.82483303073604,4447.554547423392,-0.24968996942916605,104.67636363636363
28,kawambwa,10,5012.358534484796,162819.8633213036,105.0351783442789,5011.257894933443,0.23286269047170222,104.85272727272728
29,kazungula,10,5083.760181162251,459553.59315585066,113.059002000055,5082.502852103243,-0.6384905474618844,104.66909090909091
30,kitwe,10,4404.6746957473715,176864.95503971184,578.1183493357299,4366.570547869177,-0.5479664820662558,104.84335154826958
31,livingstone,10,5212.930584079015,671944.6516181295,121.86169220219969,5211.506020566416,0.43806335658782436,104.66363636363636
32,luangwa,10,5085.906582865119,977915.4254883722,163.88674196363127,5083.26537822287,-0.31210839603578516,104.89818181818181
33,luanshya,10,4269.52078242953,164894.67325116417,692.0065991518644,4213.0671224569805,-0.2390710047119138,104.67090909090909
34,lufwanyama,10,4544.287823303179,213015.5110538709,399.88294436252346,4526.6594141628875,0.08734527187185347,104.9
35,lukulu,10,5639.845457653944,625453.7751683997,177.86434251044167,5637.040097594053,0.4474991989541386,104.71454545454546
36,lundazi,10,4459.183449351843,188458.17832863567,409.7727527128256,4440.31567865479,-0.030448155441647733,104.77818181818182
37,lusaka,10,4484.46128607165,149276.92840251853,451.0385553508079,4461.721332385344,0.3798148899629139,104.6509090909091
38,luwingu,10,5370.300160061189,157225.35362618198,118.38048015627774,5368.995238503308,0.024376055554481343,104.99818181818182
39,mafinga,10,5348.860200918608,147660.55078481554,123.60940193430477,5347.457597013901,0.008306693412697422,104.95272727272727
40,mambwe,10,4380.799312188772,307488.8359393768,495.5371341875624,4352.682570819378,-0.17333000486853048,104.40545454545455
41,mansa,10,5155.433104701373,174390.66774433106,140.23112449812348,5153.525563027008,-0.3357603223160116,104.77454545454546
42,masaiti,10,4845.5655856288195,216907.27516912934,201.34453216251572,4841.380611354433,-0.09643962318800672,104.72181818181818
43,mazabuka,10,5164.329387134776,272611.2035060915,132.574863825078,5162.627424510275,-0.18959331708544325,105.15636363636364
44,mbala,10,5754.328232953628,237700.21756478222,104.50639912228951,5753.379165769427,0.4235315575588201,104.96363636363637
45,milengi,10,4854.593988055587,177208.32533378876,273.4578191712261,4846.8859703937305,-0.5529588616972249,104.58727272727273
46,mkushi,10,4791.576881083729,144249.5136261607,196.82106535556983,4787.532817179259,0.09669399647907219,104.66363636363636
47,mongu,10,5307.038784617851,913498.6010167424,166.84681823478257,5304.415406119986,0.2455739240487328,104.87272727272727
48,monze,10,5130.247087289281,346888.7145827802,127.995003257197,5128.650159231115,-0.2855581963165189,104.72909090909091
49,mpika,10,5257.233962792326,156775.55291287808,167.61738928318968,5254.561194842723,0.5126765198614144,104.67454545454545
50,mpongwe,10,4886.04702544224,168561.91714433234,121.80240207905912,4884.528606701032,0.34988042402812614,104.78909090909092
51,mporokoso,10,4838.457179144172,166822.62529014412,308.8952952929628,4828.586912436977,0.23720262417000762,104.52545454545455
52,mpulungu,10,5363.44998270921,206903.05057075302,72.86405519686969,5362.955019994453,0.1777314494804569,104.83454545454545
53,mufulira,10,4173.653040026192,127117.91755366382,581.3935796728488,4132.960343873996,-0.1910957410174512,104.60727272727273
54,mufumbwe,10,5253.912909998204,221509.34363977157,256.90440144603895,5247.628130342644,-0.17520304118756336,104.68545454545455
55,mumbwa,10,5056.552189469179,300291.1950572915,135.4416878375338,5054.737935246621,0.33749640485830124,104.7
56,mungwi,10,5345.277430717469,166397.03821536162,188.54020214835316,5341.951273037915,-0.35786053518073446,104.76
57,mwense,10,5406.77273856411,228963.3730977493,113.1090408117088,5405.5894952693825,-0.2750553687036214,104.74181818181818
58,mwinilunga,10,4633.493070032068,137206.58391385115,526.4366232658053,4603.490253244781,-0.6016140856404785,104.63387978142076
59,nakonde,10,5294.904334873956,188233.3408393383,310.54791686388415,5285.7896199904235,-0.4521402327210387,119.29315960912052
60,namwala,10,5130.046267755744,457922.0083426032,160.52149417513226,5127.534257245135,0.13976802687450407,105.03090909090909
61,nchelenge,10,5201.964044884391,227257.99761628505,246.20092462385836,5196.134623831867,0.07179367198406814,104.75454545454545
62,ndola,10,4978.061916415335,182053.15357769915,236.85898826723502,4972.423781551784,0.047658687094597606,111.13636363636364
63,nyimba,10,4982.185668487133,297270.8340885464,207.64438791753065,4977.856752001301,0.2377907837944116,104.75636363636363
64,petauke,10,4737.270051589083,275403.0214557469,165.45307389178666,4734.379877240798,0.15596369623524148,104.64727272727272
65,samfya,10,5488.396209043265,190911.9183973947,157.42915040106757,5486.137895646124,-0.009632332331758454,104.58909090909091
66,senanga,10,4944.639590947467,1043447.7694629149,200.62174499434622,4940.567943040613,0.037897704455144336,104.67090909090909
67,serenje,10,5281.401678556497,186970.65656904478,162.39567876299012,5278.904368690391,-0.2308205422130738,104.90181818181819
68,sesheke,10,4865.386174430275,945563.8413110726,135.91985005455606,4863.487269511294,0.1872217352497599,104.4090909090909
69,shangombo,10,4988.919146720442,1045823.7395158102,240.60412601758617,4983.11387658933,0.09813244801241758,104.88727272727273
70,siavonga,10,5005.72901186513,555544.0098069627,133.7898659707928,5003.940768233749,-0.1998645063037371,104.94545454545455
71,sinazongwe,10,4972.811696526741,542450.6641416335,126.11042257427903,4971.212360222736,0.26440628326522403,104.78545454545454
72,solwezi,10,4586.5475322487455,263772.84395967564,496.0585027549865,4559.642993417526,-0.5925387350774308,104.92727272727272
73,zambezi,10,5820.70101202978,314660.396128437,142.08736988662557,5818.966527723219,-0.3348776456905108,104.7690909090909
74,chadiza,1,3566.10710995541,163551.9013817777,325.8510309819243,3551.1886777926265,0.10673540487626561,117.94
75,chama,1,3742.5931509742227,180285.60367502924,152.74270488360312,3739.4749845164097,0.38796186926469156,117.89272727272727
76,chavuma,1,3720.368505212955,163207.0094957249,147.57451808743633,3717.4404603425382,0.12140456965251364,118.0109090909091
77,chibombo,1,3751.837033129582,192320.26507905166,146.24833201295775,3748.9855359211524,-0.13148897387937095,118.26
78,chiengi,1,3741.3325085907222,168704.82552101754,138.8021538097546,3738.7568658493324,-0.29091896324517347,117.96
79,chililabombwe,1,3802.2632208637283,149665.87288919516,185.08379096552662,3797.755862487061,-0.9240545547759347,124.5109090909091
80,chilubi,1,3767.9628331429376,143683.30831312496,146.54182238636815,3765.1121372727052,0.24807574204384986,118.14
81,chingola,1,3310.409816105823,111025.01477116632,465.5987042777676,3277.503775305935,-0.6237396329437331,117.99454545454546
82,chinsali,1,3742.556277824237,113124.49527297472,160.2809853182025,3739.122557288947,0.42068682723324025,117.81090909090909
83,chipata,1,3572.551780207772,168435.56129172785,382.0698771360836,3552.0626164597566,-0.42586361392276145,118.01454545454546
84,choma,1,3729.8676570681437,222995.1965589908,162.47158014187352,3726.3273775782513,0.49278661178106276,118.07636363636364
85,chongwe,1,3396.078660043131,152475.18731598384,390.32998573295407,3373.572700778517,-0.07985519125840765,118.13454545454546
86,gwembe,1,3708.624657522643,277611.24230099947,153.29732186728174,3705.4550033016535,0.282113090275378,118.02727272727273
87,ikelenge,1,3414.670730864673,122850.65769389266,308.3406275605991,3400.810470126116,0.43537902897188513,118.13818181818182
88,isoka,1,3740.4908978593294,116169.33829953475,151.9827798237667,3737.401957457283,0.2797227146219654,118.12363636363636
89,itezhitezhi,1,3741.0960892855996,289006.6182331776,132.69883814061785,3738.7418963635528,-0.0641898504855622,118.03454545454545
90,kabompo,1,3769.4025980469723,147527.35229017027,151.2525673960068,3766.3667648038972,0.1670793772889636,118.16363636363636
91,kabwe,1,3517.8588579837983,127855.21321586348,271.0247168403158,3507.403105939878,0.5703312915624135,117.74363636363637
92,kafue,1,3765.00154104901,157854.97328601568,154.91595730371336,3761.8130801880757,0.19308745841604522,118.11818181818182
93,kalabo,1,3736.2547296619728,756117.7696425859,147.54252480168245,3733.3404088425423,0.1725198146490776,118.01272727272728
94,kalomo,1,3590.9078672407663,237112.90510038208,228.77565675211767,3583.612843191807,0.10612676403916049,117.97272727272727
95,kalulushi,1,3273.394440794424,114428.16156849844,475.7500732172091,3238.6375272416117,-0.20056180701692775,117.9
96,kaoma,1,3678.9146215532187,234270.24756042648,175.69431684103367,3674.7169006207578,-0.03791521343209424,118.18909090909091
97,kapirimposhi,1,3729.4275177389836,159579.46205093857,150.03299341559236,3726.408419773054,0.14139538433507048,118.38
98,kaputa,1,3693.179580511883,220910.2332691603,189.48455143646595,3688.315471685801,-0.3405971890533959,117.8709090909091
99,kasama,1,3738.6132533494188,113472.37804989325,137.21521754946994,3736.0943567036393,0.2764822437702362,117.90727272727273
100,kasempa,1,3674.3688249084503,131041.79709144268,181.3911495121488,3669.888760213007,-0.16851521341214395,117.74909090909091
101,katete,1,3533.4663294224492,227299.29152366496,229.75033855901415,3525.989092877937,0.138305002798219,118.15818181818182
102,kawambwa,1,3675.4630854282636,119392.5759888679,184.9819272827367,3670.8051676607156,0.18793296225063158,117.90363636363637
103,kazungula,1,3751.6924950061093,339139.47650098056,149.79030463155658,3748.7010339214244,0.3379679574289709,118.31272727272727
104,kitwe,1,3365.5083550968147,135138.35300587938,386.85521465995663,3343.2004922105507,-0.5009647510622544,118.11090909090909
105,livingstone,1,3742.7007519460462,482432.61871894094,153.54895627072793,3739.549656930052,0.14288237574227963,118.13818181818182
106,luangwa,1,3727.1214215321825,716648.9339509627,156.58230988218673,3723.830832768325,0.299755409460226,118.00181818181818
107,luanshya,1,3282.2416188845323,126764.6152478402,473.85658382801944,3247.856213366071,-0.49176727351415084,118.1509090909091
108,lufwanyama,1,3368.005658502578,157876.7618765751,405.2387690812799,3343.53759598107,0.013987562205277469,118.12727272727273
109,lukulu,1,3722.7897505926426,412854.0260808799,162.73981083557794,3719.231006684961,0.47534987858408967,118.00545454545454
110,lundazi,1,3506.9493394410956,148213.97045191022,356.4217187061857,3488.790224109335,0.27456132198065364,117.96909090909091
111,lusaka,1,3463.7096817716633,115298.56301332284,319.45394115345533,3448.9467869307987,0.014742144234405459,118.19818181818182
112,luwingu,1,3757.920173827928,110019.9822391915,142.70077550642213,3755.2097839578546,0.39134910167300446,118.10909090909091
113,mafinga,1,3725.5496618458224,102847.46551234614,156.9489448942518,3722.299597013902,-0.29638214811100055,117.91454545454546
114,mambwe,1,3335.9152226931287,234148.29475625075,473.13909393191676,3302.19166172847,-0.10694485307036503,117.69272727272727
115,mansa,1,3632.1948993296987,122864.72950139274,191.2822604069406,3627.154653936099,-0.2515399795893259,118.23454545454545
116,masaiti,1,3680.254512693891,164743.19956474807,192.97814967089826,3675.1915204453417,-0.09622061835752888,118.18181818181819
117,mazabuka,1,3751.140154149734,198012.70509395903,156.26761219806255,3747.8837881466393,0.38726110341314085,117.83818181818182
118,mbala,1,3736.8661079682247,154362.74242885478,127.40169632190714,3734.693711223973,0.44438459555081183,118.09818181818181
119,milengi,1,3556.6687555950043,129829.87156016397,234.7772028154413,3548.911424939184,-0.11320209779775837,117.98181818181818
120,mkushi,1,3686.9977719238095,110996.36894910007,171.6866350183165,3682.9982717247126,0.12557113965046038,118.31454545454545
121,mongu,1,3718.844634665104,640123.3360139865,165.6886974229161,3715.1517697563486,-0.07549221033483788,118.30727272727273
122,monze,1,3751.8134383390798,253684.0270723706,157.27291367232328,3748.515613776569,0.5716694484877524,118.18363636363637
123,mpika,1,3738.676014832295,111490.75797953075,149.02267607232395,3735.704831206359,0.6140119630535481,117.79272727272728
124,mpongwe,1,3622.381776568267,124967.20021473273,183.47521005344413,3617.732243064669,0.5521057748713364,117.88909090909091
125,mporokoso,1,3586.95816597201,123672.84774838368,223.81414661485877,3579.968730618795,-0.18111206839403032,118.06
126,mpulungu,1,3772.545734624213,145531.55588805483,158.87985630570682,3769.1986563580886,0.2280257256941979,118.20181818181818
127,mufulira,1,3279.310578079818,99878.72199711933,454.5628636145301,3247.6530711467235,-0.3134105362487556,118.02727272727273
128,mufumbwe,1,3659.996919232865,154308.51808754768,165.7716498623022,3656.2408576153716,-0.6412996047369114,118.08909090909091
129,mumbwa,1,3726.867226286691,221325.79102658643,127.88367322403855,3724.6724807011665,0.04337171196815574,118.17636363636363
130,mungwi,1,3743.8763578606686,116545.85668697696,151.05884827444734,3740.827636674278,-0.1864090420013364,118.14
131,mwense,1,3738.3481326127976,158309.7421779214,138.38633245175805,3735.785858905746,-0.14248112790055195,117.93818181818182
132,mwinilunga,1,3393.6038560744973,100491.0949927528,420.2008706331961,3367.4884350629636,-0.36647784338583744,118.12
133,nakonde,1,3950.448600549887,140438.06854034413,220.99186654970532,3944.2625090763718,0.20969207734906226,131.46625766871165
134,namwala,1,3749.1770100974154,334661.8288584737,155.19937927766165,3745.9633481542264,0.23222745882818008,118.08727272727273
135,nchelenge,1,3663.7584545826994,160058.47079181485,183.43097407297293,3659.163714740958,-0.12743095849393182,118.0490909090909
136,ndola,1,3830.8675065091147,140099.0028264914,117.48397918062598,3829.065599733601,0.12140034533907308,124.77272727272727
137,nyimba,1,3705.971758984582,221123.29592013662,162.4522273565283,3702.4094792740284,-0.2781235380308525,117.75090909090909
138,petauke,1,3673.5249281042043,213561.78845103746,152.1084962348281,3670.3744226953436,0.1475622452723131,118.05818181818182
139,samfya,1,3751.0076501847566,130477.47267956586,151.04796723010335,3747.965168373397,0.25850578520408235,117.8
140,senanga,1,3720.0331753611417,785023.9128176466,143.40803823395171,3717.267943040613,-0.16115025990993184,118.09272727272727
141,serenje,1,3746.0908774699883,132618.02709906874,134.86129979916635,3743.6625505085713,-0.16296174159814691,117.93272727272728
142,sesheke,1,3741.1674495959596,727077.4688387687,159.46700250028312,3737.767269511293,0.04272390693606428,117.88181818181818
143,shangombo,1,3724.2682275539996,780715.8244408199,143.30164920025538,3721.5102402256935,0.36431702161769774,117.76
144,siavonga,1,3726.361354116152,413557.6903480941,159.54278964396764,3722.9444045973855,-0.008510192116915047,117.8490909090909
145,sinazongwe,1,3744.0495377743764,408413.24431476294,162.70901735756877,3740.5123602227354,0.11540598993819207,117.97272727272727
146,solwezi,1,3402.557743434931,195681.46332559868,399.5032006939037,3379.0229934175263,-0.5110580947747168,118.05818181818182
147,zambezi,1,3727.951774774766,201528.78146016962,145.90088105526254,3725.0956186323087,0.08502940082080931,118.21818181818182
148,chadiza,2,2718.6695732302087,124685.98508701171,621.0187749392754,2646.7904959744446,0.12655580158140028,62.79090909090909
149,chama,2,3785.987440501388,182375.96331815995,432.34443262001787,3761.2204390618645,0.6599608800225624,62.63636363636363
150,chavuma,2,3740.22819037832,164078.22422104693,369.9074887556381,3721.8913694334465,0.2694647621657917,62.62909090909091
151,chibombo,2,3795.8599073034984,194576.89050172016,248.81333629272075,3787.6964450120618,-0.6606400486926913,62.68909090909091
152,chiengi,2,3447.2422756050933,155443.65685200645,590.2331745943438,3396.336865849332,-0.1755829281099699,62.56
153,chililabombwe,2,3205.1593377259187,126162.48328034853,812.6154335328388,3100.435862487061,-0.8153758029951199,67.29272727272728
154,chilubi,2,4451.733219869473,169757.44854275777,160.8409398862114,4448.82668272725,-0.1374414663654632,62.6
155,chingola,2,1679.2691264318146,56319.57670611737,606.1497541579738,1566.0546843968434,-0.4603590808469804,62.48909090909091
156,chinsali,2,3975.183598901196,120156.01232442551,250.88104613861722,3967.2589209253097,0.12338391585854637,62.416363636363634
157,chipata,2,2751.4328710317377,129722.16177697733,848.0599440761613,2617.475343732485,0.14370092182347524,62.62
158,choma,2,3560.468601131287,212867.4442501488,583.3864814043736,3512.3491957600695,0.654216571757017,62.485454545454544
159,chongwe,2,1902.7764797562238,85429.76450598286,744.4830231694766,1751.0863371421538,-0.10416099738271635,62.59489051094891
160,gwembe,2,3460.8236269294903,259061.95292848416,451.6513199794901,3431.225912392563,0.42106726283007695,62.39636363636364
161,ikelenge,2,1688.5775117935852,60750.47178514617,656.5062603897709,1557.7282201261162,0.19218970769708252,62.53284671532847
162,isoka,2,3507.476334079638,108932.54814882671,369.7321587123579,3487.93468473001,-0.4813611913272549,62.56909090909091
163,itezhitezhi,2,3767.4353014112303,291041.3712685663,519.7245971020094,3731.414623636281,-0.0523620369882607,62.552727272727275
164,kabompo,2,4507.659202803315,176421.3320064427,148.39670498263246,4505.215855712989,0.605102491689219,62.46727272727273
165,kabwe,2,2286.0812845528712,83086.73595643403,880.69881916052,2109.6296427364146,0.27980170218100714,62.75555555555555
166,kafue,2,3946.5418150680794,165466.4004775253,260.39154205807904,3937.942171097167,0.649857865380124,62.516363636363636
167,kalabo,2,4377.613152116521,885911.5163263658,148.4086959318572,4375.096772478908,0.08046301876893633,62.60545454545454
168,kalomo,2,2529.1896066912304,167006.0935462149,868.5245076880694,2375.3873886463525,0.21016825058377375,62.56181818181818
169,kalulushi,2,1712.8227388373134,59875.203139377176,702.1964675824336,1562.268176592261,-0.1738965935001295,62.53005464480874
170,kaoma,2,3313.6384337774048,211009.7613189599,543.5328825848103,3268.7569006207573,0.02166674260182322,62.67090909090909
171,kapirimposhi,2,3879.2797416630406,165991.5285590539,116.67419647467553,3877.5247834094184,0.14551333290623808,62.72727272727273
172,kaputa,2,3052.473155448508,182585.91062731834,648.9376610420969,2982.6954716858004,-0.24662514840544292,62.46545454545455
173,kasama,2,4297.723929501564,130442.2044846625,147.85588675656862,4295.179811249093,0.17806430557743108,62.36727272727273
174,kasempa,2,2996.592364360117,106869.7420667967,483.7336385641893,2957.290578394826,0.2128600940234632,62.661818181818184
175,katete,2,2053.9414704477467,132125.05724942236,784.2599295696377,1898.318183787028,0.17932557765350635,62.42545454545454
176,kawambwa,2,2640.595776568619,85776.27487533796,403.05174104635995,2609.654258569806,0.25654963754887494,62.60363636363636
177,kazungula,2,3566.1918787507952,322370.88953091914,504.7281206172076,3530.293761194151,-0.2030326493828968,62.42363636363636
178,kitwe,2,1903.4808532221057,76432.21776380396,877.8360981400323,1688.9769517034388,-0.5358646472975744,62.87012987012987
179,livingstone,2,4023.612869823078,518642.07751332497,296.5514298713923,4012.669656930052,0.48149383461021494,62.61454545454546
180,luangwa,2,3434.91876014572,660464.360899367,632.661178106681,3376.152650950143,0.1334896735349275,62.64363636363636
181,luanshya,2,1689.389996621438,65246.52898589686,726.7651471319923,1525.0740905276687,-0.3190924075760095,62.75187969924812
182,lufwanyama,2,1738.9759484839603,81515.27033061942,577.0619585145424,1640.438004144335,-0.11211870007368997,62.52459016393443
183,lukulu,2,3449.736579477143,382572.6756470448,602.7815480681857,3396.6655521395064,0.24610209538899702,62.47090909090909
184,lundazi,2,2253.787104278025,95251.65690919163,824.671718888923,2097.492042291153,-0.060037811248943355,62.81818181818182
185,lusaka,2,2012.0643399928504,66976.78166054182,799.0635954366494,1846.591530013803,0.24155279237362873,62.57326007326007
186,luwingu,2,4354.302754533586,127480.17242470132,121.73612861517371,4352.600693048763,0.13042862477322986,62.64909090909091
187,mafinga,2,3672.515015495842,101383.39189730362,214.14442103884627,3666.9775970139017,-0.2176139916773445,62.43818181818182
188,mambwe,2,1883.61328664105,132211.04542673525,801.9182428026652,1704.3843890011972,-0.019484523595989185,62.550909090909094
189,mansa,2,2028.3349806124925,68611.63446299566,654.0869364732686,1919.9773626559495,-0.38722919735515443,62.434306569343065
190,masaiti,2,2894.507567918277,129569.96214758715,424.44340395314697,2863.2187931726144,0.06137580257552694,62.53636363636364
191,mazabuka,2,4173.200132250761,220292.12802707122,148.92622529198482,4170.541969964822,0.15111428384932887,62.38363636363636
192,mbala,2,4454.1184682120265,183991.05613929708,131.4229993421824,4452.1791657694275,0.16140215081980538,62.732727272727274
193,milengi,2,1943.7607962119039,70953.53316748663,686.6057852204405,1818.4549839333815,-0.3607215793874205,62.6745886654479
194,mkushi,2,2924.7217310352185,88048.1932491236,459.46775160904616,2888.4055444519863,0.26187257316579315,62.77090909090909
195,mongu,2,3953.338240497904,680486.6326788815,169.63219071182448,3949.697224301804,-0.2113690204862088,62.62909090909091
196,monze,2,4095.786456131042,276942.2358804107,172.59388481047392,4092.148341049296,0.4059899977192664,62.72909090909091
197,mpika,2,3969.80777911561,118383.31980913584,244.01443497208805,3962.301194842723,0.4363314190346778,62.88727272727273
198,mpongwe,2,2438.3137358778818,84118.4777344083,711.2703436394798,2332.2667885192136,0.7310222033416586,62.56727272727273
199,mporokoso,2,2083.4647654965647,71834.68800299054,592.1662071193205,1997.5396397097043,-0.05530142467855919,62.57090909090909
200,mpulungu,2,3918.387747406097,151157.62818167734,456.09160834566705,3891.7532018126335,0.4423810572752934,62.594545454545454
201,mufulira,2,1480.7256496841903,45098.80415334404,648.0673202259887,1331.3741765889006,-0.4439194253987469,62.413919413919416
202,mufumbwe,2,2913.1643852631264,122821.43650809287,570.9048756674032,2856.6754030699176,0.10315178624580579,62.90181818181818
203,mumbwa,2,3499.030492879612,207795.3532126056,462.78966105828266,3468.290662519348,-0.13258931188931117,62.38545454545454
204,mungwi,2,4315.6660780217,134345.51575986727,158.14236953505934,4312.767636674278,-0.2221486270812448,62.56181818181818
205,mwense,2,4342.5139529034,183894.66146580738,121.72157449844664,4340.807677087563,-0.2748689609296767,62.35636363636364
206,mwinilunga,2,1749.9095013960357,51818.16422642861,781.5898505694369,1565.6629805175085,-0.5944509461221577,62.47636363636364
207,nakonde,2,4114.070979268451,146254.82839744323,161.8188626746536,4110.88733464462,0.3630209815137213,73.43260188087774
208,namwala,2,4115.66458020647,367375.5151251586,157.9063105131019,4112.634257245136,0.19927888162473825,62.474545454545456
209,nchelenge,2,2562.20430705045,111934.91828854944,620.8711431361054,2485.84189655914,-0.12156353501392056,62.769090909090906
210,ndola,2,3328.5585640949353,121729.01696206677,583.7795583714222,3276.9655997336017,-0.34800385711860643,67.13090909090909
211,nyimba,2,2717.0653492811725,162118.4629394122,666.5901235883431,2634.02766109221,0.2986645152009029,62.63090909090909
212,petauke,2,2790.8521850113707,162247.26811398056,622.6371174573344,2720.510786331707,0.4951364428885997,62.60727272727273
213,samfya,2,3985.256948567974,138625.75156364072,302.6201132796018,3973.750622918851,-0.2703201670091957,62.47090909090909
214,senanga,2,3855.724616858859,813658.3419528286,202.48208852832218,3850.4043066769755,0.07716706207345242,62.5
215,serenje,2,4225.217080177622,149579.91452062235,152.44236729195774,4222.466186872209,0.31718729918120436,62.46181818181818
216,sesheke,2,3858.486127392696,749877.7760822134,151.63413220835966,3855.505451329476,0.4536527097541422,62.730909090909094
217,shangombo,2,3912.796903640761,820236.9630346643,186.83125607067288,3908.3338765893304,0.19846728441762992,62.52363636363636
218,siavonga,2,3734.3468609940464,414443.9349891386,316.912256312562,3720.875313688295,0.2526988263042116,62.57090909090909
219,sinazongwe,2,3827.164868675498,417479.7381213061,225.24943808248722,3820.530542040917,-0.5248282241547151,62.663636363636364
220,solwezi,2,1821.0230830908135,104727.23419211479,730.2327108944493,1668.1982067755964,-0.46492171818845107,62.59744990892532
221,zambezi,2,4453.430463349979,240747.32421954258,145.14077086999828,4451.0647095414,0.14993472246097075,62.57272727272727
222,chadiza,3,5695.661266423371,261219.3635882501,612.463348874912,5662.635950519899,0.19810971251263704,111.12727272727273
223,chama,3,6565.060623032751,316247.55078668584,354.40350545218905,6555.4877117891365,-0.042103008352553754,110.22181818181818
224,chavuma,3,8390.570182257385,368081.7815470251,375.40921415171834,8382.167733069811,-0.2083432513670943,110.56545454545454
225,chibombo,3,6382.091560312084,327147.8824372503,318.6277168082722,6374.132808648425,-0.2577666310573232,111.03636363636363
226,chiengi,3,6470.263682191046,291758.27143740974,458.59238970595504,6453.991411303878,0.33233768120195095,110.22909090909091
227,chililabombwe,3,6444.851792383395,253684.26989897888,421.96689458471394,6431.023135214334,-0.278342456473767,117.27090909090909
228,chilubi,3,8769.162597920575,334393.5035988579,316.4163499245719,8763.452137272705,0.38014448567962544,110.10545454545455
229,chingola,3,5679.242784308744,190471.28574511266,864.2605254563753,5613.096502578662,-0.46152424232682177,110.33272727272727
230,chinsali,3,7292.6209223511205,220430.63612598786,347.8380182313017,7284.320739107128,0.22369830890886913,110.08363636363636
231,chipata,3,5771.150904870541,272093.1988575962,303.8897698967366,5763.144434641575,0.31576405728293955,110.76181818181819
232,choma,3,5998.439779672075,358624.8576891011,303.2919684010183,5990.767377578251,-0.46697913042431016,112.0490909090909
233,chongwe,3,5114.916830233804,229646.5953428984,845.9399036978234,5044.478155323973,-0.14111929755155014,111.74727272727273
234,gwembe,3,6069.083137606127,454304.72615806846,326.01545879734414,6060.320457847108,-0.07297123566055903,112.13818181818182
235,ikelenge,3,5098.185286184813,183418.9779389163,901.7763373100202,5019.360470126116,-0.006230781229132422,110.18
236,isoka,3,6738.728084233472,209286.322010276,393.6564377265114,6727.220139275465,0.12391841022718042,110.31090909090909
237,itezhitezhi,3,6641.629667645857,513078.22199509863,520.185553171272,6621.227350909006,-0.2809784182454575,111.74909090909091
238,kabompo,3,10037.894144060161,392864.36169208225,294.90045887073813,10033.561310258443,0.17583437172402522,110.81636363636363
239,kabwe,3,5378.0415693647155,195462.8310269944,518.4440284069052,5352.994200559543,0.24978735743831645,111.05656934306569
240,kafue,3,6477.8865968005875,271597.92752777645,365.8127289951726,6467.549443824439,-0.4335336464900592,112.18727272727273
241,kalabo,3,8274.636806527164,1674564.605320638,400.91765948233984,8264.918590660725,-0.27766126144534947,111.36
242,kalomo,3,5757.870466542042,380200.6188932211,532.2603761609084,5733.216479555443,0.39045801188955326,112.20363636363636
243,kalulushi,3,5263.718555437489,184003.9898053126,645.5437208921322,5223.983761007846,0.12235011674604844,110.27554744525547
244,kaoma,3,7622.9137157883615,485420.8556151665,342.6711736647478,7615.207809711666,0.3064595272224174,111.43454545454546
245,kapirimposhi,3,6202.5354716738875,265401.93346394936,335.790942483421,6193.439328863964,-0.10242895886396204,110.96181818181819
246,kaputa,3,6356.177848357487,380199.4191103765,452.35416614207617,6340.0609262312555,-0.33806603907823424,110.1
247,kasama,3,7236.464471100801,219637.27632798435,330.6761250408761,7228.9052657945485,0.26637109979060697,109.97454545454545
248,kasempa,3,6276.125840031661,223830.22718746282,346.06010422910776,6266.577851122099,0.09775706604432245,110.69636363636364
249,katete,3,5315.255763048603,341917.47043065756,492.8569022134132,5292.356365605209,-0.34751489623690857,111.19636363636364
250,kawambwa,3,6421.2553498192,208586.02017706938,428.1016372784235,6406.968804024352,-0.04368859782051042,110.34
251,kazungula,3,6484.511375652778,586176.4513565111,321.6291702148838,6476.530124830515,-0.21145670574128544,112.32
252,kitwe,3,5065.422780748735,203396.58073710353,788.8471916984861,5003.621494065838,-0.37682453182715286,110.1584699453552
253,livingstone,3,6541.39828722716,843183.6032174679,323.33394228237626,6533.402384202779,0.11468328040465318,112.46727272727273
254,luangwa,3,6436.2338950276435,1237555.6462645244,278.58986071497714,6430.201741859233,-0.2506473762118899,111.50181818181818
255,luanshya,3,5005.689716228768,193326.51419594747,881.6687162054661,4927.432374982232,-0.0686425780576045,110.36330275229358
256,lufwanyama,3,5440.464842617838,255024.20706672265,756.8172079157346,5387.567671738646,0.22490566675601983,110.48357664233576
257,lukulu,3,8642.717035929581,958469.525170823,324.2394355735847,8636.63282486678,0.3261554633687021,111.21090909090908
258,lundazi,3,5402.726712476879,228335.08551635128,552.2279383472965,5374.4302241093355,0.3010291382194297,110.35090909090908
259,lusaka,3,5278.494714641455,175708.39111443175,553.0398371376795,5249.443150567164,0.09185589068793694,111.84
260,luwingu,3,7112.584202416148,208233.9037094219,266.15893524074556,7107.602511230581,0.0070550481521157015,110.03272727272727
261,mafinga,3,7020.386381170639,193804.67629119265,381.5919242412772,7010.325597013902,0.1174469070282848,110.24545454545455
262,mambwe,3,5142.172581593601,360929.71821701725,818.0440163528624,5076.6862071830155,-0.12390143580335483,110.22727272727273
263,mansa,3,6772.508570684467,229090.79954287992,607.8175483347896,6745.178290299734,-0.3198075541037981,110.32363636363637
264,masaiti,3,5895.434976599119,263903.7103333206,337.9195414073779,5885.74242953625,0.4679412559842314,110.47454545454545
265,mazabuka,3,6621.046163723786,349507.40509670484,312.03670178416223,6613.689242692094,-0.23848188221888136,112.01818181818182
266,mbala,3,8489.528891627273,350686.0892998645,310.51499066402477,8483.848256678519,-0.1771255884427099,109.90545454545455
267,milengi,3,5715.2386096917435,208624.627599833,744.9641163193481,5666.478697666456,-0.4963510666390979,110.25272727272727
268,mkushi,3,5767.044232918426,173615.7733257294,516.6354861324577,5743.856453542895,-0.5272846587948096,110.35818181818182
269,mongu,3,6900.417548161067,1187766.2916176366,336.04855837829086,6892.229951574531,-0.06794977176182716,111.63454545454546
270,monze,3,6649.901245183573,449642.22108510823,334.1408837174258,6641.501068322025,0.07783965892843916,112.32
271,mpika,3,7167.474243795126,213740.6753270992,383.44225249046303,7157.210285751815,0.2691155323336957,110.37454545454545
272,mpongwe,3,5890.729278381951,203222.07612245367,464.2290244372649,5872.408606701033,0.33923309076032593,110.82909090909091
273,mporokoso,3,5939.006497523667,204767.8875412447,719.2173747407036,5895.296815725178,-0.0643365790281715,110.60877513711152
274,mpulungu,3,7092.668495348722,273610.2234766167,287.3794228264787,7086.844110903545,-0.2955474715301911,109.87454545454545
275,mufulira,3,4918.221120895714,149795.40008739827,1090.7217318402854,4795.750733484387,-0.20467720696809813,109.9872495446266
276,mufumbwe,3,6940.823780786988,292630.91077807173,492.1226663350988,6923.355403069917,-0.04151035359947218,110.84363636363636
277,mumbwa,3,6573.719507200012,390390.52951923513,314.07294952957596,6566.212480701166,-0.037202702561573125,111.23818181818181
278,mungwi,3,7264.55231999456,226143.54552694893,183.11878628481963,7262.244000310642,-0.2097493574098752,110.28363636363636
279,mwense,3,7413.252722683443,313932.8081805872,329.14393013014944,7405.942222542109,-0.09381303345097564,110.5490909090909
280,mwinilunga,3,5585.2720087651105,165390.57703759777,1075.5739412343748,5480.73025324478,-0.5195647826741434,109.84
281,nakonde,3,6563.121876237412,233318.35269679572,320.83131397120366,6555.275435122585,-0.35198038470497345,123.66666666666667
282,namwala,3,6745.324335351082,602106.1614942282,417.6007198005085,6732.385166336044,-0.28856353967621995,112.18
283,nchelenge,3,6540.74016782012,285745.05718257796,634.1168297794172,6509.929169286412,0.07409271459752112,110.23272727272727
284,ndola,3,6349.775298384334,232218.20800755892,436.9186606813859,6334.725599733602,-0.10702229177622216,117.55272727272727
285,nyimba,3,6390.304409352641,381288.7050483638,384.75008499149124,6378.711297455847,-0.2874599798940541,111.11090909090909
286,petauke,3,6026.388676228643,350346.42986910517,534.261055234519,6002.6598772408,0.2883892684800706,111.35272727272728
287,samfya,3,8265.564832792114,287514.7454307893,392.9733638586923,8256.217895646125,-0.483222999190752,110.28
288,senanga,3,6192.831422598833,1306848.7633357332,310.7899170409104,6185.027943040612,0.04812540050617272,111.7690909090909
289,serenje,3,7110.863715716927,251736.7431261115,326.5717225019277,7103.360732326753,0.3511279816989167,110.75090909090909
290,sesheke,3,5983.7143868427065,1162905.4217045486,244.91674455443365,5978.699996784021,0.06262990774990443,112.26181818181819
291,shangombo,3,6318.4870686356835,1324540.1618799067,340.21386112645206,6309.321149316603,0.09968751617788144,112.05636363636364
292,siavonga,3,6361.351087124198,705993.1694972217,231.1564882420065,6357.14985914284,-0.2862918938091679,112.09454545454545
293,sinazongwe,3,6314.713590294629,688829.7385786808,281.21597730605544,6308.448723859099,-0.36742515118062274,112.89272727272727
294,solwezi,3,5501.530735455848,316393.6268008687,760.8887198233756,5448.659357053889,-0.4950765331289432,110.30363636363636
295,zambezi,3,9559.912634787466,516797.87200863083,218.4067838925761,9557.417436814127,0.2796046250277907,110.87454545454545
296,chadiza,4,2345.7301044538185,107581.91127823277,223.3730103897569,2335.070495974444,0.46121607417516214,86.04545454545455
297,chama,4,2521.199192268616,121449.46031465502,79.48622765946429,2519.9458936073192,0.7031832241468619,86.01272727272728
298,chavuma,4,2474.7102160869294,108561.84089563681,99.57967705789422,2472.7059148879925,0.1682684329405706,85.86909090909091
299,chibombo,4,2533.2720610077026,129856.26773984931,89.02363878852073,2531.707354102971,0.24292271623723943,86.27454545454546
300,chiengi,4,2482.8444750024473,111956.86108874847,108.0278923510108,2480.4932294856953,-0.06902633044643268,86.02545454545455
301,chililabombwe,4,2436.5675512167413,95908.9332388469,221.43216248869723,2426.4849533961515,-0.8450500700763771,92.3
302,chilubi,4,2553.9096615781614,97387.95353305525,84.36696533567373,2552.515773636341,0.30146672652328943,86.11272727272727
303,chingola,4,1963.6358545806975,65856.71015695315,409.7659403803812,1920.4055934877529,-0.4702233763575585,86.38363636363637
304,chinsali,4,2537.721299184248,76706.51282245805,111.02094807136214,2535.291648198038,0.45801286411164444,85.92181818181818
305,chipata,4,2318.943896602241,109331.54810859282,205.88409811554325,2309.7862528233936,0.03826061310777197,86.06727272727272
306,choma,4,2517.2373958521675,150496.45174674378,88.11659038324734,2515.694650305524,0.5323754841155498,85.91818181818182
307,chongwe,4,1993.3757643959989,89497.4391033576,384.8399721481756,1955.8745189603358,0.04898350214548383,86.26181818181819
308,gwembe,4,2529.996779336743,189384.37123976136,89.96230636533429,2528.3968214834717,0.6218491536946672,85.94181818181818
309,ikelenge,4,1895.650093314356,68200.3856524657,350.53401762167954,1863.7207150240752,0.21088866753121654,85.98907103825137
310,isoka,4,2528.5602550594585,78530.11267822287,105.63217857304645,2526.3528665481917,0.2272706778525814,86.16363636363636
311,itezhitezhi,4,2537.6976505313824,196041.85473311573,79.8240056885263,2536.441896363553,0.3132545728749927,86.04545454545455
312,kabompo,4,2552.46566092802,99898.7216073431,77.86642988232397,2551.277673894807,0.12272629376758952,85.9290909090909
313,kabwe,4,2192.303773768176,79678.42876724168,220.84141518090206,2181.1521968489687,0.29964905156251104,86.03454545454545
314,kafue,4,2546.1083248087025,106750.51715490068,84.98962377047644,2544.6894438244385,0.43712641444469486,85.96545454545455
315,kalabo,4,2547.0216505353487,515448.8837029593,71.79774000792935,2546.0094997516335,0.4379220783169764,85.88727272727273
316,kalomo,4,2253.134241667318,148777.75353044536,314.83740129378435,2231.0292068281706,-0.0728097328288436,85.94181818181818
317,kalulushi,4,1878.9521783294674,65682.59564502302,382.57325379920024,1839.5920726961572,-0.1527817242642675,85.75818181818182
318,kaoma,4,2460.1083688907074,156657.67105032172,150.05453148346373,2455.5278097116666,0.031659916519184615,86.16727272727273
319,kapirimposhi,4,2529.7403025505096,108245.7279808817,77.0515390221943,2528.5666015912366,-0.27609096851931536,86.11272727272727
320,kaputa,4,2409.8553160642323,144147.25534220814,127.00269148337544,2406.5063807767096,-0.564190965062381,85.78727272727272
321,kasama,4,2546.474305819979,77289.21809857443,82.26157186037956,2545.1452657945483,0.5797650210348546,86.21818181818182
322,kasempa,4,2434.006373854227,86805.81198046467,116.62826185834732,2431.2105783948264,0.3280126460882863,85.98363636363636
323,katete,4,2074.017591301552,133416.50525576554,368.2804086892063,2041.0581837870275,-0.1422710914661882,86.00727272727272
324,kawambwa,4,2383.185809570025,77414.65122932312,133.18192074488,2379.461531297079,0.010044127234673217,86.09454545454545
325,kazungula,4,2504.51916278235,226399.50339301385,98.69552434919497,2502.5737611941513,0.5361955361179104,86.06181818181818
326,kitwe,4,1881.3953977850783,75545.40015462328,375.9076022899393,1843.4592800893386,-0.5539648059588916,85.98715596330275
327,livingstone,4,2557.8749053666234,329709.04454753816,86.40491492957322,2556.415111475506,0.7217973378655103,86.10545454545455
328,luangwa,4,2415.4260487839906,464436.8420352753,164.07159146148967,2409.847196404688,0.43996450132584375,86.16727272727273
329,luanshya,4,1883.9076265792207,72759.06321818779,479.25385861273367,1821.9285618509193,-0.3926797681001346,86.01642335766424
330,lufwanyama,4,1950.1918746067988,91416.1107252467,325.5762032861901,1922.8230505265246,-0.1374609156495108,85.74181818181818
331,lukulu,4,2488.5397602374483,275976.8152130596,119.87164489025511,2485.6510066849605,0.5073753555666833,86.2690909090909
332,lundazi,4,2161.9421562646417,91370.01988127202,338.37625069960916,2135.2974968366075,0.02729080106605972,85.96
333,lusaka,4,2119.597653747164,70556.30699350547,222.53727176707378,2107.883150567163,0.20493975746250764,86.30181818181818
334,luwingu,4,2558.6188936726003,74908.24504448586,84.84966081638368,2557.211602139672,0.5773097552891121,86.46
335,mafinga,4,2526.789301263569,69754.50580624276,72.00038294308467,2525.7835970139017,-0.4229871488588066,85.9290909090909
336,mambwe,4,1935.595543889123,135859.68637822522,419.85210457439183,1889.5116617284696,-0.06270245017888681,85.82
337,mansa,4,2224.039212596198,75231.63922358633,238.14137719886648,2211.25283575428,-0.311636333418098,86.02727272727273
338,masaiti,4,2411.7855873330927,107961.35782211504,134.513626853659,2408.031520445342,-0.5913032822271057,86.13090909090909
339,mazabuka,4,2557.406971520055,134998.7074987392,72.01295642126986,2556.39287905573,0.21268597096766628,85.74727272727273
340,mbala,4,2547.6126357735625,105236.97176782932,83.36640399300124,2546.2482566785184,0.44396332858386905,86.1290909090909
341,milengi,4,2131.512045785145,77807.05883782315,268.78717971082125,2114.4968794846395,-0.5044453528873214,86.2
342,mkushi,4,2423.3369039462996,72954.0980812808,147.56140921324823,2418.8400899065314,0.6248657174671691,86.19090909090909
343,mongu,4,2531.3461007627006,435719.65753071517,75.59020897580609,2530.2172243018035,0.3763419577980714,86.15272727272728
344,monze,4,2546.127774102041,172159.93220093608,78.49781250543587,2544.9174319583876,0.5132634387417891,86.0909090909091
345,mpika,4,2551.488089832723,76087.72195896083,69.971484715468,2550.528467569996,0.586625969378987,86.05818181818182
346,mpongwe,4,2243.379624191274,77393.51839373395,230.88549103901548,2231.4667885192143,0.7485997470474716,86.20727272727272
347,mporokoso,4,2127.634218014299,73357.5833710426,288.23699322517126,2108.0196397097043,0.16171525934498898,85.80181818181818
348,mpulungu,4,2539.549201382302,97966.88298286413,98.0199872408804,2537.6568381762704,0.6755257366459502,86.20363636363636
349,mufulira,4,1807.956234618391,55065.341888460105,463.6714568704251,1747.4880618702855,-0.13087709365056555,85.84517304189436
350,mufumbwe,4,2333.704299356332,98390.91672341993,135.17209957044318,2329.786312160827,-0.6011296141971885,86.29818181818182
351,mumbwa,4,2467.0444930864955,146509.2638876182,135.38276507465707,2463.327026155712,0.246931728002941,85.98
352,mungwi,4,2542.547827639114,79148.82501866017,74.35505577116103,2541.460363947005,0.14848011750598666,86.16
353,mwense,4,2553.641005802095,108140.34298109864,68.15590832529598,2552.7313134512,0.11919652159072978,86.22181818181818
354,mwinilunga,4,1990.1815622638949,58933.07908296291,335.9114965695397,1961.6284350629628,-0.42950156752556296,86.13090909090909
355,nakonde,4,2683.495069513184,95397.99212866861,101.11938210584613,2681.589203935625,0.3712209122793326,99.24683544303798
356,namwala,4,2549.9530173080398,227615.80420907322,72.58576529700068,2548.91971179059,0.5443239101400444,86.18727272727273
357,nchelenge,4,2315.899075903869,101174.5913908974,194.89587602554698,2307.6837147409583,0.18086540918033203,86.05454545454545
358,ndola,4,2462.7710067696416,90066.22172449705,149.37971236897127,2458.236508824511,-0.3644782790152251,92.40363636363637
359,nyimba,4,2393.775206403216,142828.79032969626,192.09786981240345,2386.054933819483,-0.2724428607705642,86.14727272727272
360,petauke,4,2376.351722631778,138150.12387457807,186.18031819496312,2369.047149968071,0.1853449728023455,86.24181818181818
361,samfya,4,2532.289171673528,88084.78201784499,76.59124426088276,2531.130622918851,0.3448956520893969,86.11272727272727
362,senanga,4,2519.507407265371,531681.7001322826,60.20692035233142,2518.7879430406133,0.1554228229046844,86.11090909090909
363,serenje,4,2549.415156810611,90253.65892378698,75.98476524408674,2548.2825505085716,0.06975630278316695,86.05454545454545
364,sesheke,4,2519.180709327023,489590.3640674411,65.56836036685512,2518.3272695112933,0.15045172907528442,85.88727272727273
365,shangombo,4,2530.1245789784575,530388.300713904,80.57807812303649,2528.8411493166027,0.5918794042323153,85.96181818181819
366,siavonga,4,2505.5047371575483,278065.0220920004,83.15620372950794,2504.124404597386,0.39892228827174686,85.89454545454545
367,sinazongwe,4,2538.4948610582387,276907.37299844605,89.56902940770163,2536.9141784045537,0.4036907310760371,86.41636363636364
368,solwezi,4,1958.3775375269245,112626.50370200237,465.04251251454104,1902.3611752357078,-0.4531348983880388,86.1290909090909
369,zambezi,4,2546.4928722473846,137660.47324258336,81.61337343470478,2545.1847095414,0.7329943694997848,85.5909090909091
370,chadiza,5,3283.6474636031394,150597.49176924195,521.0192281004724,3242.048677792627,-0.16807495824789442,85.68545454545455
371,chama,5,3660.1354424977503,176313.50808497806,135.8089925933798,3657.6149845164095,0.5230265965116304,85.61454545454545
372,chavuma,5,3642.6606409185897,159798.0815553845,145.32837377645214,3639.760460342538,0.2790940418507447,85.75454545454545
373,chibombo,5,3658.526150261334,187537.12189625393,114.1883309271461,3656.743717739334,0.04660139044981798,85.72363636363636
374,chiengi,5,3499.5613492361445,157802.8377502775,215.75522191115027,3492.9041385766045,-0.44340019529721675,85.75636363636363
375,chililabombwe,5,3435.3492575971304,135223.29082748957,365.9079404921924,3415.8067715779703,-0.8677456015424572,91.62363636363636
376,chilubi,5,3714.7180531579565,141652.93103037847,126.3540284891382,3712.568500909068,0.26550439883303606,85.51272727272728
377,chingola,5,2604.117071994279,87337.2640986541,613.8841056079852,2530.7255934877526,-0.623169644636869,85.31454545454545
378,chinsali,5,3670.8373457820658,110956.68071348223,116.39202997356038,3668.991648198037,0.4374710842944239,85.79272727272728
379,chipata,5,3218.9381105261514,151763.69182765883,441.39337387547,3188.531707368849,-0.1403685898214258,85.5909090909091
380,choma,5,3551.799630667136,212349.15809354643,176.655917601866,3547.403741214614,0.08581901825611532,85.57636363636364
381,chongwe,5,2805.3585876011093,125953.37710097402,554.1271903936342,2750.087246233063,-0.0055164257605863866,85.66545454545455
382,gwembe,5,3586.5995888562443,268476.9852562403,150.28620130528157,3583.4495487561985,0.6311278089483395,85.78
383,ikelenge,5,2702.003258775899,97210.8011561059,686.8964663583702,2613.8098986975447,0.2172207703989137,85.77049180327869
384,isoka,5,3621.438485849512,112471.89849716573,128.8993329880237,3619.143775639101,0.06898896519720474,85.63272727272727
385,itezhitezhi,5,3653.7534179769227,282259.2347231237,122.5310462357581,3651.698259999917,0.11573953816419215,85.74
386,kabompo,5,3687.1230989075657,144307.08691918355,106.30212283613326,3685.5904011675343,0.5156821021595116,85.71454545454546
387,kabwe,5,3066.9220970588062,111466.09186607189,497.6270860724964,3026.28128775806,0.6358997681249777,85.58181818181818
388,kafue,5,3678.198323108041,154215.5804465126,118.93601527811059,3676.274898369893,0.23606948084532572,85.81818181818181
389,kalabo,5,3696.152149889246,748002.0828469452,121.60080321049412,3694.151317933452,0.34117363421275204,85.68909090909091
390,kalomo,5,3246.9972812148094,214403.98547275353,291.5055082800941,3233.885570464534,0.21317494319160274,85.68909090909091
391,kalulushi,5,2658.133836419365,92920.4755509603,630.7138532236659,2582.222981787066,0.07343201956660554,85.57272727272728
392,kaoma,5,3515.1526101040963,223842.0177943924,219.37459861309358,3508.300536984394,0.04386876420024672,85.48
393,kapirimposhi,5,3629.7213002311237,155313.10629597152,115.22129304868464,3627.892056136691,0.15953969445067254,85.37636363636364
394,kaputa,5,3447.5669751461996,206218.73593946398,179.9350236023531,3442.868198958528,-0.3313784825623149,85.4090909090909
395,kasama,5,3690.868400493377,112023.2519632718,108.02944860407558,3689.2870839763664,0.3762386398574566,85.48181818181818
396,kasempa,5,3388.512081841903,120847.0716550052,234.14986196770963,3380.4123965766444,-0.027596864727410412,85.37818181818182
397,katete,5,2905.276775901572,186889.386024098,492.675658980326,2863.198183787028,0.17325174970680107,85.49090909090908
398,kawambwa,5,3344.276323490989,108634.41035856454,317.9585507537338,3329.126985842534,0.6247059378983922,85.51454545454546
399,kazungula,5,3594.536848975517,324933.17265413457,101.78072563952254,3593.0955793759695,0.3951084346488544,85.48
400,kitwe,5,2741.387036282413,110077.43554516214,674.923908007783,2657.0059467560054,-0.6299160382940266,85.71818181818182
401,livingstone,5,3638.621720369377,469016.8734897355,133.01429539232277,3636.1896569300516,0.2772504699503696,85.78
402,luangwa,5,3490.3852811248885,671129.4341915991,189.95312145459687,3485.2126509501436,0.6750198949395938,85.45818181818181
403,luanshya,5,2600.8140335841017,100446.95929805355,709.7308191174727,2502.102276423337,-0.397084321562932,85.72356215213358
404,lufwanyama,5,2722.6000191039816,127623.08573208979,679.5272279791699,2636.4357777992514,-0.03392491965300252,85.77818181818182
405,lukulu,5,3610.838428807024,400438.72545400163,191.9162392002841,3605.7346430485977,0.48877583462454693,85.41636363636364
406,lundazi,5,3028.135023813486,127977.87236225483,562.1052114398605,2975.506587745699,0.0956536135427884,85.73636363636363
407,lusaka,5,2856.4129609198003,95083.11608790155,504.00756246742986,2811.59587783989,0.2831050344794451,85.53818181818181
408,luwingu,5,3690.1449986186344,108035.74009782929,109.23166444865659,3688.5279657760348,0.3385179866830286,85.58545454545454
409,mafinga,5,3664.3327260172123,101157.51174233382,106.99164909248492,3662.7835970139013,-0.26940970401955844,85.7309090909091
410,mambwe,5,2797.020081629858,196323.17933544394,698.178594367208,2708.4807526375607,-0.02039793819172961,85.77454545454546
411,mansa,5,3183.9351805314814,107701.63648931973,384.80277319923056,3160.596472117916,-0.1467337097945258,85.66181818181818
412,masaiti,5,3426.7027017493683,153393.18655712565,235.528549214668,3418.598793172615,-0.30593429928662164,85.65272727272728
413,mazabuka,5,3692.2974488598175,194906.5552913148,110.06787019513936,3690.6565154193663,0.36842584870702766,85.73818181818181
414,mbala,5,3699.9989396639285,152839.830705338,142.691718532167,3697.2464384966997,0.045816137212917614,85.77818181818182
415,milengi,5,2996.4003585680675,109378.26950675395,439.0080090166021,2964.06597039373,-0.468654115199879,85.71818181818182
416,mkushi,5,3359.227108981009,101128.89527940293,307.1995501613503,3345.1509989974406,0.44119678080130115,85.65272727272728
417,mongu,5,3669.275897765205,631591.0878714877,140.0847689369176,3666.60086066544,0.21681582884987308,85.72727272727273
418,monze,5,3679.967449045728,248826.06166644554,108.90548486886074,3678.3556137765695,0.43262390896062985,85.74363636363637
419,mpika,5,3657.536189307106,109071.09374164519,123.93758368028564,3655.435740297268,0.3769118501984631,85.62727272727273
420,mpongwe,5,3084.7332447717863,106419.06369505859,478.98116880921407,3047.3195157919413,0.6664975980443637,85.71636363636364
421,mporokoso,5,3070.6106398195097,105869.97243388773,400.2122303680615,3044.417821527886,0.0110958908408325,85.6290909090909
422,mpulungu,5,3662.243605245567,141276.4873917576,114.0938480694302,3660.465929085361,0.3766438209108059,85.44363636363636
423,mufulira,5,2626.672823323413,80001.18270338533,623.66275686295,2551.559304912957,-0.23167690231933624,85.8688524590164
424,mufumbwe,5,3272.8898580247746,137987.76201194793,267.24405727090783,3261.9608576153723,-0.1376057785078175,85.65636363636364
425,mumbwa,5,3598.717518313882,213715.42184389682,143.02378561633364,3595.874298882985,0.06761235046535409,85.72
426,mungwi,5,3710.5421994290973,115508.17336626847,141.19272138087882,3707.854909401551,0.014166837262875313,85.86545454545454
427,mwense,5,3689.2632124005677,156231.11793320964,94.34154125424588,3688.0567679966553,-0.16267009681127992,85.46363636363637
428,mwinilunga,5,2718.722530064953,80506.56930350237,662.7663057370967,2636.7011623356902,-0.5064781620055834,85.53272727272727
429,nakonde,5,3689.5745515492604,131164.02114004447,114.75417133930249,3687.789561729378,0.4201656034648379,98.19161676646706
430,namwala,5,3672.410498325484,327809.439345925,125.08279429886524,3670.2797117905898,0.43348657456888956,85.50727272727272
431,nchelenge,5,3295.735715256718,143980.67592532968,187.17249516077072,3290.416442013685,0.06321003857193923,85.54181818181819
432,ndola,5,3497.7626271958857,127916.99409109972,242.06399127489516,3489.37650882451,-0.37588720522168895,91.18545454545455
433,nyimba,5,3370.249691996276,201091.8507841609,340.366647026622,3353.0185701831197,0.2179061387290014,85.71272727272728
434,petauke,5,3197.3401349477276,185878.60185233754,380.50508228425286,3174.6180590589797,0.5325591472605857,85.22909090909091
435,samfya,5,3655.3114409652185,127148.71393300204,108.65865806812211,3653.6960774643057,0.39141095246359975,85.56181818181818
436,senanga,5,3635.5027125397137,767185.7830085161,86.19878190735533,3634.4806703133404,0.19808967259047316,85.73272727272727
437,serenje,5,3689.6144320855833,130618.6642940995,101.8644634287049,3688.208005054026,-0.04883164439802669,85.48545454545454
438,sesheke,5,3613.903736297181,702344.3929241122,109.04616611426188,3612.258178602203,0.1437566918266941,85.72727272727273
439,shangombo,5,3653.068440954323,765790.2614311747,113.50064477804142,3651.3047856802386,0.46988442895357185,85.61454545454545
440,siavonga,5,3614.9389828506646,401191.85297089955,122.13032987388078,3612.8753136882947,0.4075150707013316,85.66545454545455
441,sinazongwe,5,3620.870179534771,394976.43456540455,96.80114658381709,3619.5759965863717,0.11574646061515574,85.56363636363636
442,solwezi,5,2758.40618355003,158636.2375436266,670.2414240852933,2675.7393570538898,-0.45345959100947597,85.63272727272727
443,zambezi,5,3692.2391590204293,199598.19856357045,125.26031745418642,3690.1138004504905,0.28203624118124065,85.85272727272728
444,chadiza,6,5867.160759025183,269084.8222624253,352.3597563948183,5856.570495974444,0.11739243057766298,118.44727272727273
445,chama,6,6483.617517366568,312324.3299400985,254.18183957955677,6478.633166334592,0.07279218899392727,117.67818181818181
446,chavuma,6,8450.100506890818,370693.2879728318,337.2079440839598,8443.36955125163,-0.04537925358080365,118.17454545454545
447,chibombo,6,6510.858687577869,333748.5230915611,237.20105256516382,6506.5364450120605,0.24088980592175624,118.7690909090909
448,chiengi,6,6916.123889885413,311863.0785811554,339.4298121825958,6907.789593122058,0.502713175072628,117.60727272727273
449,chililabombwe,6,6707.935063045236,264039.8357972295,569.610921238768,6683.70677157797,-0.1430507204768653,124.92727272727272
450,chilubi,6,8464.81789113399,322787.9606900896,210.3111041426366,8462.204864545432,0.02775993748546211,117.63818181818182
451,chingola,6,5796.397705402064,194400.44484246016,718.2763306184039,5751.721957124116,-0.6369799679453486,117.45818181818181
452,chinsali,6,7368.225876623527,222715.911658885,236.14649928337684,7364.440739107129,0.004576590613602489,117.58545454545454
453,chipata,6,5914.975975712221,278874.1380924733,450.5720988432141,5897.78988918703,0.6219414191598802,118.60545454545455
454,choma,6,6198.442435316459,370582.2877129848,355.04646219864736,6188.265559396433,0.28214602922715265,119.5490909090909
455,chongwe,6,5514.410968419311,247582.85349502822,472.9838061710083,5494.089064414881,-0.020321650009688257,119.06363636363636
456,gwembe,6,6320.896381401647,473154.3520688814,351.80253670398656,6311.098639665289,-0.36567993385964404,119.46545454545455
457,ikelenge,6,5479.239623587264,197128.28687575413,584.5213694281872,5448.602470126116,0.11651546616306538,117.82545454545455
458,isoka,6,6964.984254317104,216313.21507926992,552.242754827049,6943.056502911827,0.17566243394939338,117.59636363636363
459,itezhitezhi,6,6709.421898852327,518315.2977119121,308.3063567387049,6702.334623636281,-0.5518363088452279,119.32909090909091
460,kabompo,6,9504.593309909726,371991.96666664316,265.99926127595177,9500.870401167535,0.14864450128914636,118.23272727272727
461,kabwe,6,5642.905280644768,205089.19969212747,424.6180869297276,5626.906742303515,0.018469066062655373,118.55090909090909
462,kafue,6,6889.6754881889765,288862.9734356942,334.2610026258945,6881.562171097166,-0.15586066141412067,119.57454545454546
463,kalabo,6,8348.631194288164,1689539.0852445425,205.32835985783834,8346.105863387997,0.2888268850312796,118.89818181818181
464,kalomo,6,5781.516374242333,381761.99280640355,306.5136871072964,5773.385570464536,0.35686410441469685,119.96363636363637
465,kalulushi,6,5488.0009818502995,191844.23826626845,597.5536170392452,5455.3720726961565,0.16407877533195808,117.67454545454545
466,kaoma,6,7991.824987540569,508912.8210048751,316.6445513948322,7985.549627893485,-0.11685774196396777,119.05272727272727
467,kapirimposhi,6,6204.549495574606,265488.1120661894,302.62698211692026,6197.164783409418,-0.05678838452947701,118.33636363636364
468,kaputa,6,6421.5340962473865,384108.75079929305,480.3060467131765,6403.546380776709,-0.14688564570486934,117.25090909090909
469,kasama,6,7155.684523941186,217185.4868323113,178.7842214472258,7153.450720340004,0.16850455221173893,117.47272727272727
470,kasempa,6,6569.372437558947,234288.50259803867,350.0482259891415,6560.0396693039165,-0.12334775946772748,118.23454545454545
471,katete,6,5582.69436083393,359121.1447083811,405.2866253582394,5567.963638332483,-0.025757491582542168,118.41818181818182
472,kawambwa,6,6535.793748468723,212306.64915539388,366.74360910859593,6525.496076751625,0.20575548356137743,117.4890909090909
473,kazungula,6,6463.648789255109,584290.5487568764,313.5121036927026,6456.041033921423,-0.008903648600325477,119.94
474,kitwe,6,5217.102744309671,209487.125848535,846.4336203600177,5147.98127143133,-0.4783388651192001,117.60655737704919
475,livingstone,6,6667.505343450587,859438.7519469439,292.7556390980449,6661.075111475508,0.22688205670790457,120.14909090909092
476,luangwa,6,6736.062752781928,1295206.5803167375,258.7616865733188,6731.0908327683255,-0.49831264918251594,119.32
477,luanshya,6,5151.927455506904,198974.41368258157,1014.1473833911559,5051.124784794642,-0.27639047267306255,117.91621129326047
478,lufwanyama,6,5706.914707741129,267514.16289619653,565.821522638905,5678.7957777992515,-8.591790289959309e-05,117.62727272727273
479,lukulu,6,8614.650023789743,955356.9188357088,234.94794086633166,8611.445552139507,0.17515074201555653,118.49454545454546
480,lundazi,6,5639.65531913145,238348.38371572283,521.4598753663057,5615.49567865479,0.18079537243776092,117.7690909090909
481,lusaka,6,5615.741808234089,186934.5355792188,452.3903379553536,5597.4904232944355,0.16480796812821258,119.17636363636363
482,luwingu,6,7291.262132898144,213465.0267319581,247.3266083962189,7287.066147594217,0.12966413573878002,117.60727272727273
483,mafinga,6,7215.831639465517,199200.13502521339,319.3334355476797,7208.875597013901,0.45789991464682156,117.7090909090909
484,mambwe,6,5613.732747998044,394028.5835860942,717.4426396626142,5567.698934455743,-0.1910354904846564,118.2909090909091
485,mansa,6,6874.168504529426,232529.60737648365,469.2617988002912,6858.132835754281,0.09789165248852717,117.56
486,masaiti,6,6091.356037774378,272673.93597092375,366.5869239476315,6080.315156808978,0.18368571642915105,118.36363636363636
487,mazabuka,6,6822.951702813544,360165.46113451745,276.39546256693006,6817.351060873913,-0.526193451344533,119.04363636363637
488,mbala,6,8653.824253040999,357472.8142783389,188.12620572020515,8651.779165769427,0.1436353164476246,117.80909090909091
489,milengi,6,6089.315023445482,222279.6222278638,524.5087284272905,6066.683447202635,-0.3349881028310301,117.71402550091075
490,mkushi,6,5822.0884477599275,175272.86897834565,354.1775861925777,5811.305544451985,-0.019965987706297567,118.44727272727273
491,mongu,6,7259.922201934104,1249647.6932068896,401.987181097429,7248.784497029075,0.3420062606728541,118.92181818181818
492,monze,6,6487.641371039791,438670.7964709693,227.73993834017747,6483.642886503843,0.43085546267096725,119.52545454545455
493,mpika,6,7122.038006499402,212385.72493403463,336.67748266829096,7114.075740297268,-0.021475989620394192,117.51454545454546
494,mpongwe,6,6200.011765337355,213891.89748702623,437.12369461629424,6184.583152155578,-0.04358060904457478,118.02
495,mporokoso,6,6296.1586002255035,217081.94741500684,318.35113129356273,6288.105094255158,0.5728779594870174,117.96363636363637
496,mpulungu,6,7394.066143337602,285237.08547864656,325.7766147716812,7386.885929085362,-0.2571590976005665,117.76545454545455
497,mufulira,6,5139.121614757943,156523.4176051568,764.5800617970824,5081.927616601268,-0.31722178258606815,117.68727272727273
498,mufumbwe,6,7075.42906112445,298305.9814937012,453.6084404350088,7060.873584888101,0.22649641762158665,118.23272727272727
499,mumbwa,6,6541.611278737293,388483.73256847437,407.5811456974848,6528.901571610258,0.4327953582312455,119.19090909090909
500,mungwi,6,7452.52926185101,231995.21679810618,243.24471022809658,7448.558545765188,-0.48213395482561683,117.85454545454546
501,mwense,6,7300.880312855496,309174.11621378514,185.61586617922822,7298.520404360292,-0.4043128192718768,117.48181818181818
502,mwinilunga,6,5817.375465828942,172263.60392616567,818.5758989698846,5759.495707790236,-0.5812376465106498,117.76727272727273
503,nakonde,6,6553.891447271198,232990.21183308886,374.1244903776119,6543.204411319752,-0.4971169757431526,129.8323353293413
504,namwala,6,6734.471077782638,601137.3699388694,308.21763237317924,6727.414257245136,0.10346474308001288,119.25090909090909
505,nchelenge,6,6801.993139467653,297158.4054286714,337.28739642143825,6793.625532922777,-0.02543144712493846,117.4509090909091
506,ndola,6,6450.695538140744,235908.97124352565,322.49256111424666,6442.6292360972375,-0.19830342792796726,125.19090909090909
507,nyimba,6,6496.96307986988,387652.6814348686,266.54528849922053,6491.493115637664,0.32209196852896355,118.84363636363636
508,petauke,6,6225.889265298097,361944.47355536255,362.62372692573007,6215.319877240799,0.04376241386504477,118.52909090909091
509,samfya,6,8009.341572633516,278602.1100685111,281.6760490014339,8004.386986555214,0.14137680147986464,117.30181818181818
510,senanga,6,6571.186942656685,1386691.634834624,307.46747780666925,6563.989761222431,0.02756728135968414,119.87636363636364
511,serenje,6,7019.519013353643,248502.9843600797,296.4752730094791,7013.255277781299,0.1768967050263115,118.30363636363636
512,sesheke,6,6111.20928792263,1187683.427825887,190.1894936322576,6108.2490876931115,0.004488969376999632,120.02
513,shangombo,6,6381.0810255400265,1337661.6906430705,349.0612994661621,6371.5266038620575,0.6152102286270857,119.45636363636363
514,siavonga,6,6546.843059839645,726579.3726386792,233.51659100457886,6542.677131870113,-0.03952728912615308,119.80363636363636
515,sinazongwe,6,6450.099263545945,703598.0533374585,324.6615189260312,6441.923269313645,0.16517186355486438,120.33454545454545
516,solwezi,6,5578.3604333654675,320812.1110258097,784.6833647520867,5522.895720690253,-0.3786834940382033,117.68545454545455
517,zambezi,6,9298.8478980048,502685.012866506,276.3342411113399,9294.741073177764,0.1080777274411706,118.42363636363636
518,chadiza,7,5852.123749069873,268395.1818524606,401.0561275526196,5838.36504142899,-0.6189345516254537,121.34
519,chama,7,6805.836875254516,327846.0575522723,376.46520447543094,6795.416802698228,-0.11180359997525376,120.91090909090909
520,chavuma,7,8864.294615450532,388863.36486549943,428.131257205508,8853.949551251628,-0.10293400875209616,121.3490909090909
521,chibombo,7,6798.63421217731,348499.9807603025,329.7097448997643,6790.634626830243,-0.125985743971731,120.88909090909091
522,chiengi,7,6922.002745802649,312128.1689893197,416.41590423014776,6909.465956758422,0.733001401976716,121.25454545454545
523,chililabombwe,7,6633.247732066187,261099.96973971746,413.7932316633277,6620.328589759788,-0.38552461738761,127.06181818181818
524,chilubi,7,8847.838010290996,337393.6243624835,428.72569606883764,8837.444864545432,0.189044559345638,121.05636363636364
525,chingola,7,6133.977256635074,205722.2378361076,673.8084088824028,6096.856502578661,-0.5396785948380685,121.48181818181818
526,chinsali,7,7641.730951566661,230983.02142577578,320.38893241212816,7635.011648198038,-0.4534065218214945,121.24
527,chipata,7,6052.272737527366,285347.28629650734,557.2882863263629,6026.560798277939,0.17397733249085387,120.99818181818182
528,choma,7,6493.464366090373,388220.5739716063,319.5589485994154,6485.596468487342,-0.2436306938237811,120.94727272727273
529,chongwe,7,5511.034665623869,247431.26619311218,319.8755022956937,5501.743609869427,0.0028690593489721704,120.97818181818182
530,gwembe,7,6540.774882083668,489613.48432584916,283.0880741885443,6534.645912392562,-0.05783095122030403,121.18909090909091
531,ikelenge,7,5911.117740000307,212666.09852048242,662.4541855940291,5874.018143595504,0.13856786622081993,121.25318761384335
532,isoka,7,7117.332853630566,221044.74269326156,385.9944990165207,7106.858321093648,0.0790483376977185,120.85272727272728
533,itezhitezhi,7,6956.237165118523,537382.2352429222,457.4435698850558,6941.180078181735,-0.13863385952041582,120.85818181818182
534,kabompo,7,9883.925581500525,386838.32075336284,282.5921834568868,9879.884946622078,-0.3854995701117967,121.20727272727272
535,kabwe,7,5947.597387191272,216163.11590661173,575.613745237068,5919.677651394423,-0.09017581902795335,120.96727272727273
536,kafue,7,6953.337510606687,291532.1268845083,388.61363585700263,6942.46944382444,0.059447634163101906,121.42727272727272
537,kalabo,7,8560.853376534878,1732487.1641951406,478.903607582357,8547.447681569816,0.306232767498715,121.0490909090909
538,kalomo,7,5936.332856589028,391984.7518533667,376.2347591415174,5924.398297737262,0.016229438048065512,121.26363636363637
539,kalulushi,7,5610.796174999894,196136.79403847986,847.3273448898449,5546.446618150702,-0.10262396107907742,120.97090909090909
540,kaoma,7,8204.88857657796,522480.5345520922,275.38014129284977,8200.265991529848,-0.22598206296726134,121.18727272727273
541,kapirimposhi,7,6381.05213474482,273040.53025246103,373.1540348316704,6370.132056136691,0.1215410184726308,120.88363636363637
542,kaputa,7,6796.447241772691,406534.45435042947,360.54370397884446,6786.877289867619,-0.23443997522653168,121.07818181818182
543,kasama,7,7389.560461087659,224283.96344870963,361.9506855319144,7380.690720340004,-0.14590452706808524,121.25818181818182
544,kasempa,7,6809.561745431209,242854.55572051345,288.21466478158925,6803.459669303917,-0.14874425457806115,121.0909090909091
545,katete,7,5823.948772656388,374640.4540131245,257.39272196611944,5818.2581837870275,0.28851514886701685,121.10363636363637
546,kawambwa,7,6743.251391411716,219045.63736554392,506.3658601322418,6724.212440387989,0.5441598422571666,121.17454545454545
547,kazungula,7,6597.2514100028875,596367.7440280434,277.126406348052,6591.428306648697,-0.7036345071998339,120.84181818181818
548,kitwe,7,5490.757016547126,220475.41758377524,1069.5151407666478,5385.587245457305,-0.6340254647124188,120.82513661202186
549,livingstone,7,6839.540090182273,881613.9614753206,412.46895115313424,6827.09147511187,0.28002975994540896,121.14909090909092
550,luangwa,7,6828.3839760975925,1312958.0562649027,366.863708779257,6818.521741859234,-0.2609726574151412,121.28363636363636
551,luanshya,7,5547.546418997925,214253.75369312355,797.688855504236,5489.896516396373,-0.22738913857491994,121.0948905109489
552,lufwanyama,7,6047.6346178626045,283485.5600881989,507.3591836447036,6026.314888050703,0.27581348832292246,121.28153564899452
553,lukulu,7,9056.724105078174,1004382.5357824836,394.05669700101527,9048.147370321325,0.5472758100638759,121.33272727272727
554,lundazi,7,5829.491377414461,246371.4126248172,329.68788715207046,5820.161133200244,0.5397401948327581,121.12727272727273
555,lusaka,7,5567.673908737987,185334.47083703332,475.56100874835874,5547.326786930798,0.4253581407874204,121.01636363636364
556,luwingu,7,7471.487409699143,218741.45114639733,380.1563643077538,7461.809783957854,-0.17229102248380204,120.89090909090909
557,mafinga,7,7529.371774237204,207855.71906638565,319.75716142123525,7523.169597013902,0.010743897800105168,121.08727272727273
558,mambwe,7,5827.031405255155,409000.0422523101,899.7336699160621,5757.149843546652,-0.09215179118488856,121.02363636363637
559,mansa,7,7158.875334712218,242160.26560026538,610.0539792176472,7132.834653936097,-0.545170741271754,120.75818181818182
560,masaiti,7,6202.714455102031,277658.79283496586,293.9724959926582,6195.744247718068,-0.24328706343525852,121.23454545454545
561,mazabuka,7,7042.733653444955,371767.1653596205,332.6188622628693,7034.874697237549,-0.5024873173923763,121.0909090909091
562,mbala,7,9052.085489142508,373924.21896652033,251.33771695047113,9048.595529405791,-0.18184895714299382,121.21272727272728
563,milengi,7,6424.188298643107,234503.5759596939,454.9750825183984,6408.0568794846395,-0.1707306746205705,121.28
564,mkushi,7,6258.621965866031,188414.6277836599,390.7375449063866,6246.412817179258,0.015572541635172785,121.03272727272727
565,mongu,7,7481.453227988546,1287779.7458628998,445.25733314992027,7468.191769756349,-0.1476825618247289,121.21818181818182
566,monze,7,6787.113654186411,458920.02688548155,342.6037070527146,6778.4610683220235,-0.10135238245569693,121.24363636363637
567,mpika,7,7305.202280555715,217847.85207965865,322.60013750912236,7298.0757402972695,0.35608990119156886,121.2090909090909
568,mpongwe,7,6361.446458749666,219461.17286925067,492.3022488998716,6342.368606701033,0.07546808952167788,121.1509090909091
569,mporokoso,7,6541.146505130929,225528.75678986716,670.7157606424302,6506.668730618795,-0.05693583610110438,120.99818181818182
570,mpulungu,7,7650.752009730523,295139.1240855705,462.03811269797967,7636.787747267179,-0.08861986750400822,121.0
571,mufulira,7,5405.91769009261,164649.28748048804,580.1394918280872,5374.698525692179,-0.4106527985896715,121.19272727272727
572,mufumbwe,7,7466.490341447712,314793.4507401917,556.3049981785609,7445.737221251737,0.06008133750700593,121.01636363636364
573,mumbwa,7,6768.645108034895,401966.48867651867,297.0172894104545,6762.125207973894,-0.03915271532649638,121.14727272727272
574,mungwi,7,7519.071279001922,234066.65176369998,309.94620158454444,7512.680363947005,-0.03581011514207011,121.03454545454545
575,mwense,7,7590.433269314727,321435.96349441225,248.3447143911885,7586.369495269383,-0.3456017045257859,120.98727272727272
576,mwinilunga,7,6360.935732323921,188359.4621026758,784.4937016830435,6312.374594617693,-0.13599943831857475,121.18761384335154
577,nakonde,7,6701.703368062504,238244.91142854234,360.6397285049341,6691.992754010137,-0.36974439917300617,134.28615384615384
578,namwala,7,6875.970972506743,613768.0388627729,323.0123053673702,6868.37971179059,-0.016908879104806467,121.2
579,nchelenge,7,7152.624156628237,312476.40881634114,391.66245490967106,7141.892805650048,-0.44067514270475067,121.09272727272727
580,ndola,7,6597.1712377532795,241265.7473312293,347.3599096532105,6588.020145188147,-0.16266431851523167,127.25090909090909
581,nyimba,7,6753.687235377153,402970.5778193883,413.5026269978561,6741.0167520013,0.11998063117024835,121.07818181818182
582,petauke,7,6376.43716187936,370696.63358440273,442.62216369474623,6361.056240877162,-0.07482451912930506,121.06545454545454
583,samfya,7,8473.572588288154,294750.22153906536,363.66539970715303,8465.765168373398,-0.13146214378808344,121.21454545454546
584,senanga,7,6614.08389699301,1395744.0097338862,394.38507591199397,6602.315215767885,-0.12223630718327065,121.23818181818181
585,serenje,7,7406.053456217709,262186.96504692594,399.00959737048913,7395.2970959631175,0.6515210512137,120.78363636363636
586,sesheke,7,6349.0294471605785,1233902.6045259929,328.2186315464948,6340.53999678402,0.6509488749269474,120.79636363636364
587,shangombo,7,6512.30018182561,1365169.0734421904,246.96483023724088,6507.615694771149,0.06973204095271511,121.10363636363637
588,siavonga,7,6601.23213151696,732615.5609536427,261.97665144358655,6596.031677324659,0.33417653292654265,121.33818181818182
589,sinazongwe,7,6569.3440469167035,716605.6667124174,335.3027844269955,6560.781451131826,-0.23505244090157765,121.19818181818182
590,solwezi,7,6067.031072549249,348915.61226520507,551.9291453307893,6041.873902508435,-0.1932914748147314,120.98363636363636
591,zambezi,7,9659.961633390249,522206.40570028435,201.0914511786219,9657.868345905035,-0.037557524785065896,121.25090909090909
592,chadiza,8,5461.966718076769,250501.46125213092,266.2002679888024,5455.475950519899,-0.06098534691390786,116.53636363636363
593,chama,8,6344.976321413545,305645.8023261332,284.4557823675994,6338.596802698227,-0.13691658398625248,116.15636363636364
594,chavuma,8,8125.31389061836,356445.3842257192,332.7245381847175,8118.49864216072,-0.2801550236248926,116.18727272727273
595,chibombo,8,6216.153037785659,318641.8251758858,208.95408217127763,6212.640081375698,-0.4246598138359251,116.52727272727273
596,chiengi,8,6556.649215526196,295653.5831466424,217.17766061115523,6553.051411303877,0.6862047836375198,116.35818181818182
597,chililabombwe,8,6221.158771160528,244879.19530634285,416.4952170402156,6207.201317032514,-0.39905800276254894,121.91272727272727
598,chilubi,8,8491.636088722362,323810.61604077375,449.33617902997094,8479.739409999978,0.5481897066734313,116.34181818181818
599,chingola,8,5389.478026204266,180753.11236603616,884.0646611567013,5316.474684396845,-0.5133108043580601,115.81818181818181
600,chinsali,8,7048.563008619179,213053.61190543245,305.4267609713426,7041.942557288948,0.13964761111307705,116.19818181818182
601,chipata,8,5554.804898238581,261893.10567429775,305.8722532214571,5546.377161914303,0.49594149254438263,116.35272727272728
602,choma,8,5961.780235625114,356433.1171282735,304.93899486493706,5953.976468487343,0.2937275119580638,117.69272727272727
603,chongwe,8,5150.51892354174,231245.03766104535,637.0122826914161,5110.974518960335,0.23448926237943757,117.31454545454545
604,gwembe,8,5923.264389242192,443389.3794669503,264.6012567269185,5917.351366938017,0.4613453456592231,117.68363636363637
605,ikelenge,8,5365.735746133863,193044.72301411457,432.0127202065902,5348.4944701261165,-0.017062379777083008,116.25454545454545
606,isoka,8,6706.643088796009,208289.850479909,365.85953930982373,6696.656502911827,-0.08597135536223309,116.39818181818181
607,itezhitezhi,8,6642.827362554221,513170.7461502874,300.33288631042444,6636.034623636281,0.14794733108833757,117.69272727272727
608,kabompo,8,9553.951606436458,373923.75787512667,341.2328481506161,9547.855855712987,0.30119624948587836,115.92727272727272
609,kabwe,8,5584.572948819651,202969.13375885313,365.44444770367744,5572.603105939877,0.013995308265407893,116.72545454545454
610,kafue,8,6645.972988239354,278645.2746645632,286.6236244357334,6639.7894438244375,-0.2995688530703003,117.23272727272727
611,kalabo,8,8056.4087620553555,1630401.1009028289,227.60152404630927,8053.19313611527,0.027535624126341248,116.97636363636363
612,kalomo,8,5438.5592382146715,359116.03087842144,206.04683734547913,5434.6546613736255,-0.1719693165781522,118.50181818181818
613,kalulushi,8,5338.594439237825,186621.42863954292,513.274582902854,5313.862981787066,0.3192650092328464,116.33454545454545
614,kaoma,8,7728.321622896923,492133.1441658379,313.00430247898294,7721.980536984393,-0.12419296187167986,116.45636363636363
615,kapirimposhi,8,5834.225466225375,249642.21906867274,272.3579575650149,5827.864783409419,0.09547162345671299,116.33090909090909
616,kaputa,8,6258.350405365056,374347.7991768048,442.1010471687271,6242.7154716858,-0.21190992370793815,116.31818181818181
617,kasama,8,6988.888760138857,212122.99154737053,320.61644147493234,6981.530720340003,0.004422610993767158,116.12363636363636
618,kasempa,8,6281.317802273056,224015.39206746375,299.8276043918418,6274.157851122099,0.350437506484073,116.21090909090908
619,katete,8,5123.921649529308,329609.4124522608,609.5160366077165,5087.540001968847,-0.02963281744639882,116.5709090909091
620,kawambwa,8,6159.445780361438,200081.48124154733,427.96992087438036,6144.559713115261,-0.09578871531995163,116.18545454545455
621,kazungula,8,6090.159608905229,550528.4733012674,221.6042154890399,6086.126488466879,-0.09894501164966844,117.77454545454546
622,kitwe,8,5130.874081200669,206024.707014601,337.08079404858086,5119.789583119641,-0.21010004646405392,116.08545454545454
623,livingstone,8,6325.4280214840455,815345.1229933406,330.9179602153517,6316.766020566415,0.06772397613930443,118.14545454545454
624,luangwa,8,6250.010094716569,1201748.6325197548,308.11228309770837,6242.410832768324,0.22975203277658668,117.35454545454546
625,luanshya,8,4859.477004716894,187679.58131553233,959.8253789494826,4763.743486093344,-0.2217786283895875,115.88727272727273
626,lufwanyama,8,5485.1644136942705,257119.51932399374,875.8278372231923,5414.790323253797,-0.12909788206769976,115.88181818181818
627,lukulu,8,8493.249034321145,941893.6585846202,306.4597336167593,8487.718279412235,0.4582404261091772,116.41818181818182
628,lundazi,8,5309.553622315003,224397.31730371827,461.2472327906404,5289.481133200244,0.007192107448938672,116.1509090909091
629,lusaka,8,5270.513168411968,175442.70464084324,390.0118147619989,5256.063150567163,0.18032051377241406,117.07272727272728
630,luwingu,8,6969.929504706233,204057.42667361652,225.27600506592051,6966.287965776036,-0.18683457728928093,116.14727272727272
631,mafinga,8,7128.581788673922,196791.51701318024,447.4078547090294,7114.555597013901,-0.1325587284179762,116.33272727272727
632,mambwe,8,5199.465727783714,364951.1311085611,597.7970675794949,5164.986207183015,-0.026337633208316325,116.16727272727273
633,mansa,8,6582.9161352332585,222677.53595354946,507.979916118132,6563.287381208825,-0.23929029921463427,115.76727272727273
634,masaiti,8,5831.74769244941,261052.8077867105,355.7916849178348,5820.884247718069,0.3553784602533769,116.29636363636364
635,mazabuka,8,6508.70045973282,343576.9743906362,244.9587671899252,6504.089242692095,-0.6565200142468745,117.80909090909091
636,mbala,8,8333.21573130441,344229.0936762569,284.56739144754897,8328.355529405791,-0.05491801180507348,116.01454545454546
637,milengi,8,5898.495491346934,215314.09435728178,565.3969042684158,5871.335061302821,-0.07676029640629864,116.15636363636364
638,mkushi,8,5693.798281420043,171410.71784171148,264.5089471175813,5687.65099899744,-0.20440894575420107,116.49636363636364
639,mongu,8,7037.429622338823,1211350.1286995425,371.49944558311597,7027.6172243018045,0.24655066329676417,117.20181818181818
640,monze,8,6485.278679651712,438511.0398423661,212.18801299241318,6481.806522867479,-0.1939011092781451,117.58909090909091
641,mpika,8,6843.6530658993415,204084.02991835147,218.93230625659044,6840.150285751814,0.32803338043883473,116.28363636363636
642,mpongwe,8,5911.561844008036,203940.77104755014,385.4085562947478,5898.984970337396,-0.3410435405219409,115.92363636363636
643,mporokoso,8,6138.464495874255,211644.89516743348,335.37571539199047,6129.296003346067,0.2054149101891003,116.0490909090909
644,mpulungu,8,6985.878435460446,269490.638278144,318.83900092110775,6978.598656358089,0.3381111121074809,116.07636363636364
645,mufulira,8,4955.240448032961,150922.90631031495,841.4899182255601,4883.267616601269,-0.14953488695779626,116.13090909090909
646,mufumbwe,8,7056.658628926028,297514.6044405729,425.94430677843917,7043.79176670628,-0.2449655372508812,116.18363636363637
647,mumbwa,8,6527.325926553283,387635.3747708263,391.83661105381094,6515.554298882985,0.28966669754688723,116.95636363636363
648,mungwi,8,7130.667844439189,221975.758076403,260.05970375246727,7125.924000310642,0.014924703710486084,116.14545454545454
649,mwense,8,7109.447686018755,301067.42076330405,234.35409202069133,7105.5840407239275,0.02071889409542587,116.00727272727272
650,mwinilunga,8,5574.799207603428,165080.45738279627,854.7364972640939,5508.884798699327,-0.6360478221169604,116.17818181818181
651,nakonde,8,6212.810451105402,220864.81516024686,322.2997561974787,6204.444904140865,-0.3678544094496869,128.2439024390244
652,namwala,8,6473.383666265965,577831.9910797836,338.3680356994112,6464.5342572451345,-0.4062666212860932,117.24545454545455
653,nchelenge,8,6773.231837314376,295901.911558319,440.88734636122933,6758.867351104594,-0.04394271854721287,116.15818181818182
654,ndola,8,6169.405716088385,225621.895663956,335.60010058945215,6160.271054279056,0.05153351509555811,122.76363636363637
655,nyimba,8,6199.2590481033785,369889.6489580753,292.03237280380614,6192.376752001301,-0.021128670557581476,116.72
656,petauke,8,5555.008063535302,322942.53615444136,152.8298470915656,5552.905331786253,0.2721619840602042,116.61818181818182
657,samfya,8,8029.746908888297,279311.9024635144,354.044939517304,8021.937895646123,-0.417602320214571,115.97272727272727
658,senanga,8,6319.923856485499,1333668.5778470763,344.75819157967175,6310.513397586067,0.7137231002653817,117.58545454545454
659,serenje,8,6777.728735063588,239943.19477477783,214.8506173547027,6774.322550508572,0.3929478972551265,115.99090909090908
660,sesheke,8,5867.688352889852,1140356.333425981,212.47846656827204,5863.8399967840205,-0.18965806935001453,117.64909090909092
661,shangombo,8,6174.414615386138,1294338.3511494792,348.1387598544501,6164.592058407512,0.023597187661707174,117.65636363636364
662,siavonga,8,6121.639831158094,679389.6214386636,272.3794532790975,6115.577131870113,0.242437651026501,117.5490909090909
663,sinazongwe,8,6321.611236033159,689582.1564742735,326.74318888660025,6313.161451131827,-0.08815196497626554,118.4890909090909
664,solwezi,8,5372.816007833805,308991.2289132107,931.052789324399,5291.530266144799,-0.48040800084164126,116.30727272727273
665,zambezi,8,9123.00496655169,493179.1464162164,172.31736681181442,9121.377436814128,0.11245753664165548,116.17454545454545
666,chadiza,9,5545.11245051975,254314.7630441234,430.851465887807,5528.348677792626,-0.525472063116095,118.49272727272728
667,chama,9,6233.716214199226,300286.25754396507,182.68974867687209,6231.0386208800455,-0.4712776472063048,118.70363636363636
668,chavuma,9,6796.641318195486,298158.5030094412,314.66887679035136,6789.3531876152665,-0.04979769781600631,118.60727272727273
669,chibombo,9,6166.567898439212,316100.0764115116,259.23695157699325,6161.116445012061,-0.09379894664611729,118.68727272727273
670,chiengi,9,6244.606374892419,281582.89232637273,265.3109130892547,6238.967774940241,0.2649959198765774,118.58545454545454
671,chililabombwe,9,6009.347913734223,236541.83015756297,386.1756655115498,5996.926771577971,-0.4645134224557932,125.27636363636364
672,chilubi,9,6876.747838406593,262230.261712326,193.501924127104,6874.024864545433,0.36432386969804936,118.87454545454545
673,chingola,9,5137.752164015233,172310.69311273107,895.3305257032405,5059.1383207604795,-0.6094798457267582,118.75454545454545
674,chinsali,9,6606.255582080779,199684.19253848214,173.00618721823037,6603.9898300162195,-0.29632202128797724,118.54727272727273
675,chipata,9,5628.259535590884,265356.28097114287,342.86776708827347,5617.806252823394,0.6198120051685372,118.50363636363636
676,choma,9,5917.824917450403,353805.1888162305,233.8231564288457,5913.203741214615,0.09157287998330668,118.79272727272728
677,chongwe,9,5075.792650477342,227890.02041218852,682.1390398230616,5029.7472462330625,0.05313829350265372,118.32909090909091
678,gwembe,9,6140.903605513509,459680.8887950624,195.76982472789226,6137.782276028927,-0.2671314364351351,118.64363636363636
679,ikelenge,9,5326.749911762836,191642.11767652378,532.9676551495972,5300.457898697545,0.19648965808484528,118.97449908925319
680,isoka,9,6390.389363384308,198467.881380381,216.73711247288696,6386.712866548192,-0.381524864128248,118.78181818181818
681,itezhitezhi,9,6187.723078205699,478013.095284358,285.9001609463231,6181.11462363628,0.22969843598596698,118.49636363636364
682,kabompo,9,6996.616619782302,273834.4599859644,257.17341878183004,6991.8885829857145,0.18520635166996527,118.47636363636363
683,kabwe,9,5561.847590491392,202143.18944108373,827.8340034469421,5499.894497405555,0.034077746561183966,118.70673952641165
684,kafue,9,6192.784259833735,259644.4604986119,171.35572789041422,6190.413080188076,0.25733557110452615,118.68727272727273
685,kalabo,9,6840.600155809521,1384354.0408968234,163.42698376039033,6838.647681569815,-0.2162695170025487,118.59636363636363
686,kalomo,9,5560.476424965416,367166.4012585303,546.4894876995799,5533.556479555443,0.11586028190180366,118.29636363636364
687,kalulushi,9,5051.955396607887,176601.37781000158,805.5314645442184,4987.321163605247,-0.062154890674066064,118.62545454545455
688,kaoma,9,6441.388549077055,410182.30789712514,323.12747698531774,6433.278718802575,-0.01713470789947856,118.52545454545455
689,kapirimposhi,9,6016.320577855637,257433.9350405868,227.36130080803514,6012.0229652276,0.32649771266618477,118.59636363636363
690,kaputa,9,6197.270804981054,370694.27828114695,199.661633231041,6194.053653503983,-0.6015907821357046,118.66363636363636
691,kasama,9,6571.122515922983,199443.17526584482,195.6602588160627,6568.208902158184,0.3062991307085823,118.69636363636364
692,kasempa,9,6135.762938359312,218824.35876308865,187.60433450716,6132.894214758463,0.2374384553243144,118.52363636363637
693,katete,9,5201.364053854359,334591.0938936262,695.435688170505,5154.663638332482,-0.15075036774703746,118.71272727272728
694,kawambwa,9,6208.08304462475,201661.39869262182,347.87228426443994,6198.328804024351,0.33972066212270674,118.6290909090909
695,kazungula,9,6051.330459985219,547018.4582200102,201.1461440520107,6047.986488466879,0.30128971054113884,118.82181818181819
696,kitwe,9,5178.346195126758,207930.8984759782,555.5292940565713,5148.461568277341,-0.22636352671152854,118.66848816029145
697,livingstone,9,6381.385084483374,822557.9658647752,256.0513262567242,6376.246020566416,-0.05409163510366583,118.71090909090908
698,luangwa,9,6196.4456080190785,1191449.2813723464,163.3990582017414,6194.290832768324,-0.07716823374691793,118.36909090909091
699,luanshya,9,4936.430446437515,190651.6274243824,867.327032546642,4859.638810768669,-0.32141125948066607,118.47970479704797
700,lufwanyama,9,5338.297851270993,250235.0839475877,630.1885280350896,5300.970323253798,-0.2829000213004954,118.6509090909091
701,lukulu,9,6811.688411188868,755410.1019323232,257.9184725923683,6806.803733957688,0.5034900384603006,118.59636363636363
702,lundazi,9,5313.53879784791,224565.7425164914,586.9500378460042,5281.021133200244,-0.09367203586815476,118.62545454545455
703,lusaka,9,5054.054625781658,168237.32046890326,769.8604646343549,4995.0758778398895,0.13323659566844265,118.23454545454545
704,luwingu,9,6639.628392136472,194387.25784150595,175.17840820559965,6637.317056685125,0.16681382527929844,118.92181818181818
705,mafinga,9,6497.45689563218,179368.69311799845,139.23097657952258,6496.017597013901,0.4229961154301524,118.58181818181818
706,mambwe,9,5130.928976906026,360140.5282380275,754.5839661862336,5075.138934455743,0.019982039692755936,118.4890909090909
707,mansa,9,6071.286536188033,205370.85664974933,512.8691062184316,6049.585563027008,-0.3328014808881411,118.43454545454546
708,masaiti,9,5798.280127922221,259554.66312230437,339.6082988998591,5788.326065899887,0.4977611641566834,118.61272727272727
709,mazabuka,9,6420.15096910672,338902.68245457805,158.7723212027645,6418.187424510275,-0.4702704959642328,118.66181818181818
710,mbala,9,6978.758436845315,288279.07126853656,224.95420535263264,6975.131893042155,0.45391286684535426,118.68545454545455
711,milengi,9,5770.517626294454,210642.48985203516,397.38162712039764,5756.818697666458,-0.5617791852697179,118.74181818181818
712,mkushi,9,5718.352692912122,172149.9237446976,216.8356876538514,5714.2400899065315,0.4811574699508859,118.83090909090909
713,mongu,9,6602.416581199439,1136471.496635149,254.58816243032766,6597.506315210896,-0.4035071105691155,119.06545454545454
714,monze,9,6301.845862719408,426107.9775735726,150.88646117709223,6300.039250140206,-0.36765806008516977,118.54363636363637
715,mpika,9,6496.548665426444,193733.05739406074,292.04221071951997,6489.981194842723,0.29379621948185347,118.82
716,mpongwe,9,5695.748420788157,196495.50411213184,547.9439810860418,5669.33042488285,0.5615329338968181,118.90363636363637
717,mporokoso,9,5806.739726497462,200207.53097214,495.3995504336167,5785.568730618796,0.3402971176093743,118.57454545454546
718,mpulungu,9,6570.420166551915,253463.7183853255,183.05883284040007,6567.8695654489975,0.43060722893523,118.50181818181818
719,mufulira,9,4967.914198837769,151308.91367471512,726.9071339664489,4914.4457984194505,-0.27266637861508053,118.67818181818181
720,mufumbwe,9,6138.261199613001,258794.20399761017,275.94761886175206,6132.055403069919,-0.5208918128724246,118.48181818181818
721,mumbwa,9,6185.733639432599,367349.38695180375,298.6541720831132,6178.519753428439,-0.06929304289203654,118.97454545454545
722,mungwi,9,6605.032136145267,205612.86088837014,162.63928742623895,6603.029454856098,-0.5909455966843422,118.47272727272727
723,mwense,9,6710.669320999198,284180.14918962744,162.69729829062706,6708.696767996656,-0.17610615215080538,118.71090909090908
724,mwinilunga,9,5343.069576915732,158218.500207568,898.0520707974604,5267.057525972054,-0.6445505892563447,118.55636363636364
725,nakonde,9,6409.435923368601,227854.83182484363,458.47912401641065,6393.016952003887,-0.08543844235550979,132.672131147541
726,namwala,9,6366.452452475347,568287.0174834863,267.27325069516223,6360.83971179059,0.1443694889341294,118.88
727,nchelenge,9,6198.528789074056,270794.882205529,430.2546327669633,6183.578260195503,0.1897671068276826,118.61090909090909
728,ndola,9,6016.366587087068,220025.0878051384,292.6332727152642,6009.245599733601,0.014759770993152807,125.40545454545455
729,nyimba,9,6191.991562473527,369456.0216991441,347.56031899301445,6182.229479274028,0.11955057205080899,118.61818181818182
730,petauke,9,5871.354103676985,341333.4352021652,383.6931061941245,5858.803513604435,0.16767444023365125,118.50909090909092
731,samfya,9,6631.561036104484,230676.5020510095,269.125347920211,6626.097895646125,0.27058263139883426,118.51818181818182
732,senanga,9,6049.867081063661,1276679.5628219652,235.85418245870636,6045.267943040613,-0.08483511728136017,118.86363636363636
733,serenje,9,6497.4037032838505,230019.2089780904,195.23472674111562,6494.469823235844,0.2884445591385126,118.68727272727273
734,sesheke,9,5876.113662018308,1141993.7507610335,297.1697625363794,5868.594542238566,0.22443821123000526,118.56545454545454
735,shangombo,9,6126.095250158666,1284209.1953650154,257.0222845805148,6120.701149316603,0.4681117306891467,118.92181818181818
736,siavonga,9,6179.425412633035,685802.7599776302,247.42754258884466,6174.4698591428405,-0.06835092692000327,118.49818181818182
737,sinazongwe,9,6195.258467262774,675799.180661314,246.8708472908422,6190.337814768191,0.40947027541983394,118.9090909090909
738,solwezi,9,5157.772763188459,296624.06868744304,772.887643899712,5099.535720690254,-0.5209690772104916,118.48545454545454
739,zambezi,9,7009.324726068153,378916.0258084339,303.5600754293483,7002.748345905036,-0.1394122706126054,118.54545454545455
