id,gid,cname,season,ccode,ensemble,planting,harvest,wsgd,gwad
497711,10,Western,2010 1,ZMB.10_1,27,2011-01-01,2011-05-16,0,3500
496359,1,Central,2010 1,ZMB.1_1,25,2011-01-01,2011-05-16,0,3621
496813,4,Luapula,2010 1,ZMB.4_1,29,2011-01-01,2011-05-16,0,3621
496372,1,Central,2010 1,ZMB.1_1,38,2011-01-01,2011-05-16,0,3339
496510,2,Copperbelt,2010 1,ZMB.2_1,26,2011-01-01,2011-05-16,0,3305
496512,2,Copperbelt,2010 1,ZMB.2_1,28,2011-01-01,2011-05-16,0,3621
496524,2,Copperbelt,2010 1,ZMB.2_1,40,2011-01-01,2011-05-16,0,3621
497584,9,Southern,2010 1,ZMB.9_1,50,2011-01-01,2011-05-16,0,3621
496979,5,Lusaka,2010 1,ZMB.5_1,45,2011-01-01,2011-05-16,0,3621
497130,6,Muchinga,2010 1,ZMB.6_1,46,2011-01-01,2011-05-16,0,3621
497241,7,North-Western,2010 1,ZMB.7_1,7,2011-01-01,2011-05-16,0,3621
496947,5,Lusaka,2010 1,ZMB.5_1,13,2011-01-01,2011-05-16,0,3621
497116,6,Muchinga,2010 1,ZMB.6_1,32,2011-01-01,2011-05-16,0,3621
497101,6,Muchinga,2010 1,ZMB.6_1,17,2011-01-01,2011-05-16,0,3621
497419,8,Northern,2010 1,ZMB.8_1,35,2011-01-01,2011-05-16,0,3621
497576,9,Southern,2010 1,ZMB.9_1,42,2011-01-01,2011-05-16,0,3169
496528,2,Copperbelt,2010 1,ZMB.2_1,44,2011-01-01,2011-05-16,0,3378
497733,10,Western,2010 1,ZMB.10_1,49,2011-01-01,2011-05-16,0,3621
496671,3,Eastern,2010 1,ZMB.3_1,37,2011-01-01,2011-05-16,0,3620
497092,6,Muchinga,2010 1,ZMB.6_1,8,2011-01-01,2011-05-16,0,3621
496943,5,Lusaka,2010 1,ZMB.5_1,9,2011-01-01,2011-05-16,0,3621
496657,3,Eastern,2010 1,ZMB.3_1,23,2011-01-01,2011-05-16,0,3621
496942,5,Lusaka,2010 1,ZMB.5_1,8,2011-01-01,2011-05-16,0,3621
497692,10,Western,2010 1,ZMB.10_1,8,2011-01-02,2011-05-17,0,2925
496530,2,Copperbelt,2010 1,ZMB.2_1,46,2011-01-02,2011-05-17,0,3681
497573,9,Southern,2010 1,ZMB.9_1,39,2011-01-02,2011-05-17,0,3581
496353,1,Central,2010 1,ZMB.1_1,19,2011-01-02,2011-05-17,0,3684
497397,8,Northern,2010 1,ZMB.8_1,13,2011-01-02,2011-05-17,0,3684
496827,4,Luapula,2010 1,ZMB.4_1,43,2011-01-02,2011-05-17,0,3684
496802,4,Luapula,2010 1,ZMB.4_1,18,2011-01-02,2011-05-17,0,3684
496369,1,Central,2010 1,ZMB.1_1,35,2011-01-02,2011-05-17,0,3684
496499,2,Copperbelt,2010 1,ZMB.2_1,15,2011-01-02,2011-05-17,0,3512
496829,4,Luapula,2010 1,ZMB.4_1,45,2011-01-02,2011-05-17,0,3684
497235,7,North-Western,2010 1,ZMB.7_1,1,2011-01-02,2011-05-17,0,3684
497134,6,Muchinga,2010 1,ZMB.6_1,50,2011-01-02,2011-05-17,0,3684
496491,2,Copperbelt,2010 1,ZMB.2_1,7,2011-01-02,2011-05-17,0,3684
497418,8,Northern,2010 1,ZMB.8_1,34,2011-01-02,2011-05-17,0,3683
497393,8,Northern,2010 1,ZMB.8_1,9,2011-01-02,2011-05-17,0,3684
497430,8,Northern,2010 1,ZMB.8_1,46,2011-01-02,2011-05-17,0,3684
496654,3,Eastern,2010 1,ZMB.3_1,20,2011-01-02,2011-05-17,0,3684
497560,9,Southern,2010 1,ZMB.9_1,26,2011-01-02,2011-05-17,0,3684
496364,1,Central,2010 1,ZMB.1_1,30,2011-01-03,2011-05-18,0,3722
497414,8,Northern,2010 1,ZMB.8_1,30,2011-01-03,2011-05-18,0,3722
496652,3,Eastern,2010 1,ZMB.3_1,18,2011-01-03,2011-05-18,0,3722
497710,10,Western,2010 1,ZMB.10_1,26,2011-01-03,2011-05-18,0,3722
497403,8,Northern,2010 1,ZMB.8_1,19,2011-01-03,2011-05-18,0,3722
496834,4,Luapula,2010 1,ZMB.4_1,50,2011-01-03,2011-05-18,0,3722
497685,10,Western,2010 1,ZMB.10_1,1,2011-01-03,2011-05-18,0,3332
496640,3,Eastern,2010 1,ZMB.3_1,6,2011-01-03,2011-05-18,0,3722
496790,4,Luapula,2010 1,ZMB.4_1,6,2011-01-03,2011-05-18,0,3722
496791,4,Luapula,2010 1,ZMB.4_1,7,2011-01-03,2011-05-18,0,3722
496675,3,Eastern,2010 1,ZMB.3_1,41,2011-01-03,2011-05-18,0,3262
496968,5,Lusaka,2010 1,ZMB.5_1,34,2011-01-03,2011-05-18,0,3722
497256,7,North-Western,2010 1,ZMB.7_1,22,2011-01-03,2011-05-18,0,3722
496377,1,Central,2010 1,ZMB.1_1,43,2011-01-03,2011-05-18,0,3721
497278,7,North-Western,2010 1,ZMB.7_1,44,2011-01-03,2011-05-18,0,3722
496375,1,Central,2010 1,ZMB.1_1,41,2011-01-04,2011-05-19,0,3451
496379,1,Central,2010 1,ZMB.1_1,45,2011-01-04,2011-05-19,0,3768
496938,5,Lusaka,2010 1,ZMB.5_1,4,2011-01-04,2011-05-19,0,3768
497422,8,Northern,2010 1,ZMB.8_1,38,2011-01-04,2011-05-19,0,3768
497269,7,North-Western,2010 1,ZMB.7_1,35,2011-01-04,2011-05-19,0,3768
496803,4,Luapula,2010 1,ZMB.4_1,19,2011-01-04,2011-05-19,0,3768
497574,9,Southern,2010 1,ZMB.9_1,40,2011-01-04,2011-05-19,0,3768
497731,10,Western,2010 1,ZMB.10_1,47,2011-01-04,2011-05-19,0,3669
497570,9,Southern,2010 1,ZMB.9_1,36,2011-01-04,2011-05-19,0,3686
497390,8,Northern,2010 1,ZMB.8_1,6,2011-01-04,2011-05-19,0,3768
496821,4,Luapula,2010 1,ZMB.4_1,37,2011-01-04,2011-05-19,0,3768
496673,3,Eastern,2010 1,ZMB.3_1,39,2011-01-04,2011-05-19,0,3768
497537,9,Southern,2010 1,ZMB.9_1,3,2011-01-04,2011-05-19,0,3086
497410,8,Northern,2010 1,ZMB.8_1,26,2011-01-04,2011-05-19,0,3768
496974,5,Lusaka,2010 1,ZMB.5_1,40,2011-01-04,2011-05-19,0,3768
496825,4,Luapula,2010 1,ZMB.4_1,41,2011-01-04,2011-05-19,0,3768
497126,6,Muchinga,2010 1,ZMB.6_1,42,2011-01-04,2011-05-19,0,3768
497123,6,Muchinga,2010 1,ZMB.6_1,39,2011-01-04,2011-05-19,0,3527
497703,10,Western,2010 1,ZMB.10_1,19,2011-01-04,2011-05-19,0,3648
497117,6,Muchinga,2010 1,ZMB.6_1,33,2011-01-04,2011-05-19,0,3588
496799,4,Luapula,2010 1,ZMB.4_1,15,2011-01-04,2011-05-19,0,3674
496505,2,Copperbelt,2010 1,ZMB.2_1,21,2011-01-04,2011-05-19,0,3768
497276,7,North-Western,2010 1,ZMB.7_1,42,2011-01-05,2011-05-22,0,3935
497554,9,Southern,2010 1,ZMB.9_1,20,2011-01-05,2011-05-22,0,3935
497252,7,North-Western,2010 1,ZMB.7_1,18,2011-01-05,2011-05-22,0,3935
496937,5,Lusaka,2010 1,ZMB.5_1,3,2011-01-05,2011-05-22,0,3257
496682,3,Eastern,2010 1,ZMB.3_1,48,2011-01-05,2011-05-22,0,3935
496815,4,Luapula,2010 1,ZMB.4_1,31,2011-01-05,2011-05-22,0,3935
497096,6,Muchinga,2010 1,ZMB.6_1,12,2011-01-05,2011-05-22,0,3935
496941,5,Lusaka,2010 1,ZMB.5_1,7,2011-01-05,2011-05-22,0,3935
496966,5,Lusaka,2010 1,ZMB.5_1,32,2011-01-05,2011-05-22,0,3477
497565,9,Southern,2010 1,ZMB.9_1,31,2011-01-05,2011-05-22,0,3385
496485,2,Copperbelt,2010 1,ZMB.2_1,1,2011-01-05,2011-05-22,0,3932
496672,3,Eastern,2010 1,ZMB.3_1,38,2011-01-05,2011-05-22,0,3337
497098,6,Muchinga,2010 1,ZMB.6_1,14,2011-01-05,2011-05-22,0,3888
496376,1,Central,2010 1,ZMB.1_1,42,2011-01-05,2011-05-22,0,3935
497407,8,Northern,2010 1,ZMB.8_1,23,2011-01-05,2011-05-22,0,3935
497732,10,Western,2010 1,ZMB.10_1,48,2011-01-06,2011-05-21,0,3564
497401,8,Northern,2010 1,ZMB.8_1,17,2011-01-06,2011-05-21,0,3772
496354,1,Central,2010 1,ZMB.1_1,20,2011-01-06,2011-05-21,0,3772
496357,1,Central,2010 1,ZMB.1_1,23,2011-01-06,2011-05-21,0,3406
496798,4,Luapula,2010 1,ZMB.4_1,14,2011-01-06,2011-05-21,0,3772
496794,4,Luapula,2010 1,ZMB.4_1,10,2011-01-06,2011-05-21,0,3772
497425,8,Northern,2010 1,ZMB.8_1,41,2011-01-06,2011-05-21,0,3772
496959,5,Lusaka,2010 1,ZMB.5_1,25,2011-01-06,2011-05-21,0,3585
496973,5,Lusaka,2010 1,ZMB.5_1,39,2011-01-06,2011-05-21,0,3730
497713,10,Western,2010 1,ZMB.10_1,29,2011-01-06,2011-05-21,0,3132
497085,6,Muchinga,2010 1,ZMB.6_1,1,2011-01-06,2011-05-21,0,3772
497706,10,Western,2010 1,ZMB.10_1,22,2011-01-06,2011-05-21,0,3772
497689,10,Western,2010 1,ZMB.10_1,5,2011-01-06,2011-05-21,0,3772
497128,6,Muchinga,2010 1,ZMB.6_1,44,2011-01-06,2011-05-21,0,3385
497581,9,Southern,2010 1,ZMB.9_1,47,2011-01-06,2011-05-21,0,3355
497579,9,Southern,2010 1,ZMB.9_1,45,2011-01-06,2011-05-21,0,3302
496824,4,Luapula,2010 1,ZMB.4_1,40,2011-01-06,2011-05-21,0,3772
496678,3,Eastern,2010 1,ZMB.3_1,44,2011-01-06,2011-05-21,0,3772
497558,9,Southern,2010 1,ZMB.9_1,24,2011-01-06,2011-05-21,0,3772
496664,3,Eastern,2010 1,ZMB.3_1,30,2011-01-06,2011-05-21,0,3772
496638,3,Eastern,2010 1,ZMB.3_1,4,2011-01-06,2011-05-21,0,3772
496514,2,Copperbelt,2010 1,ZMB.2_1,30,2011-01-06,2011-05-21,0,3772
496515,2,Copperbelt,2010 1,ZMB.2_1,31,2011-01-06,2011-05-21,0,3508
497262,7,North-Western,2010 1,ZMB.7_1,28,2011-01-06,2011-05-21,0,3772
496525,2,Copperbelt,2010 1,ZMB.2_1,41,2011-01-06,2011-05-21,0,3663
497277,7,North-Western,2010 1,ZMB.7_1,43,2011-01-06,2011-05-21,0,3772
496349,1,Central,2010 1,ZMB.1_1,15,2011-01-07,2011-05-22,0,3766
497548,9,Southern,2010 1,ZMB.9_1,14,2011-01-07,2011-05-22,0,3433
496355,1,Central,2010 1,ZMB.1_1,21,2011-01-07,2011-05-22,0,3601
496367,1,Central,2010 1,ZMB.1_1,33,2011-01-07,2011-05-22,0,3703
497254,7,North-Western,2010 1,ZMB.7_1,20,2011-01-07,2011-05-22,0,3767
497723,10,Western,2010 1,ZMB.10_1,39,2011-01-07,2011-05-22,0,3763
497111,6,Muchinga,2010 1,ZMB.6_1,27,2011-01-07,2011-05-22,0,3634
496371,1,Central,2010 1,ZMB.1_1,37,2011-01-07,2011-05-22,0,3462
497396,8,Northern,2010 1,ZMB.8_1,12,2011-01-07,2011-05-22,0,3767
496374,1,Central,2010 1,ZMB.1_1,40,2011-01-07,2011-05-22,0,3543
496504,2,Copperbelt,2010 1,ZMB.2_1,20,2011-01-07,2011-05-22,0,3766
497268,7,North-Western,2010 1,ZMB.7_1,34,2011-01-07,2011-05-22,0,3766
496503,2,Copperbelt,2010 1,ZMB.2_1,19,2011-01-07,2011-05-22,0,3767
496509,2,Copperbelt,2010 1,ZMB.2_1,25,2011-01-08,2011-05-23,0,3621
496787,4,Luapula,2010 1,ZMB.4_1,3,2011-01-08,2011-05-23,0,3621
497538,9,Southern,2010 1,ZMB.9_1,4,2011-01-08,2011-05-23,0,3621
497567,9,Southern,2010 1,ZMB.9_1,33,2011-01-08,2011-05-23,0,3532
497247,7,North-Western,2010 1,ZMB.7_1,13,2011-01-08,2011-05-23,0,3618
496383,1,Central,2010 1,ZMB.1_1,49,2011-01-08,2011-05-23,0,3620
497242,7,North-Western,2010 1,ZMB.7_1,8,2011-01-08,2011-05-23,0,3621
497700,10,Western,2010 1,ZMB.10_1,16,2011-01-08,2011-05-23,0,3621
497695,10,Western,2010 1,ZMB.10_1,11,2011-01-08,2011-05-23,0,3564
496809,4,Luapula,2010 1,ZMB.4_1,25,2011-01-08,2011-05-23,0,3621
497088,6,Muchinga,2010 1,ZMB.6_1,4,2011-01-08,2011-05-23,0,3621
497412,8,Northern,2010 1,ZMB.8_1,28,2011-01-08,2011-05-23,0,3621
497536,9,Southern,2010 1,ZMB.9_1,2,2011-01-08,2011-05-23,0,3577
496341,1,Central,2010 1,ZMB.1_1,7,2011-01-08,2011-05-23,0,3621
497391,8,Northern,2010 1,ZMB.8_1,7,2011-01-08,2011-05-23,0,3621
497131,6,Muchinga,2010 1,ZMB.6_1,47,2011-01-08,2011-05-23,0,3621
497543,9,Southern,2010 1,ZMB.9_1,9,2011-01-09,2011-05-24,0,2881
496674,3,Eastern,2010 1,ZMB.3_1,40,2011-01-09,2011-05-24,0,3498
497281,7,North-Western,2010 1,ZMB.7_1,47,2011-01-09,2011-05-24,0,3498
497708,10,Western,2010 1,ZMB.10_1,24,2011-01-09,2011-05-24,0,3498
497547,9,Southern,2010 1,ZMB.9_1,13,2011-01-09,2011-05-24,0,3488
496635,3,Eastern,2010 1,ZMB.3_1,1,2011-01-09,2011-05-24,0,3387
496955,5,Lusaka,2010 1,ZMB.5_1,21,2011-01-09,2011-05-24,0,3346
497243,7,North-Western,2010 1,ZMB.7_1,9,2011-01-09,2011-05-24,0,3498
497261,7,North-Western,2010 1,ZMB.7_1,27,2011-01-09,2011-05-24,0,3498
496335,1,Central,2010 1,ZMB.1_1,1,2011-01-09,2011-05-24,0,3493
497270,7,North-Western,2010 1,ZMB.7_1,36,2011-01-09,2011-05-24,0,3498
496351,1,Central,2010 1,ZMB.1_1,17,2011-01-09,2011-05-24,0,3498
496805,4,Luapula,2010 1,ZMB.4_1,21,2011-01-09,2011-05-24,0,3498
497427,8,Northern,2010 1,ZMB.8_1,43,2011-01-09,2011-05-24,0,3441
497132,6,Muchinga,2010 1,ZMB.6_1,48,2011-01-09,2011-05-24,0,3498
496683,3,Eastern,2010 1,ZMB.3_1,49,2011-01-09,2011-05-24,0,3498
496340,1,Central,2010 1,ZMB.1_1,6,2011-01-09,2011-05-24,0,3489
496663,3,Eastern,2010 1,ZMB.3_1,29,2011-01-10,2011-05-24,0,3538
497724,10,Western,2010 1,ZMB.10_1,40,2011-01-10,2011-05-24,0,2928
496366,1,Central,2010 1,ZMB.1_1,32,2011-01-10,2011-05-24,0,3538
496365,1,Central,2010 1,ZMB.1_1,31,2011-01-10,2011-05-24,0,3538
496684,3,Eastern,2010 1,ZMB.3_1,50,2011-01-10,2011-05-24,0,3538
496516,2,Copperbelt,2010 1,ZMB.2_1,32,2011-01-10,2011-05-24,0,3538
496806,4,Luapula,2010 1,ZMB.4_1,22,2011-01-10,2011-05-24,0,3538
496493,2,Copperbelt,2010 1,ZMB.2_1,9,2011-01-10,2011-05-24,0,3538
497539,9,Southern,2010 1,ZMB.9_1,5,2011-01-10,2011-05-24,0,3535
496648,3,Eastern,2010 1,ZMB.3_1,14,2011-01-10,2011-05-24,0,3538
496788,4,Luapula,2010 1,ZMB.4_1,4,2011-01-10,2011-05-24,0,3538
497093,6,Muchinga,2010 1,ZMB.6_1,9,2011-01-11,2011-05-28,0,3885
496501,2,Copperbelt,2010 1,ZMB.2_1,17,2011-01-11,2011-05-28,0,3885
496960,5,Lusaka,2010 1,ZMB.5_1,26,2011-01-11,2011-05-28,0,3885
497249,7,North-Western,2010 1,ZMB.7_1,15,2011-01-11,2011-05-28,0,3885
497542,9,Southern,2010 1,ZMB.9_1,8,2011-01-11,2011-05-28,0,3624
496650,3,Eastern,2010 1,ZMB.3_1,16,2011-01-11,2011-05-28,0,3885
497267,7,North-Western,2010 1,ZMB.7_1,33,2011-01-11,2011-05-28,0,3885
497280,7,North-Western,2010 1,ZMB.7_1,46,2011-01-11,2011-05-28,0,3885
497698,10,Western,2010 1,ZMB.10_1,14,2011-01-11,2011-05-28,0,3885
496822,4,Luapula,2010 1,ZMB.4_1,38,2011-01-11,2011-05-28,0,3885
496679,3,Eastern,2010 1,ZMB.3_1,45,2011-01-11,2011-05-28,0,3845
497726,10,Western,2010 1,ZMB.10_1,42,2011-01-11,2011-05-28,0,3045
496951,5,Lusaka,2010 1,ZMB.5_1,17,2011-01-11,2011-05-28,0,3885
496639,3,Eastern,2010 1,ZMB.3_1,5,2011-01-11,2011-05-28,0,3802
497545,9,Southern,2010 1,ZMB.9_1,11,2011-01-12,2011-05-29,0,3658
497721,10,Western,2010 1,ZMB.10_1,37,2011-01-12,2011-05-29,0,3797
497103,6,Muchinga,2010 1,ZMB.6_1,19,2011-01-12,2011-05-29,0,3278
496958,5,Lusaka,2010 1,ZMB.5_1,24,2011-01-12,2011-05-29,0,3797
497273,7,North-Western,2010 1,ZMB.7_1,39,2011-01-12,2011-05-29,0,3797
497691,10,Western,2010 1,ZMB.10_1,7,2011-01-12,2011-05-29,0,3481
497730,10,Western,2010 1,ZMB.10_1,46,2011-01-12,2011-05-29,0,3797
496645,3,Eastern,2010 1,ZMB.3_1,11,2011-01-12,2011-05-29,0,3161
496637,3,Eastern,2010 1,ZMB.3_1,3,2011-01-12,2011-05-29,0,3132
497540,9,Southern,2010 1,ZMB.9_1,6,2011-01-12,2011-05-29,0,3797
497090,6,Muchinga,2010 1,ZMB.6_1,6,2011-01-12,2011-05-29,0,3757
496656,3,Eastern,2010 1,ZMB.3_1,22,2011-01-12,2011-05-29,0,3407
497416,8,Northern,2010 1,ZMB.8_1,32,2011-01-12,2011-05-29,0,3797
497266,7,North-Western,2010 1,ZMB.7_1,32,2011-01-12,2011-05-29,0,3797
497275,7,North-Western,2010 1,ZMB.7_1,41,2011-01-12,2011-05-29,0,3797
496336,1,Central,2010 1,ZMB.1_1,2,2011-01-12,2011-05-29,0,3797
496658,3,Eastern,2010 1,ZMB.3_1,24,2011-01-12,2011-05-29,0,3797
497087,6,Muchinga,2010 1,ZMB.6_1,3,2011-01-12,2011-05-29,0,3797
496826,4,Luapula,2010 1,ZMB.4_1,42,2011-01-13,2011-05-29,0,3761
496356,1,Central,2010 1,ZMB.1_1,22,2011-01-13,2011-05-29,0,3757
497729,10,Western,2010 1,ZMB.10_1,45,2011-01-13,2011-05-29,0,3760
497690,10,Western,2010 1,ZMB.10_1,6,2011-01-13,2011-05-29,0,3750
497575,9,Southern,2010 1,ZMB.9_1,41,2011-01-13,2011-05-29,0,3761
497568,9,Southern,2010 1,ZMB.9_1,34,2011-01-13,2011-05-29,0,3385
497550,9,Southern,2010 1,ZMB.9_1,16,2011-01-13,2011-05-29,0,3475
496487,2,Copperbelt,2010 1,ZMB.2_1,3,2011-01-13,2011-05-29,0,3761
496488,2,Copperbelt,2010 1,ZMB.2_1,4,2011-01-13,2011-05-29,0,3761
496497,2,Copperbelt,2010 1,ZMB.2_1,13,2011-01-13,2011-05-29,0,3761
496506,2,Copperbelt,2010 1,ZMB.2_1,22,2011-01-13,2011-05-29,0,3377
496517,2,Copperbelt,2010 1,ZMB.2_1,33,2011-01-13,2011-05-29,0,3560
497263,7,North-Western,2010 1,ZMB.7_1,29,2011-01-13,2011-05-29,0,3761
496641,3,Eastern,2010 1,ZMB.3_1,7,2011-01-13,2011-05-29,0,3678
496649,3,Eastern,2010 1,ZMB.3_1,15,2011-01-13,2011-05-29,0,3761
497115,6,Muchinga,2010 1,ZMB.6_1,31,2011-01-13,2011-05-29,0,3389
497108,6,Muchinga,2010 1,ZMB.6_1,24,2011-01-13,2011-05-29,0,3761
496950,5,Lusaka,2010 1,ZMB.5_1,16,2011-01-13,2011-05-29,0,3761
496801,4,Luapula,2010 1,ZMB.4_1,17,2011-01-13,2011-05-29,0,3761
496812,4,Luapula,2010 1,ZMB.4_1,28,2011-01-13,2011-05-29,0,3761
497421,8,Northern,2010 1,ZMB.8_1,37,2011-01-14,2011-05-30,0,3629
496345,1,Central,2010 1,ZMB.1_1,11,2011-01-14,2011-05-30,0,3378
496793,4,Luapula,2010 1,ZMB.4_1,9,2011-01-14,2011-05-30,0,3764
496368,1,Central,2010 1,ZMB.1_1,34,2011-01-14,2011-05-30,0,3764
497399,8,Northern,2010 1,ZMB.8_1,15,2011-01-14,2011-05-30,0,3764
496935,5,Lusaka,2010 1,ZMB.5_1,1,2011-01-14,2011-05-30,0,3764
496971,5,Lusaka,2010 1,ZMB.5_1,37,2011-01-14,2011-05-30,0,3764
496980,5,Lusaka,2010 1,ZMB.5_1,46,2011-01-14,2011-05-30,0,3764
497707,10,Western,2010 1,ZMB.10_1,23,2011-01-14,2011-05-30,0,3764
497089,6,Muchinga,2010 1,ZMB.6_1,5,2011-01-14,2011-05-30,0,3764
497091,6,Muchinga,2010 1,ZMB.6_1,7,2011-01-14,2011-05-30,0,3764
497704,10,Western,2010 1,ZMB.10_1,20,2011-01-14,2011-05-30,0,3179
497582,9,Southern,2010 1,ZMB.9_1,48,2011-01-14,2011-05-30,0,3492
497580,9,Southern,2010 1,ZMB.9_1,46,2011-01-14,2011-05-30,0,3764
497566,9,Southern,2010 1,ZMB.9_1,32,2011-01-14,2011-05-30,0,3179
496676,3,Eastern,2010 1,ZMB.3_1,42,2011-01-14,2011-05-30,0,3320
496532,2,Copperbelt,2010 1,ZMB.2_1,48,2011-01-14,2011-05-30,0,3504
496492,2,Copperbelt,2010 1,ZMB.2_1,8,2011-01-14,2011-05-30,0,3763
497237,7,North-Western,2010 1,ZMB.7_1,3,2011-01-14,2011-05-30,0,3764
496523,2,Copperbelt,2010 1,ZMB.2_1,39,2011-01-14,2011-05-30,0,3764
496502,2,Copperbelt,2010 1,ZMB.2_1,18,2011-01-14,2011-05-30,0,3313
497258,7,North-Western,2010 1,ZMB.7_1,24,2011-01-15,2011-05-31,0,3633
496518,2,Copperbelt,2010 1,ZMB.2_1,34,2011-01-15,2011-05-31,0,3781
497693,10,Western,2010 1,ZMB.10_1,9,2011-01-15,2011-05-31,0,3641
497122,6,Muchinga,2010 1,ZMB.6_1,38,2011-01-15,2011-05-31,0,3781
496651,3,Eastern,2010 1,ZMB.3_1,17,2011-01-15,2011-05-31,0,3781
497271,7,North-Western,2010 1,ZMB.7_1,37,2011-01-15,2011-05-31,0,3781
497240,7,North-Western,2010 1,ZMB.7_1,6,2011-01-15,2011-05-31,0,3781
496380,1,Central,2010 1,ZMB.1_1,46,2011-01-15,2011-05-31,0,3738
497428,8,Northern,2010 1,ZMB.8_1,44,2011-01-15,2011-05-31,0,3781
496945,5,Lusaka,2010 1,ZMB.5_1,11,2011-01-15,2011-05-31,0,3341
496964,5,Lusaka,2010 1,ZMB.5_1,30,2011-01-15,2011-05-31,0,3781
497245,7,North-Western,2010 1,ZMB.7_1,11,2011-01-15,2011-05-31,0,3781
497714,10,Western,2010 1,ZMB.10_1,30,2011-01-15,2011-05-31,0,3781
497564,9,Southern,2010 1,ZMB.9_1,30,2011-01-15,2011-05-31,0,3699
497251,7,North-Western,2010 1,ZMB.7_1,17,2011-01-15,2011-05-31,0,3781
497559,9,Southern,2010 1,ZMB.9_1,25,2011-01-15,2011-05-31,0,3210
497420,8,Northern,2010 1,ZMB.8_1,36,2011-01-15,2011-05-31,0,3781
496661,3,Eastern,2010 1,ZMB.3_1,27,2011-01-15,2011-05-31,0,3642
497097,6,Muchinga,2010 1,ZMB.6_1,13,2011-01-15,2011-05-31,0,3650
497099,6,Muchinga,2010 1,ZMB.6_1,15,2011-01-15,2011-05-31,0,3781
497406,8,Northern,2010 1,ZMB.8_1,22,2011-01-16,2011-06-01,0,3763
497274,7,North-Western,2010 1,ZMB.7_1,40,2011-01-16,2011-06-01,0,3763
497264,7,North-Western,2010 1,ZMB.7_1,30,2011-01-16,2011-06-01,0,3763
497250,7,North-Western,2010 1,ZMB.7_1,16,2011-01-16,2011-06-01,0,3763
496496,2,Copperbelt,2010 1,ZMB.2_1,12,2011-01-16,2011-06-01,0,3676
496820,4,Luapula,2010 1,ZMB.4_1,36,2011-01-16,2011-06-01,0,3763
497562,9,Southern,2010 1,ZMB.9_1,28,2011-01-16,2011-06-01,0,3220
497571,9,Southern,2010 1,ZMB.9_1,37,2011-01-16,2011-06-01,0,3396
497688,10,Western,2010 1,ZMB.10_1,4,2011-01-16,2011-06-01,0,2839
496823,4,Luapula,2010 1,ZMB.4_1,39,2011-01-16,2011-06-01,0,3616
497720,10,Western,2010 1,ZMB.10_1,36,2011-01-16,2011-06-01,0,3763
496954,5,Lusaka,2010 1,ZMB.5_1,20,2011-01-16,2011-06-01,0,3763
496936,5,Lusaka,2010 1,ZMB.5_1,2,2011-01-16,2011-06-01,0,3763
496337,1,Central,2010 1,ZMB.1_1,3,2011-01-16,2011-06-01,0,3763
496358,1,Central,2010 1,ZMB.1_1,24,2011-01-16,2011-06-01,0,3763
496346,1,Central,2010 1,ZMB.1_1,12,2011-01-16,2011-06-01,0,3337
496344,1,Central,2010 1,ZMB.1_1,10,2011-01-16,2011-06-01,0,3763
496804,4,Luapula,2010 1,ZMB.4_1,20,2011-01-17,2011-06-02,0,3796
497555,9,Southern,2010 1,ZMB.9_1,21,2011-01-17,2011-06-02,0,3204
496940,5,Lusaka,2010 1,ZMB.5_1,6,2011-01-17,2011-06-02,0,3481
497716,10,Western,2010 1,ZMB.10_1,32,2011-01-17,2011-06-02,0,3790
497715,10,Western,2010 1,ZMB.10_1,31,2011-01-17,2011-06-02,0,3796
496819,4,Luapula,2010 1,ZMB.4_1,35,2011-01-17,2011-06-02,0,3295
497387,8,Northern,2010 1,ZMB.8_1,3,2011-01-17,2011-06-02,0,3796
497095,6,Muchinga,2010 1,ZMB.6_1,11,2011-01-17,2011-06-02,0,3796
496946,5,Lusaka,2010 1,ZMB.5_1,12,2011-01-17,2011-06-02,0,3796
496339,1,Central,2010 1,ZMB.1_1,5,2011-01-17,2011-06-02,0,3776
496953,5,Lusaka,2010 1,ZMB.5_1,19,2011-01-17,2011-06-02,0,3303
497725,10,Western,2010 1,ZMB.10_1,41,2011-01-17,2011-06-02,0,2635
497127,6,Muchinga,2010 1,ZMB.6_1,43,2011-01-17,2011-06-02,0,3663
496816,4,Luapula,2010 1,ZMB.4_1,32,2011-01-17,2011-06-02,0,3796
496668,3,Eastern,2010 1,ZMB.3_1,34,2011-01-17,2011-06-02,0,3079
497246,7,North-Western,2010 1,ZMB.7_1,12,2011-01-18,2011-06-03,0,3917
496500,2,Copperbelt,2010 1,ZMB.2_1,16,2011-01-18,2011-06-03,0,3917
496655,3,Eastern,2010 1,ZMB.3_1,21,2011-01-18,2011-06-03,0,3915
496814,4,Luapula,2010 1,ZMB.4_1,30,2011-01-18,2011-06-03,0,3917
497423,8,Northern,2010 1,ZMB.8_1,39,2011-01-18,2011-06-03,0,3917
496378,1,Central,2010 1,ZMB.1_1,44,2011-01-18,2011-06-03,0,3576
497395,8,Northern,2010 1,ZMB.8_1,11,2011-01-18,2011-06-03,0,3917
497722,10,Western,2010 1,ZMB.10_1,38,2011-01-18,2011-06-03,0,3915
496967,5,Lusaka,2010 1,ZMB.5_1,33,2011-01-18,2011-06-03,0,3792
497717,10,Western,2010 1,ZMB.10_1,33,2011-01-18,2011-06-03,0,3917
496978,5,Lusaka,2010 1,ZMB.5_1,44,2011-01-18,2011-06-03,0,3680
497118,6,Muchinga,2010 1,ZMB.6_1,34,2011-01-18,2011-06-03,0,3917
496828,4,Luapula,2010 1,ZMB.4_1,44,2011-01-18,2011-06-03,0,3254
497120,6,Muchinga,2010 1,ZMB.6_1,36,2011-01-18,2011-06-03,0,3917
497687,10,Western,2010 1,ZMB.10_1,3,2011-01-18,2011-06-03,0,3917
496531,2,Copperbelt,2010 1,ZMB.2_1,47,2011-01-19,2011-06-04,0,3993
496521,2,Copperbelt,2010 1,ZMB.2_1,37,2011-01-19,2011-06-04,0,3915
497541,9,Southern,2010 1,ZMB.9_1,7,2011-01-19,2011-06-04,0,3419
497549,9,Southern,2010 1,ZMB.9_1,15,2011-01-19,2011-06-04,0,3918
497577,9,Southern,2010 1,ZMB.9_1,43,2011-01-19,2011-06-04,0,3502
497119,6,Muchinga,2010 1,ZMB.6_1,35,2011-01-19,2011-06-04,0,3770
497106,6,Muchinga,2010 1,ZMB.6_1,22,2011-01-19,2011-06-04,0,3993
497432,8,Northern,2010 1,ZMB.8_1,48,2011-01-19,2011-06-04,0,3993
496963,5,Lusaka,2010 1,ZMB.5_1,29,2011-01-19,2011-06-04,0,3994
496939,5,Lusaka,2010 1,ZMB.5_1,5,2011-01-19,2011-06-04,0,3637
496785,4,Luapula,2010 1,ZMB.4_1,1,2011-01-19,2011-06-04,0,3994
496786,4,Luapula,2010 1,ZMB.4_1,2,2011-01-19,2011-06-04,0,3994
496363,1,Central,2010 1,ZMB.1_1,29,2011-01-19,2011-06-04,0,3527
496796,4,Luapula,2010 1,ZMB.4_1,12,2011-01-19,2011-06-04,0,3245
496797,4,Luapula,2010 1,ZMB.4_1,13,2011-01-19,2011-06-04,0,3993
496361,1,Central,2010 1,ZMB.1_1,27,2011-01-19,2011-06-04,0,3957
497257,7,North-Western,2010 1,ZMB.7_1,23,2011-01-19,2011-06-04,0,3994
496495,2,Copperbelt,2010 1,ZMB.2_1,11,2011-01-20,2011-06-05,0,4091
497701,10,Western,2010 1,ZMB.10_1,17,2011-01-20,2011-06-05,0,4090
496984,5,Lusaka,2010 1,ZMB.5_1,50,2011-01-20,2011-06-05,0,3738
497133,6,Muchinga,2010 1,ZMB.6_1,49,2011-01-20,2011-06-05,0,4091
497734,10,Western,2010 1,ZMB.10_1,50,2011-01-20,2011-06-05,0,4083
496526,2,Copperbelt,2010 1,ZMB.2_1,42,2011-01-20,2011-06-05,0,3962
496647,3,Eastern,2010 1,ZMB.3_1,13,2011-01-20,2011-06-05,0,3792
497283,7,North-Western,2010 1,ZMB.7_1,49,2011-01-20,2011-06-05,0,4091
496982,5,Lusaka,2010 1,ZMB.5_1,48,2011-01-20,2011-06-05,0,3722
497424,8,Northern,2010 1,ZMB.8_1,40,2011-01-20,2011-06-05,0,3867
497253,7,North-Western,2010 1,ZMB.7_1,19,2011-01-20,2011-06-05,0,4091
497239,7,North-Western,2010 1,ZMB.7_1,5,2011-01-20,2011-06-05,0,4091
496680,3,Eastern,2010 1,ZMB.3_1,46,2011-01-20,2011-06-05,0,3656
497411,8,Northern,2010 1,ZMB.8_1,27,2011-01-20,2011-06-05,0,4091
497408,8,Northern,2010 1,ZMB.8_1,24,2011-01-20,2011-06-05,0,4091
496981,5,Lusaka,2010 1,ZMB.5_1,47,2011-01-20,2011-06-05,0,3912
497546,9,Southern,2010 1,ZMB.9_1,12,2011-01-20,2011-06-05,0,3271
497578,9,Southern,2010 1,ZMB.9_1,44,2011-01-20,2011-06-05,0,4091
497434,8,Northern,2010 1,ZMB.8_1,50,2011-01-20,2011-06-05,0,3655
497433,8,Northern,2010 1,ZMB.8_1,49,2011-01-20,2011-06-05,0,4091
496507,2,Copperbelt,2010 1,ZMB.2_1,23,2011-01-21,2011-06-06,0,3365
496642,3,Eastern,2010 1,ZMB.3_1,8,2011-01-21,2011-06-06,0,3141
496969,5,Lusaka,2010 1,ZMB.5_1,35,2011-01-21,2011-06-06,0,3252
496975,5,Lusaka,2010 1,ZMB.5_1,41,2011-01-21,2011-06-06,0,3703
497712,10,Western,2010 1,ZMB.10_1,28,2011-01-21,2011-06-06,0,3539
496983,5,Lusaka,2010 1,ZMB.5_1,49,2011-01-21,2011-06-06,0,3902
496662,3,Eastern,2010 1,ZMB.3_1,28,2011-01-21,2011-06-06,0,4144
496800,4,Luapula,2010 1,ZMB.4_1,16,2011-01-21,2011-06-06,0,4144
496527,2,Copperbelt,2010 1,ZMB.2_1,43,2011-01-21,2011-06-06,0,3697
497402,8,Northern,2010 1,ZMB.8_1,18,2011-01-21,2011-06-06,0,3708
496343,1,Central,2010 1,ZMB.1_1,9,2011-01-21,2011-06-06,0,4144
497121,6,Muchinga,2010 1,ZMB.6_1,37,2011-01-21,2011-06-06,0,4144
497551,9,Southern,2010 1,ZMB.9_1,17,2011-01-21,2011-06-06,0,3909
497113,6,Muchinga,2010 1,ZMB.6_1,29,2011-01-21,2011-06-06,0,4100
496948,5,Lusaka,2010 1,ZMB.5_1,14,2011-01-21,2011-06-06,0,4144
496347,1,Central,2010 1,ZMB.1_1,13,2011-01-21,2011-06-06,0,3632
496494,2,Copperbelt,2010 1,ZMB.2_1,10,2011-01-21,2011-06-06,0,4144
497100,6,Muchinga,2010 1,ZMB.6_1,16,2011-01-21,2011-06-06,0,3781
497385,8,Northern,2010 1,ZMB.8_1,1,2011-01-21,2011-06-06,0,4144
497386,8,Northern,2010 1,ZMB.8_1,2,2011-01-21,2011-06-06,0,4144
497125,6,Muchinga,2010 1,ZMB.6_1,41,2011-01-22,2011-06-07,0,4252
496810,4,Luapula,2010 1,ZMB.4_1,26,2011-01-22,2011-06-07,0,4252
496944,5,Lusaka,2010 1,ZMB.5_1,10,2011-01-22,2011-06-07,0,3447
496659,3,Eastern,2010 1,ZMB.3_1,25,2011-01-22,2011-06-07,0,4252
496970,5,Lusaka,2010 1,ZMB.5_1,36,2011-01-22,2011-06-07,0,3178
497429,8,Northern,2010 1,ZMB.8_1,45,2011-01-22,2011-06-07,0,3767
497696,10,Western,2010 1,ZMB.10_1,12,2011-01-22,2011-06-07,0,4091
496352,1,Central,2010 1,ZMB.1_1,18,2011-01-22,2011-06-07,0,4023
497563,9,Southern,2010 1,ZMB.9_1,29,2011-01-22,2011-06-07,0,3708
496519,2,Copperbelt,2010 1,ZMB.2_1,35,2011-01-22,2011-06-07,0,4252
497094,6,Muchinga,2010 1,ZMB.6_1,10,2011-01-22,2011-06-07,0,4011
497114,6,Muchinga,2010 1,ZMB.6_1,30,2011-01-22,2011-06-07,0,3314
496669,3,Eastern,2010 1,ZMB.3_1,35,2011-01-22,2011-06-07,0,3075
497238,7,North-Western,2010 1,ZMB.7_1,4,2011-01-22,2011-06-07,0,4252
496646,3,Eastern,2010 1,ZMB.3_1,12,2011-01-22,2011-06-07,0,4252
497124,6,Muchinga,2010 1,ZMB.6_1,40,2011-01-22,2011-06-07,0,3613
497272,7,North-Western,2010 1,ZMB.7_1,38,2011-01-23,2011-06-08,0,4142
497569,9,Southern,2010 1,ZMB.9_1,35,2011-01-23,2011-06-08,0,3959
496681,3,Eastern,2010 1,ZMB.3_1,47,2011-01-23,2011-06-08,0,4142
497259,7,North-Western,2010 1,ZMB.7_1,25,2011-01-23,2011-06-08,0,4142
497129,6,Muchinga,2010 1,ZMB.6_1,45,2011-01-23,2011-06-08,0,3405
497686,10,Western,2010 1,ZMB.10_1,2,2011-01-23,2011-06-08,0,4142
496644,3,Eastern,2010 1,ZMB.3_1,10,2011-01-23,2011-06-08,0,4142
496342,1,Central,2010 1,ZMB.1_1,8,2011-01-23,2011-06-08,0,3572
497413,8,Northern,2010 1,ZMB.8_1,29,2011-01-23,2011-06-08,0,3477
497104,6,Muchinga,2010 1,ZMB.6_1,20,2011-01-23,2011-06-08,0,4142
497102,6,Muchinga,2010 1,ZMB.6_1,18,2011-01-23,2011-06-08,0,4142
497389,8,Northern,2010 1,ZMB.8_1,5,2011-01-23,2011-06-08,0,3903
496489,2,Copperbelt,2010 1,ZMB.2_1,5,2011-01-23,2011-06-08,0,4142
496636,3,Eastern,2010 1,ZMB.3_1,2,2011-01-23,2011-06-08,0,4142
497727,10,Western,2010 1,ZMB.10_1,43,2011-01-23,2011-06-08,0,4142
496508,2,Copperbelt,2010 1,ZMB.2_1,24,2011-01-23,2011-06-08,0,4059
496498,2,Copperbelt,2010 1,ZMB.2_1,14,2011-01-23,2011-06-08,0,3917
496653,3,Eastern,2010 1,ZMB.3_1,19,2011-01-23,2011-06-08,0,4142
496667,3,Eastern,2010 1,ZMB.3_1,33,2011-01-23,2011-06-08,0,3770
497110,6,Muchinga,2010 1,ZMB.6_1,26,2011-01-24,2011-06-09,0,4132
497109,6,Muchinga,2010 1,ZMB.6_1,25,2011-01-24,2011-06-09,0,3290
497279,7,North-Western,2010 1,ZMB.7_1,45,2011-01-24,2011-06-09,0,4132
496338,1,Central,2010 1,ZMB.1_1,4,2011-01-24,2011-06-09,0,4007
496956,5,Lusaka,2010 1,ZMB.5_1,22,2011-01-24,2011-06-09,0,4132
496977,5,Lusaka,2010 1,ZMB.5_1,43,2011-01-24,2011-06-09,0,3886
496965,5,Lusaka,2010 1,ZMB.5_1,31,2011-01-24,2011-06-09,0,3819
497086,6,Muchinga,2010 1,ZMB.6_1,2,2011-01-24,2011-06-09,0,3953
497556,9,Southern,2010 1,ZMB.9_1,22,2011-01-24,2011-06-09,0,4132
496534,2,Copperbelt,2010 1,ZMB.2_1,50,2011-01-24,2011-06-09,0,4132
496949,5,Lusaka,2010 1,ZMB.5_1,15,2011-01-24,2011-06-09,0,3824
496373,1,Central,2010 1,ZMB.1_1,39,2011-01-24,2011-06-09,0,4051
496962,5,Lusaka,2010 1,ZMB.5_1,28,2011-01-24,2011-06-09,0,3943
497388,8,Northern,2010 1,ZMB.8_1,4,2011-01-24,2011-06-09,0,4132
497728,10,Western,2010 1,ZMB.10_1,44,2011-01-25,2011-06-10,0,3621
496382,1,Central,2010 1,ZMB.1_1,48,2011-01-25,2011-06-10,0,4008
497552,9,Southern,2010 1,ZMB.9_1,18,2011-01-25,2011-06-10,0,3783
496490,2,Copperbelt,2010 1,ZMB.2_1,6,2011-01-25,2011-06-10,0,4130
497244,7,North-Western,2010 1,ZMB.7_1,10,2011-01-25,2011-06-10,0,3768
496665,3,Eastern,2010 1,ZMB.3_1,31,2011-01-25,2011-06-10,0,3612
497392,8,Northern,2010 1,ZMB.8_1,8,2011-01-25,2011-06-10,0,4130
496513,2,Copperbelt,2010 1,ZMB.2_1,29,2011-01-25,2011-06-10,0,4130
497572,9,Southern,2010 1,ZMB.9_1,38,2011-01-25,2011-06-10,0,3015
496360,1,Central,2010 1,ZMB.1_1,26,2011-01-25,2011-06-10,0,4129
496520,2,Copperbelt,2010 1,ZMB.2_1,36,2011-01-25,2011-06-10,0,4130
497697,10,Western,2010 1,ZMB.10_1,13,2011-01-25,2011-06-10,0,3266
496831,4,Luapula,2010 1,ZMB.4_1,47,2011-01-25,2011-06-10,0,4130
496677,3,Eastern,2010 1,ZMB.3_1,43,2011-01-26,2011-06-11,0,3954
497718,10,Western,2010 1,ZMB.10_1,34,2011-01-26,2011-06-11,0,4126
497719,10,Western,2010 1,ZMB.10_1,35,2011-01-26,2011-06-11,0,3666
497415,8,Northern,2010 1,ZMB.8_1,31,2011-01-26,2011-06-11,0,4126
497398,8,Northern,2010 1,ZMB.8_1,14,2011-01-26,2011-06-11,0,4126
497284,7,North-Western,2010 1,ZMB.7_1,50,2011-01-26,2011-06-11,0,4047
497544,9,Southern,2010 1,ZMB.9_1,10,2011-01-26,2011-06-11,0,4126
496817,4,Luapula,2010 1,ZMB.4_1,33,2011-01-26,2011-06-11,0,3899
497535,9,Southern,2010 1,ZMB.9_1,1,2011-01-26,2011-06-11,0,4126
496811,4,Luapula,2010 1,ZMB.4_1,27,2011-01-26,2011-06-11,0,3702
497260,7,North-Western,2010 1,ZMB.7_1,26,2011-01-26,2011-06-11,0,3705
496666,3,Eastern,2010 1,ZMB.3_1,32,2011-01-26,2011-06-11,0,4126
497431,8,Northern,2010 1,ZMB.8_1,47,2011-01-26,2011-06-11,0,4126
497405,8,Northern,2010 1,ZMB.8_1,21,2011-01-26,2011-06-11,0,4126
497709,10,Western,2010 1,ZMB.10_1,25,2011-01-26,2011-06-11,0,3437
496384,1,Central,2010 1,ZMB.1_1,50,2011-01-27,2011-06-12,0,4206
497557,9,Southern,2010 1,ZMB.9_1,23,2011-01-27,2011-06-12,0,4167
496789,4,Luapula,2010 1,ZMB.4_1,5,2011-01-27,2011-06-12,0,4206
497699,10,Western,2010 1,ZMB.10_1,15,2011-01-27,2011-06-12,0,4206
496362,1,Central,2010 1,ZMB.1_1,28,2011-01-27,2011-06-12,0,4206
496643,3,Eastern,2010 1,ZMB.3_1,9,2011-01-27,2011-06-12,0,4206
496957,5,Lusaka,2010 1,ZMB.5_1,23,2011-01-27,2011-06-12,0,3551
496670,3,Eastern,2010 1,ZMB.3_1,36,2011-01-27,2011-06-12,0,4206
496350,1,Central,2010 1,ZMB.1_1,16,2011-01-27,2011-06-12,0,4206
496486,2,Copperbelt,2010 1,ZMB.2_1,2,2011-01-27,2011-06-12,0,3917
496533,2,Copperbelt,2010 1,ZMB.2_1,49,2011-01-27,2011-06-12,0,3727
496976,5,Lusaka,2010 1,ZMB.5_1,42,2011-01-27,2011-06-12,0,3419
497236,7,North-Western,2010 1,ZMB.7_1,2,2011-01-27,2011-06-12,0,4206
497694,10,Western,2010 1,ZMB.10_1,10,2011-01-27,2011-06-12,0,4206
497417,8,Northern,2010 1,ZMB.8_1,33,2011-01-27,2011-06-12,0,4206
496832,4,Luapula,2010 1,ZMB.4_1,48,2011-01-27,2011-06-12,0,3862
497553,9,Southern,2010 1,ZMB.9_1,19,2011-01-28,2011-06-15,0,4393
496972,5,Lusaka,2010 1,ZMB.5_1,38,2011-01-28,2011-06-15,0,3971
496807,4,Luapula,2010 1,ZMB.4_1,23,2011-01-28,2011-06-15,0,4228
497112,6,Muchinga,2010 1,ZMB.6_1,28,2011-01-28,2011-06-15,0,4394
497409,8,Northern,2010 1,ZMB.8_1,25,2011-01-28,2011-06-15,0,4061
496808,4,Luapula,2010 1,ZMB.4_1,24,2011-01-28,2011-06-15,0,4394
496660,3,Eastern,2010 1,ZMB.3_1,26,2011-01-28,2011-06-15,0,4099
496795,4,Luapula,2010 1,ZMB.4_1,11,2011-01-28,2011-06-15,0,4394
496511,2,Copperbelt,2010 1,ZMB.2_1,27,2011-01-28,2011-06-15,0,3967
496381,1,Central,2010 1,ZMB.1_1,47,2011-01-28,2011-06-15,0,4394
497394,8,Northern,2010 1,ZMB.8_1,10,2011-01-28,2011-06-15,0,4394
497105,6,Muchinga,2010 1,ZMB.6_1,21,2011-01-28,2011-06-15,0,4394
497107,6,Muchinga,2010 1,ZMB.6_1,23,2011-01-28,2011-06-15,0,3792
497702,10,Western,2010 1,ZMB.10_1,18,2011-01-29,2011-06-17,0,4423
496961,5,Lusaka,2010 1,ZMB.5_1,27,2011-01-29,2011-06-17,0,3643
497705,10,Western,2010 1,ZMB.10_1,21,2011-01-29,2011-06-17,0,4423
497404,8,Northern,2010 1,ZMB.8_1,20,2011-01-29,2011-06-17,0,4423
497255,7,North-Western,2010 1,ZMB.7_1,21,2011-01-29,2011-06-17,0,4423
496370,1,Central,2010 1,ZMB.1_1,36,2011-01-29,2011-06-17,0,4196
497400,8,Northern,2010 1,ZMB.8_1,16,2011-01-29,2011-06-17,0,3183
496818,4,Luapula,2010 1,ZMB.4_1,34,2011-01-29,2011-06-17,0,4423
496529,2,Copperbelt,2010 1,ZMB.2_1,45,2011-01-29,2011-06-17,0,3921
497561,9,Southern,2010 1,ZMB.9_1,27,2011-01-29,2011-06-17,0,3654
497583,9,Southern,2010 1,ZMB.9_1,49,2011-01-29,2011-06-17,0,3232
497248,7,North-Western,2010 1,ZMB.7_1,14,2011-01-29,2011-06-17,0,4423
497265,7,North-Western,2010 1,ZMB.7_1,31,2011-01-29,2011-06-17,0,4423
496522,2,Copperbelt,2010 1,ZMB.2_1,38,2011-01-30,2011-06-15,0,4217
496348,1,Central,2010 1,ZMB.1_1,14,2011-01-30,2011-06-15,0,4217
496792,4,Luapula,2010 1,ZMB.4_1,8,2011-01-30,2011-06-15,0,4217
496830,4,Luapula,2010 1,ZMB.4_1,46,2011-01-30,2011-06-15,0,4217
496833,4,Luapula,2010 1,ZMB.4_1,49,2011-01-30,2011-06-15,0,4217
496952,5,Lusaka,2010 1,ZMB.5_1,18,2011-01-30,2011-06-15,0,3368
497282,7,North-Western,2010 1,ZMB.7_1,48,2011-01-30,2011-06-15,0,4217
497426,8,Northern,2010 1,ZMB.8_1,42,2011-01-30,2011-06-15,0,4217
496412,1,Central,2011 1,ZMB.1_1,28,2011-10-15,2012-02-08,0,3399
497154,6,Muchinga,2011 1,ZMB.6_1,20,2011-10-15,2012-02-08,0,3140
497312,7,North-Western,2011 1,ZMB.7_1,28,2011-10-15,2012-02-08,0,3711
497739,10,Western,2011 1,ZMB.10_1,5,2011-10-15,2012-02-08,0,3154
497166,6,Muchinga,2011 1,ZMB.6_1,32,2011-10-15,2012-02-08,0,3565
497301,7,North-Western,2011 1,ZMB.7_1,17,2011-10-15,2012-02-08,0,3018
496569,2,Copperbelt,2011 1,ZMB.2_1,35,2011-10-15,2012-02-08,0,3540
497462,8,Northern,2011 1,ZMB.8_1,28,2011-10-15,2012-02-08,0,3646
496577,2,Copperbelt,2011 1,ZMB.2_1,43,2011-10-15,2012-02-08,0,3702
497750,10,Western,2011 1,ZMB.10_1,16,2011-10-15,2012-02-08,0,2560
497016,5,Lusaka,2011 1,ZMB.5_1,32,2011-10-15,2012-02-08,0,3565
496715,3,Eastern,2011 1,ZMB.3_1,31,2011-10-15,2012-02-08,0,3213
496847,4,Luapula,2011 1,ZMB.4_1,13,2011-10-15,2012-02-08,0,3565
497769,10,Western,2011 1,ZMB.10_1,35,2011-10-15,2012-02-08,0,3628
497453,8,Northern,2011 1,ZMB.8_1,19,2011-10-15,2012-02-08,0,3711
497139,6,Muchinga,2011 1,ZMB.6_1,5,2011-10-15,2012-02-08,0,3626
497753,10,Western,2011 1,ZMB.10_1,19,2011-10-15,2012-02-08,0,3034
496431,1,Central,2011 1,ZMB.1_1,47,2011-10-15,2012-02-08,0,3330
497484,8,Northern,2011 1,ZMB.8_1,50,2011-10-16,2012-02-09,0,3694
497143,6,Muchinga,2011 1,ZMB.6_1,9,2011-10-16,2012-02-09,0,3694
497146,6,Muchinga,2011 1,ZMB.6_1,12,2011-10-16,2012-02-09,0,3498
496720,3,Eastern,2011 1,ZMB.3_1,36,2011-10-16,2012-02-09,0,2726
497152,6,Muchinga,2011 1,ZMB.6_1,18,2011-10-16,2012-02-09,0,3681
497165,6,Muchinga,2011 1,ZMB.6_1,31,2011-10-16,2012-02-09,0,3228
496862,4,Luapula,2011 1,ZMB.4_1,28,2011-10-16,2012-02-09,0,3271
496841,4,Luapula,2011 1,ZMB.4_1,7,2011-10-16,2012-02-09,0,3598
497138,6,Muchinga,2011 1,ZMB.6_1,4,2011-10-16,2012-02-09,0,3541
496417,1,Central,2011 1,ZMB.1_1,33,2011-10-16,2012-02-09,0,3418
496426,1,Central,2011 1,ZMB.1_1,42,2011-10-16,2012-02-09,0,3548
496427,1,Central,2011 1,ZMB.1_1,43,2011-10-16,2012-02-09,0,2816
497001,5,Lusaka,2011 1,ZMB.5_1,17,2011-10-16,2012-02-09,0,2994
497452,8,Northern,2011 1,ZMB.8_1,18,2011-10-16,2012-02-09,0,3673
497761,10,Western,2011 1,ZMB.10_1,27,2011-10-16,2012-02-09,0,2457
497775,10,Western,2011 1,ZMB.10_1,41,2011-10-16,2012-02-09,0,3301
496405,1,Central,2011 1,ZMB.1_1,21,2011-10-17,2012-02-13,0,3100
496699,3,Eastern,2011 1,ZMB.3_1,15,2011-10-17,2012-02-13,0,3904
497783,10,Western,2011 1,ZMB.10_1,49,2011-10-17,2012-02-13,0,3500
496846,4,Luapula,2011 1,ZMB.4_1,12,2011-10-17,2012-02-13,0,3755
497463,8,Northern,2011 1,ZMB.8_1,29,2011-10-17,2012-02-13,0,3409
497468,8,Northern,2011 1,ZMB.8_1,34,2011-10-17,2012-02-13,0,3695
497476,8,Northern,2011 1,ZMB.8_1,42,2011-10-17,2012-02-13,0,2966
497299,7,North-Western,2011 1,ZMB.7_1,15,2011-10-17,2012-02-13,0,3950
496575,2,Copperbelt,2011 1,ZMB.2_1,41,2011-10-17,2012-02-13,0,3732
496852,4,Luapula,2011 1,ZMB.4_1,18,2011-10-17,2012-02-13,0,3581
497591,9,Southern,2011 1,ZMB.9_1,7,2011-10-17,2012-02-13,0,3096
497004,5,Lusaka,2011 1,ZMB.5_1,20,2011-10-17,2012-02-13,0,3724
497438,8,Northern,2011 1,ZMB.8_1,4,2011-10-17,2012-02-13,0,3601
497610,9,Southern,2011 1,ZMB.9_1,26,2011-10-17,2012-02-13,0,3610
497467,8,Northern,2011 1,ZMB.8_1,33,2011-10-17,2012-02-13,0,3947
497313,7,North-Western,2011 1,ZMB.7_1,29,2011-10-17,2012-02-13,0,3950
496840,4,Luapula,2011 1,ZMB.4_1,6,2011-10-17,2012-02-13,0,3270
497763,10,Western,2011 1,ZMB.10_1,29,2011-10-17,2012-02-13,0,2605
497293,7,North-Western,2011 1,ZMB.7_1,9,2011-10-17,2012-02-13,0,3950
497334,7,North-Western,2011 1,ZMB.7_1,50,2011-10-17,2012-02-13,0,3612
497169,6,Muchinga,2011 1,ZMB.6_1,35,2011-10-17,2012-02-13,0,3805
496877,4,Luapula,2011 1,ZMB.4_1,43,2011-10-17,2012-02-13,0,3501
496710,3,Eastern,2011 1,ZMB.3_1,26,2011-10-18,2012-02-14,0,3978
497444,8,Northern,2011 1,ZMB.8_1,10,2011-10-18,2012-02-14,0,3966
496572,2,Copperbelt,2011 1,ZMB.2_1,38,2011-10-18,2012-02-14,0,3271
497317,7,North-Western,2011 1,ZMB.7_1,33,2011-10-18,2012-02-14,0,3997
497617,9,Southern,2011 1,ZMB.9_1,33,2011-10-18,2012-02-14,0,3209
497442,8,Northern,2011 1,ZMB.8_1,8,2011-10-18,2012-02-14,0,3996
497606,9,Southern,2011 1,ZMB.9_1,22,2011-10-18,2012-02-14,0,3519
497464,8,Northern,2011 1,ZMB.8_1,30,2011-10-18,2012-02-14,0,3996
497778,10,Western,2011 1,ZMB.10_1,44,2011-10-18,2012-02-14,0,3761
497178,6,Muchinga,2011 1,ZMB.6_1,44,2011-10-18,2012-02-14,0,3831
497019,5,Lusaka,2011 1,ZMB.5_1,35,2011-10-18,2012-02-14,0,3593
496728,3,Eastern,2011 1,ZMB.3_1,44,2011-10-18,2012-02-14,0,3299
497588,9,Southern,2011 1,ZMB.9_1,4,2011-10-18,2012-02-14,0,2822
497630,9,Southern,2011 1,ZMB.9_1,46,2011-10-19,2012-02-15,0,3533
496870,4,Luapula,2011 1,ZMB.4_1,36,2011-10-19,2012-02-15,0,3914
496702,3,Eastern,2011 1,ZMB.3_1,18,2011-10-19,2012-02-15,0,3639
497298,7,North-Western,2011 1,ZMB.7_1,14,2011-10-19,2012-02-15,0,3635
497168,6,Muchinga,2011 1,ZMB.6_1,34,2011-10-19,2012-02-15,0,3911
497304,7,North-Western,2011 1,ZMB.7_1,20,2011-10-19,2012-02-15,0,3566
497319,7,North-Western,2011 1,ZMB.7_1,35,2011-10-19,2012-02-15,0,3909
496725,3,Eastern,2011 1,ZMB.3_1,41,2011-10-19,2012-02-15,0,3924
496416,1,Central,2011 1,ZMB.1_1,32,2011-10-19,2012-02-15,0,3406
497765,10,Western,2011 1,ZMB.10_1,31,2011-10-19,2012-02-15,0,3858
497027,5,Lusaka,2011 1,ZMB.5_1,43,2011-10-19,2012-02-15,0,3739
496430,1,Central,2011 1,ZMB.1_1,46,2011-10-19,2012-02-15,0,3173
497153,6,Muchinga,2011 1,ZMB.6_1,19,2011-10-19,2012-02-15,0,3942
497760,10,Western,2011 1,ZMB.10_1,26,2011-10-19,2012-02-15,0,2737
497479,8,Northern,2011 1,ZMB.8_1,45,2011-10-19,2012-02-15,0,3111
496998,5,Lusaka,2011 1,ZMB.5_1,14,2011-10-19,2012-02-15,0,3754
496559,2,Copperbelt,2011 1,ZMB.2_1,25,2011-10-19,2012-02-15,0,3297
496543,2,Copperbelt,2011 1,ZMB.2_1,9,2011-10-19,2012-02-15,0,3757
497773,10,Western,2011 1,ZMB.10_1,39,2011-10-19,2012-02-15,0,3838
497585,9,Southern,2011 1,ZMB.9_1,1,2011-10-19,2012-02-15,0,3042
496390,1,Central,2011 1,ZMB.1_1,6,2011-10-19,2012-02-15,0,3712
497612,9,Southern,2011 1,ZMB.9_1,28,2011-10-20,2012-02-16,0,3003
496564,2,Copperbelt,2011 1,ZMB.2_1,30,2011-10-20,2012-02-16,0,3957
496991,5,Lusaka,2011 1,ZMB.5_1,7,2011-10-20,2012-02-16,0,3019
497741,10,Western,2011 1,ZMB.10_1,7,2011-10-20,2012-02-16,0,3563
497292,7,North-Western,2011 1,ZMB.7_1,8,2011-10-20,2012-02-16,0,3786
496838,4,Luapula,2011 1,ZMB.4_1,4,2011-10-20,2012-02-16,0,3753
497749,10,Western,2011 1,ZMB.10_1,15,2011-10-20,2012-02-16,0,3651
496705,3,Eastern,2011 1,ZMB.3_1,21,2011-10-20,2012-02-16,0,3064
496391,1,Central,2011 1,ZMB.1_1,7,2011-10-20,2012-02-16,0,3273
497024,5,Lusaka,2011 1,ZMB.5_1,40,2011-10-20,2012-02-16,0,3602
497031,5,Lusaka,2011 1,ZMB.5_1,47,2011-10-20,2012-02-16,0,3319
496835,4,Luapula,2011 1,ZMB.4_1,1,2011-10-20,2012-02-16,0,3811
496701,3,Eastern,2011 1,ZMB.3_1,17,2011-10-20,2012-02-16,0,3238
497331,7,North-Western,2011 1,ZMB.7_1,47,2011-10-20,2012-02-16,0,3665
497324,7,North-Western,2011 1,ZMB.7_1,40,2011-10-20,2012-02-16,0,3723
497607,9,Southern,2011 1,ZMB.9_1,23,2011-10-20,2012-02-16,0,3470
497177,6,Muchinga,2011 1,ZMB.6_1,43,2011-10-20,2012-02-16,0,3957
497602,9,Southern,2011 1,ZMB.9_1,18,2011-10-20,2012-02-16,0,3828
496552,2,Copperbelt,2011 1,ZMB.2_1,18,2011-10-20,2012-02-16,0,3608
497461,8,Northern,2011 1,ZMB.8_1,27,2011-10-20,2012-02-16,0,3907
496555,2,Copperbelt,2011 1,ZMB.2_1,21,2011-10-21,2012-02-17,0,3378
496859,4,Luapula,2011 1,ZMB.4_1,25,2011-10-21,2012-02-17,0,3887
496861,4,Luapula,2011 1,ZMB.4_1,27,2011-10-21,2012-02-17,0,3627
496393,1,Central,2011 1,ZMB.1_1,9,2011-10-21,2012-02-17,0,3774
496407,1,Central,2011 1,ZMB.1_1,23,2011-10-21,2012-02-17,0,3741
497770,10,Western,2011 1,ZMB.10_1,36,2011-10-21,2012-02-17,0,3835
497474,8,Northern,2011 1,ZMB.8_1,40,2011-10-21,2012-02-17,0,3906
497449,8,Northern,2011 1,ZMB.8_1,15,2011-10-21,2012-02-17,0,3906
496558,2,Copperbelt,2011 1,ZMB.2_1,24,2011-10-21,2012-02-17,0,3195
496985,5,Lusaka,2011 1,ZMB.5_1,1,2011-10-21,2012-02-17,0,3759
496986,5,Lusaka,2011 1,ZMB.5_1,2,2011-10-21,2012-02-17,0,3768
497002,5,Lusaka,2011 1,ZMB.5_1,18,2011-10-21,2012-02-17,0,3606
497010,5,Lusaka,2011 1,ZMB.5_1,26,2011-10-21,2012-02-17,0,3749
497330,7,North-Western,2011 1,ZMB.7_1,46,2011-10-21,2012-02-17,0,3702
497306,7,North-Western,2011 1,ZMB.7_1,22,2011-10-21,2012-02-17,0,3904
496719,3,Eastern,2011 1,ZMB.3_1,35,2011-10-21,2012-02-17,0,3379
496716,3,Eastern,2011 1,ZMB.3_1,32,2011-10-21,2012-02-17,0,3375
496731,3,Eastern,2011 1,ZMB.3_1,47,2011-10-22,2012-02-18,0,3912
496580,2,Copperbelt,2011 1,ZMB.2_1,46,2011-10-22,2012-02-18,0,3806
496387,1,Central,2011 1,ZMB.1_1,3,2011-10-22,2012-02-18,0,3981
497470,8,Northern,2011 1,ZMB.8_1,36,2011-10-22,2012-02-18,0,3360
497736,10,Western,2011 1,ZMB.10_1,2,2011-10-22,2012-02-18,0,3994
497170,6,Muchinga,2011 1,ZMB.6_1,36,2011-10-22,2012-02-18,0,4000
496881,4,Luapula,2011 1,ZMB.4_1,47,2011-10-22,2012-02-18,0,3963
497297,7,North-Western,2011 1,ZMB.7_1,13,2011-10-22,2012-02-18,0,3826
496538,2,Copperbelt,2011 1,ZMB.2_1,4,2011-10-22,2012-02-18,0,3736
496712,3,Eastern,2011 1,ZMB.3_1,28,2011-10-22,2012-02-18,0,4006
497145,6,Muchinga,2011 1,ZMB.6_1,11,2011-10-22,2012-02-18,0,4006
497737,10,Western,2011 1,ZMB.10_1,3,2011-10-22,2012-02-18,0,2457
497589,9,Southern,2011 1,ZMB.9_1,5,2011-10-22,2012-02-18,0,3429
497621,9,Southern,2011 1,ZMB.9_1,37,2011-10-22,2012-02-18,0,3507
496990,5,Lusaka,2011 1,ZMB.5_1,6,2011-10-22,2012-02-18,0,3584
496385,1,Central,2011 1,ZMB.1_1,1,2011-10-22,2012-02-18,0,3805
496392,1,Central,2011 1,ZMB.1_1,8,2011-10-22,2012-02-18,0,3890
497172,6,Muchinga,2011 1,ZMB.6_1,38,2011-10-22,2012-02-18,0,4000
496428,1,Central,2011 1,ZMB.1_1,44,2011-10-23,2012-02-19,0,4318
497021,5,Lusaka,2011 1,ZMB.5_1,37,2011-10-23,2012-02-19,0,3411
496686,3,Eastern,2011 1,ZMB.3_1,2,2011-10-23,2012-02-19,0,4226
496850,4,Luapula,2011 1,ZMB.4_1,16,2011-10-23,2012-02-19,0,4318
496856,4,Luapula,2011 1,ZMB.4_1,22,2011-10-23,2012-02-19,0,4318
496734,3,Eastern,2011 1,ZMB.3_1,50,2011-10-23,2012-02-19,0,4318
497613,9,Southern,2011 1,ZMB.9_1,29,2011-10-23,2012-02-19,0,4269
496989,5,Lusaka,2011 1,ZMB.5_1,5,2011-10-23,2012-02-19,0,3877
497291,7,North-Western,2011 1,ZMB.7_1,7,2011-10-23,2012-02-19,0,4318
496995,5,Lusaka,2011 1,ZMB.5_1,11,2011-10-23,2012-02-19,0,4072
496415,1,Central,2011 1,ZMB.1_1,31,2011-10-23,2012-02-19,0,4318
497448,8,Northern,2011 1,ZMB.8_1,14,2011-10-23,2012-02-19,0,4230
497477,8,Northern,2011 1,ZMB.8_1,43,2011-10-23,2012-02-19,0,4318
497780,10,Western,2011 1,ZMB.10_1,46,2011-10-23,2012-02-19,0,3600
497628,9,Southern,2011 1,ZMB.9_1,44,2011-10-23,2012-02-19,0,3546
497776,10,Western,2011 1,ZMB.10_1,42,2011-10-24,2012-02-21,0,2501
497748,10,Western,2011 1,ZMB.10_1,14,2011-10-24,2012-02-21,0,4386
496386,1,Central,2011 1,ZMB.1_1,2,2011-10-24,2012-02-21,0,4383
497316,7,North-Western,2011 1,ZMB.7_1,32,2011-10-24,2012-02-21,0,4384
496695,3,Eastern,2011 1,ZMB.3_1,11,2011-10-24,2012-02-21,0,4386
497327,7,North-Western,2011 1,ZMB.7_1,43,2011-10-24,2012-02-21,0,4384
496851,4,Luapula,2011 1,ZMB.4_1,17,2011-10-24,2012-02-21,0,4386
497615,9,Southern,2011 1,ZMB.9_1,31,2011-10-24,2012-02-21,0,4386
497328,7,North-Western,2011 1,ZMB.7_1,44,2011-10-24,2012-02-21,0,4386
497149,6,Muchinga,2011 1,ZMB.6_1,15,2011-10-24,2012-02-21,0,3648
497447,8,Northern,2011 1,ZMB.8_1,13,2011-10-24,2012-02-21,0,4386
496690,3,Eastern,2011 1,ZMB.3_1,6,2011-10-25,2012-02-26,0,3953
496535,2,Copperbelt,2011 1,ZMB.2_1,1,2011-10-25,2012-02-26,0,3898
497608,9,Southern,2011 1,ZMB.9_1,24,2011-10-25,2012-02-26,0,3036
496993,5,Lusaka,2011 1,ZMB.5_1,9,2011-10-25,2012-02-26,0,3449
496570,2,Copperbelt,2011 1,ZMB.2_1,36,2011-10-25,2012-02-26,0,3960
496434,1,Central,2011 1,ZMB.1_1,50,2011-10-25,2012-02-26,0,3924
496411,1,Central,2011 1,ZMB.1_1,27,2011-10-25,2012-02-26,0,3253
497329,7,North-Western,2011 1,ZMB.7_1,45,2011-10-25,2012-02-26,0,3742
497302,7,North-Western,2011 1,ZMB.7_1,18,2011-10-25,2012-02-26,0,3780
497300,7,North-Western,2011 1,ZMB.7_1,16,2011-10-25,2012-02-26,0,3960
496843,4,Luapula,2011 1,ZMB.4_1,9,2011-10-25,2012-02-26,0,3948
497181,6,Muchinga,2011 1,ZMB.6_1,47,2011-10-25,2012-02-26,0,3960
497173,6,Muchinga,2011 1,ZMB.6_1,39,2011-10-25,2012-02-26,0,3960
496714,3,Eastern,2011 1,ZMB.3_1,30,2011-10-25,2012-02-26,0,3859
497772,10,Western,2011 1,ZMB.10_1,38,2011-10-25,2012-02-26,0,3960
497446,8,Northern,2011 1,ZMB.8_1,12,2011-10-26,2012-02-28,0,3879
497294,7,North-Western,2011 1,ZMB.7_1,10,2011-10-26,2012-02-28,0,3874
497314,7,North-Western,2011 1,ZMB.7_1,30,2011-10-26,2012-02-28,0,3887
496883,4,Luapula,2011 1,ZMB.4_1,49,2011-10-26,2012-02-28,0,3869
497323,7,North-Western,2011 1,ZMB.7_1,39,2011-10-26,2012-02-28,0,3887
496727,3,Eastern,2011 1,ZMB.3_1,43,2011-10-26,2012-02-28,0,3715
497157,6,Muchinga,2011 1,ZMB.6_1,23,2011-10-26,2012-02-28,0,3659
497009,5,Lusaka,2011 1,ZMB.5_1,25,2011-10-26,2012-02-28,0,3795
496704,3,Eastern,2011 1,ZMB.3_1,20,2011-10-26,2012-02-28,0,3860
497179,6,Muchinga,2011 1,ZMB.6_1,45,2011-10-26,2012-02-28,0,3887
496706,3,Eastern,2011 1,ZMB.3_1,22,2011-10-26,2012-02-28,0,3882
497735,10,Western,2011 1,ZMB.10_1,1,2011-10-26,2012-02-28,0,3553
497600,9,Southern,2011 1,ZMB.9_1,16,2011-10-26,2012-02-28,0,3279
497764,10,Western,2011 1,ZMB.10_1,30,2011-10-26,2012-02-28,0,2902
497318,7,North-Western,2011 1,ZMB.7_1,34,2011-10-27,2012-02-29,0,3812
497627,9,Southern,2011 1,ZMB.9_1,43,2011-10-27,2012-02-29,0,3232
496419,1,Central,2011 1,ZMB.1_1,35,2011-10-27,2012-02-29,0,3759
497784,10,Western,2011 1,ZMB.10_1,50,2011-10-27,2012-02-29,0,2892
497624,9,Southern,2011 1,ZMB.9_1,40,2011-10-27,2012-02-29,0,3545
497008,5,Lusaka,2011 1,ZMB.5_1,24,2011-10-27,2012-02-29,0,3701
496408,1,Central,2011 1,ZMB.1_1,24,2011-10-27,2012-02-29,0,3812
497310,7,North-Western,2011 1,ZMB.7_1,26,2011-10-27,2012-02-29,0,3751
496698,3,Eastern,2011 1,ZMB.3_1,14,2011-10-27,2012-02-29,0,3700
496879,4,Luapula,2011 1,ZMB.4_1,45,2011-10-27,2012-02-29,0,3644
496868,4,Luapula,2011 1,ZMB.4_1,34,2011-10-27,2012-02-29,0,3812
496865,4,Luapula,2011 1,ZMB.4_1,31,2011-10-27,2012-02-29,0,3700
496864,4,Luapula,2011 1,ZMB.4_1,30,2011-10-27,2012-02-29,0,3812
496849,4,Luapula,2011 1,ZMB.4_1,15,2011-10-27,2012-02-29,0,3784
496547,2,Copperbelt,2011 1,ZMB.2_1,13,2011-10-27,2012-02-29,0,3557
497437,8,Northern,2011 1,ZMB.8_1,3,2011-10-27,2012-02-29,0,3086
497141,6,Muchinga,2011 1,ZMB.6_1,7,2011-10-27,2012-02-29,0,3811
497747,10,Western,2011 1,ZMB.10_1,13,2011-10-27,2012-02-29,0,3270
497017,5,Lusaka,2011 1,ZMB.5_1,33,2011-10-27,2012-02-29,0,3572
497595,9,Southern,2011 1,ZMB.9_1,11,2011-10-27,2012-02-29,0,3404
496858,4,Luapula,2011 1,ZMB.4_1,24,2011-10-28,2012-03-01,0,3798
496692,3,Eastern,2011 1,ZMB.3_1,8,2011-10-28,2012-03-01,0,3798
497030,5,Lusaka,2011 1,ZMB.5_1,46,2011-10-28,2012-03-01,0,3789
496568,2,Copperbelt,2011 1,ZMB.2_1,34,2011-10-28,2012-03-01,0,3716
497174,6,Muchinga,2011 1,ZMB.6_1,40,2011-10-28,2012-03-01,0,3424
497740,10,Western,2011 1,ZMB.10_1,6,2011-10-28,2012-03-01,0,3380
497325,7,North-Western,2011 1,ZMB.7_1,41,2011-10-28,2012-03-01,0,3798
497618,9,Southern,2011 1,ZMB.9_1,34,2011-10-28,2012-03-01,0,3341
497473,8,Northern,2011 1,ZMB.8_1,39,2011-10-28,2012-03-01,0,3717
496399,1,Central,2011 1,ZMB.1_1,15,2011-10-28,2012-03-01,0,3798
496583,2,Copperbelt,2011 1,ZMB.2_1,49,2011-10-28,2012-03-01,0,3790
497005,5,Lusaka,2011 1,ZMB.5_1,21,2011-10-28,2012-03-01,0,3734
496548,2,Copperbelt,2011 1,ZMB.2_1,14,2011-10-28,2012-03-01,0,3797
497018,5,Lusaka,2011 1,ZMB.5_1,34,2011-10-28,2012-03-01,0,3751
497332,7,North-Western,2011 1,ZMB.7_1,48,2011-10-28,2012-03-01,0,3790
496423,1,Central,2011 1,ZMB.1_1,39,2011-10-28,2012-03-01,0,3425
496400,1,Central,2011 1,ZMB.1_1,16,2011-10-28,2012-03-01,0,3510
497596,9,Southern,2011 1,ZMB.9_1,12,2011-10-29,2012-03-02,0,3739
496876,4,Luapula,2011 1,ZMB.4_1,42,2011-10-29,2012-03-02,0,3737
496992,5,Lusaka,2011 1,ZMB.5_1,8,2011-10-29,2012-03-02,0,3573
497287,7,North-Western,2011 1,ZMB.7_1,3,2011-10-29,2012-03-02,0,3742
497184,6,Muchinga,2011 1,ZMB.6_1,50,2011-10-29,2012-03-02,0,3742
497633,9,Southern,2011 1,ZMB.9_1,49,2011-10-29,2012-03-02,0,3422
496556,2,Copperbelt,2011 1,ZMB.2_1,22,2011-10-29,2012-03-02,0,3442
496553,2,Copperbelt,2011 1,ZMB.2_1,19,2011-10-29,2012-03-02,0,3554
497025,5,Lusaka,2011 1,ZMB.5_1,41,2011-10-29,2012-03-02,0,3595
496550,2,Copperbelt,2011 1,ZMB.2_1,16,2011-10-29,2012-03-02,0,3038
496848,4,Luapula,2011 1,ZMB.4_1,14,2011-10-29,2012-03-02,0,3392
497752,10,Western,2011 1,ZMB.10_1,18,2011-10-29,2012-03-02,0,2602
497590,9,Southern,2011 1,ZMB.9_1,6,2011-10-29,2012-03-02,0,3068
496999,5,Lusaka,2011 1,ZMB.5_1,15,2011-10-29,2012-03-02,0,3583
496567,2,Copperbelt,2011 1,ZMB.2_1,33,2011-10-29,2012-03-02,0,3552
496730,3,Eastern,2011 1,ZMB.3_1,46,2011-10-30,2012-03-03,0,3509
496573,2,Copperbelt,2011 1,ZMB.2_1,39,2011-10-30,2012-03-03,0,3601
497465,8,Northern,2011 1,ZMB.8_1,31,2011-10-30,2012-03-03,0,3460
497756,10,Western,2011 1,ZMB.10_1,22,2011-10-30,2012-03-03,0,3601
496687,3,Eastern,2011 1,ZMB.3_1,3,2011-10-30,2012-03-03,0,3442
496839,4,Luapula,2011 1,ZMB.4_1,5,2011-10-30,2012-03-03,0,3574
497593,9,Southern,2011 1,ZMB.9_1,9,2011-10-30,2012-03-03,0,3554
497144,6,Muchinga,2011 1,ZMB.6_1,10,2011-10-30,2012-03-03,0,3601
497757,10,Western,2011 1,ZMB.10_1,23,2011-10-30,2012-03-03,0,3598
497586,9,Southern,2011 1,ZMB.9_1,2,2011-10-30,2012-03-03,0,3601
497745,10,Western,2011 1,ZMB.10_1,11,2011-10-30,2012-03-03,0,3601
496388,1,Central,2011 1,ZMB.1_1,4,2011-10-30,2012-03-03,0,3410
497182,6,Muchinga,2011 1,ZMB.6_1,48,2011-10-30,2012-03-03,0,3592
496560,2,Copperbelt,2011 1,ZMB.2_1,26,2011-10-30,2012-03-03,0,3590
496420,1,Central,2011 1,ZMB.1_1,36,2011-10-30,2012-03-03,0,3300
496424,1,Central,2011 1,ZMB.1_1,40,2011-10-31,2012-03-04,0,3767
497022,5,Lusaka,2011 1,ZMB.5_1,38,2011-10-31,2012-03-04,0,3864
496872,4,Luapula,2011 1,ZMB.4_1,38,2011-10-31,2012-03-04,0,3940
497034,5,Lusaka,2011 1,ZMB.5_1,50,2011-10-31,2012-03-04,0,3763
497605,9,Southern,2011 1,ZMB.9_1,21,2011-10-31,2012-03-04,0,3403
497295,7,North-Western,2011 1,ZMB.7_1,11,2011-10-31,2012-03-04,0,3940
497296,7,North-Western,2011 1,ZMB.7_1,12,2011-10-31,2012-03-04,0,3921
496855,4,Luapula,2011 1,ZMB.4_1,21,2011-10-31,2012-03-04,0,3940
497779,10,Western,2011 1,ZMB.10_1,45,2011-10-31,2012-03-04,0,3880
496409,1,Central,2011 1,ZMB.1_1,25,2011-10-31,2012-03-04,0,3934
496554,2,Copperbelt,2011 1,ZMB.2_1,20,2011-10-31,2012-03-04,0,3935
496994,5,Lusaka,2011 1,ZMB.5_1,10,2011-10-31,2012-03-04,0,3401
496689,3,Eastern,2011 1,ZMB.3_1,5,2011-10-31,2012-03-04,0,3940
496402,1,Central,2011 1,ZMB.1_1,18,2011-10-31,2012-03-04,0,3802
497148,6,Muchinga,2011 1,ZMB.6_1,14,2011-10-31,2012-03-04,0,3940
497137,6,Muchinga,2011 1,ZMB.6_1,3,2011-10-31,2012-03-04,0,3940
496565,2,Copperbelt,2011 1,ZMB.2_1,31,2011-10-31,2012-03-04,0,3618
496718,3,Eastern,2011 1,ZMB.3_1,34,2011-10-31,2012-03-04,0,3940
496844,4,Luapula,2011 1,ZMB.4_1,10,2011-10-31,2012-03-04,0,3940
496884,4,Luapula,2011 1,ZMB.4_1,50,2011-10-31,2012-03-04,0,3906
497288,7,North-Western,2011 1,ZMB.7_1,4,2011-11-01,2012-03-05,0,3883
496863,4,Luapula,2011 1,ZMB.4_1,29,2011-11-01,2012-03-05,0,3885
496733,3,Eastern,2011 1,ZMB.3_1,49,2011-11-01,2012-03-05,0,3885
497007,5,Lusaka,2011 1,ZMB.5_1,23,2011-11-01,2012-03-05,0,3881
496685,3,Eastern,2011 1,ZMB.3_1,1,2011-11-01,2012-03-05,0,3762
497162,6,Muchinga,2011 1,ZMB.6_1,28,2011-11-01,2012-03-05,0,3885
497289,7,North-Western,2011 1,ZMB.7_1,5,2011-11-01,2012-03-05,0,3599
497308,7,North-Western,2011 1,ZMB.7_1,24,2011-11-01,2012-03-05,0,3885
496579,2,Copperbelt,2011 1,ZMB.2_1,45,2011-11-01,2012-03-05,0,3884
496571,2,Copperbelt,2011 1,ZMB.2_1,37,2011-11-01,2012-03-05,0,3744
496566,2,Copperbelt,2011 1,ZMB.2_1,32,2011-11-01,2012-03-05,0,3885
496537,2,Copperbelt,2011 1,ZMB.2_1,3,2011-11-01,2012-03-05,0,3885
497631,9,Southern,2011 1,ZMB.9_1,47,2011-11-01,2012-03-05,0,3885
496429,1,Central,2011 1,ZMB.1_1,45,2011-11-01,2012-03-05,0,3844
496584,2,Copperbelt,2011 1,ZMB.2_1,50,2011-11-02,2012-03-07,0,3366
497303,7,North-Western,2011 1,ZMB.7_1,19,2011-11-02,2012-03-07,0,3464
496410,1,Central,2011 1,ZMB.1_1,26,2011-11-02,2012-03-07,0,3256
497601,9,Southern,2011 1,ZMB.9_1,17,2011-11-02,2012-03-07,0,3466
497766,10,Western,2011 1,ZMB.10_1,32,2011-11-02,2012-03-07,0,3466
496422,1,Central,2011 1,ZMB.1_1,38,2011-11-02,2012-03-07,0,3422
497609,9,Southern,2011 1,ZMB.9_1,25,2011-11-02,2012-03-07,0,3338
497160,6,Muchinga,2011 1,ZMB.6_1,26,2011-11-02,2012-03-07,0,3413
497441,8,Northern,2011 1,ZMB.8_1,7,2011-11-02,2012-03-07,0,3466
496987,5,Lusaka,2011 1,ZMB.5_1,3,2011-11-02,2012-03-07,0,3454
497443,8,Northern,2011 1,ZMB.8_1,9,2011-11-02,2012-03-07,0,3466
497164,6,Muchinga,2011 1,ZMB.6_1,30,2011-11-02,2012-03-07,0,3466
497620,9,Southern,2011 1,ZMB.9_1,36,2011-11-02,2012-03-07,0,3452
497626,9,Southern,2011 1,ZMB.9_1,42,2011-11-02,2012-03-07,0,3387
496432,1,Central,2011 1,ZMB.1_1,48,2011-11-03,2012-03-09,0,3405
497614,9,Southern,2011 1,ZMB.9_1,30,2011-11-03,2012-03-09,0,3196
496551,2,Copperbelt,2011 1,ZMB.2_1,17,2011-11-03,2012-03-09,0,3357
497135,6,Muchinga,2011 1,ZMB.6_1,1,2011-11-03,2012-03-09,0,3395
496549,2,Copperbelt,2011 1,ZMB.2_1,15,2011-11-03,2012-03-09,0,3242
496425,1,Central,2011 1,ZMB.1_1,41,2011-11-03,2012-03-09,0,3111
497320,7,North-Western,2011 1,ZMB.7_1,36,2011-11-03,2012-03-09,0,3407
497309,7,North-Western,2011 1,ZMB.7_1,25,2011-11-03,2012-03-09,0,3407
496539,2,Copperbelt,2011 1,ZMB.2_1,5,2011-11-03,2012-03-09,0,3407
497598,9,Southern,2011 1,ZMB.9_1,14,2011-11-03,2012-03-09,0,3187
497333,7,North-Western,2011 1,ZMB.7_1,49,2011-11-03,2012-03-09,0,3406
496723,3,Eastern,2011 1,ZMB.3_1,39,2011-11-03,2012-03-09,0,3161
496875,4,Luapula,2011 1,ZMB.4_1,41,2011-11-03,2012-03-09,0,3398
497011,5,Lusaka,2011 1,ZMB.5_1,27,2011-11-03,2012-03-09,0,3175
497754,10,Western,2011 1,ZMB.10_1,20,2011-11-03,2012-03-09,0,3406
497632,9,Southern,2011 1,ZMB.9_1,48,2011-11-03,2012-03-09,0,3241
497161,6,Muchinga,2011 1,ZMB.6_1,27,2011-11-03,2012-03-09,0,3407
496703,3,Eastern,2011 1,ZMB.3_1,19,2011-11-04,2012-03-09,0,3636
497026,5,Lusaka,2011 1,ZMB.5_1,42,2011-11-04,2012-03-09,0,3635
497594,9,Southern,2011 1,ZMB.9_1,10,2011-11-04,2012-03-09,0,3637
497150,6,Muchinga,2011 1,ZMB.6_1,16,2011-11-04,2012-03-09,0,3637
496574,2,Copperbelt,2011 1,ZMB.2_1,40,2011-11-04,2012-03-09,0,3637
497156,6,Muchinga,2011 1,ZMB.6_1,22,2011-11-04,2012-03-09,0,3637
496997,5,Lusaka,2011 1,ZMB.5_1,13,2011-11-04,2012-03-09,0,3637
496988,5,Lusaka,2011 1,ZMB.5_1,4,2011-11-04,2012-03-09,0,3580
496837,4,Luapula,2011 1,ZMB.4_1,3,2011-11-04,2012-03-09,0,3607
496421,1,Central,2011 1,ZMB.1_1,37,2011-11-04,2012-03-09,0,3637
496707,3,Eastern,2011 1,ZMB.3_1,23,2011-11-04,2012-03-09,0,3637
496696,3,Eastern,2011 1,ZMB.3_1,12,2011-11-04,2012-03-09,0,3637
496404,1,Central,2011 1,ZMB.1_1,20,2011-11-04,2012-03-09,0,3637
497286,7,North-Western,2011 1,ZMB.7_1,2,2011-11-05,2012-03-10,0,3670
496721,3,Eastern,2011 1,ZMB.3_1,37,2011-11-05,2012-03-10,0,3622
497771,10,Western,2011 1,ZMB.10_1,37,2011-11-05,2012-03-10,0,3670
496860,4,Luapula,2011 1,ZMB.4_1,26,2011-11-05,2012-03-10,0,3670
496688,3,Eastern,2011 1,ZMB.3_1,4,2011-11-05,2012-03-10,0,3620
496866,4,Luapula,2011 1,ZMB.4_1,32,2011-11-05,2012-03-10,0,3670
496401,1,Central,2011 1,ZMB.1_1,17,2011-11-05,2012-03-10,0,3670
496878,4,Luapula,2011 1,ZMB.4_1,44,2011-11-05,2012-03-10,0,3612
496546,2,Copperbelt,2011 1,ZMB.2_1,12,2011-11-05,2012-03-10,0,3670
496562,2,Copperbelt,2011 1,ZMB.2_1,28,2011-11-05,2012-03-10,0,3670
497480,8,Northern,2011 1,ZMB.8_1,46,2011-11-05,2012-03-10,0,3670
497006,5,Lusaka,2011 1,ZMB.5_1,22,2011-11-05,2012-03-10,0,3656
497013,5,Lusaka,2011 1,ZMB.5_1,29,2011-11-05,2012-03-10,0,3670
497777,10,Western,2011 1,ZMB.10_1,43,2011-11-05,2012-03-10,0,3617
497597,9,Southern,2011 1,ZMB.9_1,13,2011-11-05,2012-03-10,0,3313
497307,7,North-Western,2011 1,ZMB.7_1,23,2011-11-05,2012-03-10,0,3670
497028,5,Lusaka,2011 1,ZMB.5_1,44,2011-11-05,2012-03-10,0,3670
497472,8,Northern,2011 1,ZMB.8_1,38,2011-11-05,2012-03-10,0,3670
497758,10,Western,2011 1,ZMB.10_1,24,2011-11-06,2012-03-11,0,3675
496691,3,Eastern,2011 1,ZMB.3_1,7,2011-11-06,2012-03-11,0,3675
496874,4,Luapula,2011 1,ZMB.4_1,40,2011-11-06,2012-03-11,0,3675
496545,2,Copperbelt,2011 1,ZMB.2_1,11,2011-11-06,2012-03-11,0,3675
497171,6,Muchinga,2011 1,ZMB.6_1,37,2011-11-06,2012-03-11,0,3675
496581,2,Copperbelt,2011 1,ZMB.2_1,47,2011-11-06,2012-03-11,0,3637
497599,9,Southern,2011 1,ZMB.9_1,15,2011-11-06,2012-03-11,0,3675
497305,7,North-Western,2011 1,ZMB.7_1,21,2011-11-06,2012-03-11,0,3675
497738,10,Western,2011 1,ZMB.10_1,4,2011-11-06,2012-03-11,0,3622
496540,2,Copperbelt,2011 1,ZMB.2_1,6,2011-11-06,2012-03-11,0,3675
496853,4,Luapula,2011 1,ZMB.4_1,19,2011-11-06,2012-03-11,0,3675
497457,8,Northern,2011 1,ZMB.8_1,23,2011-11-06,2012-03-11,0,3675
496582,2,Copperbelt,2011 1,ZMB.2_1,48,2011-11-06,2012-03-11,0,3672
496871,4,Luapula,2011 1,ZMB.4_1,37,2011-11-06,2012-03-11,0,3674
497290,7,North-Western,2011 1,ZMB.7_1,6,2011-11-06,2012-03-11,0,3675
497158,6,Muchinga,2011 1,ZMB.6_1,24,2011-11-06,2012-03-11,0,3675
496403,1,Central,2011 1,ZMB.1_1,19,2011-11-06,2012-03-11,0,3472
497012,5,Lusaka,2011 1,ZMB.5_1,28,2011-11-06,2012-03-11,0,3675
496729,3,Eastern,2011 1,ZMB.3_1,45,2011-11-06,2012-03-11,0,3675
497439,8,Northern,2011 1,ZMB.8_1,5,2011-11-06,2012-03-11,0,3656
497744,10,Western,2011 1,ZMB.10_1,10,2011-11-06,2012-03-11,0,3675
496857,4,Luapula,2011 1,ZMB.4_1,23,2011-11-06,2012-03-11,0,3675
496880,4,Luapula,2011 1,ZMB.4_1,46,2011-11-06,2012-03-11,0,3675
497751,10,Western,2011 1,ZMB.10_1,17,2011-11-06,2012-03-11,0,3500
496433,1,Central,2011 1,ZMB.1_1,49,2011-11-06,2012-03-11,0,3658
497475,8,Northern,2011 1,ZMB.8_1,41,2011-11-07,2012-03-12,0,3631
496726,3,Eastern,2011 1,ZMB.3_1,42,2011-11-07,2012-03-12,0,3631
496845,4,Luapula,2011 1,ZMB.4_1,11,2011-11-07,2012-03-12,0,3631
496394,1,Central,2011 1,ZMB.1_1,10,2011-11-07,2012-03-12,0,3631
497285,7,North-Western,2011 1,ZMB.7_1,1,2011-11-07,2012-03-12,0,3631
496717,3,Eastern,2011 1,ZMB.3_1,33,2011-11-07,2012-03-12,0,3631
496869,4,Luapula,2011 1,ZMB.4_1,35,2011-11-07,2012-03-12,0,3631
497440,8,Northern,2011 1,ZMB.8_1,6,2011-11-07,2012-03-12,0,3631
496867,4,Luapula,2011 1,ZMB.4_1,33,2011-11-07,2012-03-12,0,3631
496873,4,Luapula,2011 1,ZMB.4_1,39,2011-11-07,2012-03-12,0,3631
497435,8,Northern,2011 1,ZMB.8_1,1,2011-11-07,2012-03-12,0,3631
497604,9,Southern,2011 1,ZMB.9_1,20,2011-11-07,2012-03-12,0,3631
497460,8,Northern,2011 1,ZMB.8_1,26,2011-11-07,2012-03-12,0,3631
496836,4,Luapula,2011 1,ZMB.4_1,2,2011-11-07,2012-03-12,0,3631
497469,8,Northern,2011 1,ZMB.8_1,35,2011-11-07,2012-03-12,0,3631
497167,6,Muchinga,2011 1,ZMB.6_1,33,2011-11-07,2012-03-12,0,3631
497471,8,Northern,2011 1,ZMB.8_1,37,2011-11-07,2012-03-12,0,3631
497454,8,Northern,2011 1,ZMB.8_1,20,2011-11-07,2012-03-12,0,3631
497020,5,Lusaka,2011 1,ZMB.5_1,36,2011-11-07,2012-03-12,0,3631
496722,3,Eastern,2011 1,ZMB.3_1,38,2011-11-08,2012-03-12,0,3515
497322,7,North-Western,2011 1,ZMB.7_1,38,2011-11-08,2012-03-12,0,3515
497482,8,Northern,2011 1,ZMB.8_1,48,2011-11-08,2012-03-12,0,3515
496697,3,Eastern,2011 1,ZMB.3_1,13,2011-11-08,2012-03-12,0,3515
497781,10,Western,2011 1,ZMB.10_1,47,2011-11-08,2012-03-12,0,3515
497003,5,Lusaka,2011 1,ZMB.5_1,19,2011-11-08,2012-03-12,0,3515
497140,6,Muchinga,2011 1,ZMB.6_1,6,2011-11-08,2012-03-12,0,3473
497755,10,Western,2011 1,ZMB.10_1,21,2011-11-08,2012-03-12,0,3515
497023,5,Lusaka,2011 1,ZMB.5_1,39,2011-11-08,2012-03-12,0,3515
496389,1,Central,2011 1,ZMB.1_1,5,2011-11-08,2012-03-12,0,3515
497315,7,North-Western,2011 1,ZMB.7_1,31,2011-11-08,2012-03-12,0,3515
496406,1,Central,2011 1,ZMB.1_1,22,2011-11-08,2012-03-12,0,3514
497159,6,Muchinga,2011 1,ZMB.6_1,25,2011-11-08,2012-03-12,0,3515
496396,1,Central,2011 1,ZMB.1_1,12,2011-11-09,2012-03-13,0,3422
497000,5,Lusaka,2011 1,ZMB.5_1,16,2011-11-09,2012-03-13,0,3422
496541,2,Copperbelt,2011 1,ZMB.2_1,7,2011-11-09,2012-03-13,0,3422
497743,10,Western,2011 1,ZMB.10_1,9,2011-11-09,2012-03-13,0,3422
497611,9,Southern,2011 1,ZMB.9_1,27,2011-11-09,2012-03-13,0,3422
497321,7,North-Western,2011 1,ZMB.7_1,37,2011-11-09,2012-03-13,0,3422
497142,6,Muchinga,2011 1,ZMB.6_1,8,2011-11-09,2012-03-13,0,3422
497478,8,Northern,2011 1,ZMB.8_1,44,2011-11-09,2012-03-13,0,3422
497759,10,Western,2011 1,ZMB.10_1,25,2011-11-09,2012-03-13,0,3416
497587,9,Southern,2011 1,ZMB.9_1,3,2011-11-09,2012-03-13,0,3422
496694,3,Eastern,2011 1,ZMB.3_1,10,2011-11-09,2012-03-13,0,3333
497459,8,Northern,2011 1,ZMB.8_1,25,2011-11-09,2012-03-13,0,3422
496395,1,Central,2011 1,ZMB.1_1,11,2011-11-09,2012-03-13,0,3422
497163,6,Muchinga,2011 1,ZMB.6_1,29,2011-11-09,2012-03-13,0,3422
497481,8,Northern,2011 1,ZMB.8_1,47,2011-11-09,2012-03-13,0,3422
496996,5,Lusaka,2011 1,ZMB.5_1,12,2011-11-09,2012-03-13,0,3422
497483,8,Northern,2011 1,ZMB.8_1,49,2011-11-09,2012-03-13,0,3422
497015,5,Lusaka,2011 1,ZMB.5_1,31,2011-11-09,2012-03-13,0,3422
497032,5,Lusaka,2011 1,ZMB.5_1,48,2011-11-09,2012-03-13,0,3422
497456,8,Northern,2011 1,ZMB.8_1,22,2011-11-10,2012-03-13,0,3402
497455,8,Northern,2011 1,ZMB.8_1,21,2011-11-10,2012-03-13,0,3402
497767,10,Western,2011 1,ZMB.10_1,33,2011-11-10,2012-03-13,0,3402
497450,8,Northern,2011 1,ZMB.8_1,16,2011-11-10,2012-03-13,0,3402
496882,4,Luapula,2011 1,ZMB.4_1,48,2011-11-10,2012-03-13,0,3402
497768,10,Western,2011 1,ZMB.10_1,34,2011-11-10,2012-03-13,0,3402
496561,2,Copperbelt,2011 1,ZMB.2_1,27,2011-11-10,2012-03-13,0,3402
497746,10,Western,2011 1,ZMB.10_1,12,2011-11-10,2012-03-13,0,3402
497155,6,Muchinga,2011 1,ZMB.6_1,21,2011-11-10,2012-03-13,0,3402
496576,2,Copperbelt,2011 1,ZMB.2_1,42,2011-11-10,2012-03-13,0,3402
497622,9,Southern,2011 1,ZMB.9_1,38,2011-11-10,2012-03-13,0,3402
496578,2,Copperbelt,2011 1,ZMB.2_1,44,2011-11-10,2012-03-13,0,3402
496854,4,Luapula,2011 1,ZMB.4_1,20,2011-11-10,2012-03-13,0,3402
497592,9,Southern,2011 1,ZMB.9_1,8,2011-11-10,2012-03-13,0,3402
497603,9,Southern,2011 1,ZMB.9_1,19,2011-11-10,2012-03-13,0,3402
496397,1,Central,2011 1,ZMB.1_1,13,2011-11-11,2012-03-16,0,3560
497033,5,Lusaka,2011 1,ZMB.5_1,49,2011-11-11,2012-03-16,0,3560
497326,7,North-Western,2011 1,ZMB.7_1,42,2011-11-11,2012-03-16,0,3560
496842,4,Luapula,2011 1,ZMB.4_1,8,2011-11-11,2012-03-16,0,3560
497175,6,Muchinga,2011 1,ZMB.6_1,41,2011-11-11,2012-03-16,0,3560
497176,6,Muchinga,2011 1,ZMB.6_1,42,2011-11-11,2012-03-16,0,3560
497311,7,North-Western,2011 1,ZMB.7_1,27,2011-11-11,2012-03-16,0,3560
496536,2,Copperbelt,2011 1,ZMB.2_1,2,2011-11-11,2012-03-16,0,3560
497782,10,Western,2011 1,ZMB.10_1,48,2011-11-11,2012-03-16,0,3560
497619,9,Southern,2011 1,ZMB.9_1,35,2011-11-11,2012-03-16,0,3560
496413,1,Central,2011 1,ZMB.1_1,29,2011-11-11,2012-03-16,0,3560
496693,3,Eastern,2011 1,ZMB.3_1,9,2011-11-11,2012-03-16,0,3433
496700,3,Eastern,2011 1,ZMB.3_1,16,2011-11-11,2012-03-16,0,3478
497180,6,Muchinga,2011 1,ZMB.6_1,46,2011-11-11,2012-03-16,0,3560
497451,8,Northern,2011 1,ZMB.8_1,17,2011-11-11,2012-03-16,0,3560
496544,2,Copperbelt,2011 1,ZMB.2_1,10,2011-11-12,2012-03-20,0,4034
497616,9,Southern,2011 1,ZMB.9_1,32,2011-11-12,2012-03-20,0,3257
497147,6,Muchinga,2011 1,ZMB.6_1,13,2011-11-12,2012-03-20,0,4034
497629,9,Southern,2011 1,ZMB.9_1,45,2011-11-12,2012-03-20,0,3867
497014,5,Lusaka,2011 1,ZMB.5_1,30,2011-11-12,2012-03-20,0,3582
496414,1,Central,2011 1,ZMB.1_1,30,2011-11-12,2012-03-20,0,4034
497183,6,Muchinga,2011 1,ZMB.6_1,49,2011-11-12,2012-03-20,0,4034
497625,9,Southern,2011 1,ZMB.9_1,41,2011-11-12,2012-03-20,0,3146
497623,9,Southern,2011 1,ZMB.9_1,39,2011-11-12,2012-03-20,0,4034
497458,8,Northern,2011 1,ZMB.8_1,24,2011-11-12,2012-03-20,0,4034
496398,1,Central,2011 1,ZMB.1_1,14,2011-11-12,2012-03-20,0,4034
496711,3,Eastern,2011 1,ZMB.3_1,27,2011-11-12,2012-03-20,0,3643
496713,3,Eastern,2011 1,ZMB.3_1,29,2011-11-12,2012-03-20,0,3861
497742,10,Western,2011 1,ZMB.10_1,8,2011-11-12,2012-03-20,0,3790
497466,8,Northern,2011 1,ZMB.8_1,32,2011-11-12,2012-03-20,0,3259
497634,9,Southern,2011 1,ZMB.9_1,50,2011-11-12,2012-03-20,0,3953
497136,6,Muchinga,2011 1,ZMB.6_1,2,2011-11-12,2012-03-20,0,4034
496542,2,Copperbelt,2011 1,ZMB.2_1,8,2011-11-13,2012-03-21,0,3928
496557,2,Copperbelt,2011 1,ZMB.2_1,23,2011-11-13,2012-03-21,0,3128
497436,8,Northern,2011 1,ZMB.8_1,2,2011-11-13,2012-03-21,0,4098
497151,6,Muchinga,2011 1,ZMB.6_1,17,2011-11-13,2012-03-21,0,4097
496709,3,Eastern,2011 1,ZMB.3_1,25,2011-11-13,2012-03-21,0,4021
497774,10,Western,2011 1,ZMB.10_1,40,2011-11-13,2012-03-21,0,4093
496708,3,Eastern,2011 1,ZMB.3_1,24,2011-11-13,2012-03-21,0,4097
496418,1,Central,2011 1,ZMB.1_1,34,2011-11-13,2012-03-21,0,4097
496732,3,Eastern,2011 1,ZMB.3_1,48,2011-11-13,2012-03-21,0,4097
497029,5,Lusaka,2011 1,ZMB.5_1,45,2011-11-13,2012-03-21,0,4097
496563,2,Copperbelt,2011 1,ZMB.2_1,29,2011-11-13,2012-03-21,0,3553
496724,3,Eastern,2011 1,ZMB.3_1,40,2011-11-13,2012-03-21,0,4097
497762,10,Western,2011 1,ZMB.10_1,28,2011-11-13,2012-03-21,0,3632
497445,8,Northern,2011 1,ZMB.8_1,11,2011-11-13,2012-03-21,0,4097
497674,9,Southern,2011 1,ZMB.9_1,40,2012-01-01,2012-05-14,0,3823
497081,5,Lusaka,2011 1,ZMB.5_1,47,2012-01-01,2012-05-14,0,3823
497072,5,Lusaka,2011 1,ZMB.5_1,38,2012-01-01,2012-05-14,0,3823
496616,2,Copperbelt,2011 1,ZMB.2_1,32,2012-01-01,2012-05-14,0,3734
496606,2,Copperbelt,2011 1,ZMB.2_1,22,2012-01-01,2012-05-14,0,3636
497681,9,Southern,2011 1,ZMB.9_1,47,2012-01-01,2012-05-14,0,3252
496588,2,Copperbelt,2011 1,ZMB.2_1,4,2012-01-01,2012-05-14,0,3823
497668,9,Southern,2011 1,ZMB.9_1,34,2012-01-01,2012-05-14,0,3350
497042,5,Lusaka,2011 1,ZMB.5_1,8,2012-01-01,2012-05-14,0,3823
497821,10,Western,2011 1,ZMB.10_1,37,2012-01-01,2012-05-14,0,3737
496911,4,Luapula,2011 1,ZMB.4_1,27,2012-01-01,2012-05-14,0,3640
497362,7,North-Western,2011 1,ZMB.7_1,28,2012-01-01,2012-05-14,0,3823
497363,7,North-Western,2011 1,ZMB.7_1,29,2012-01-01,2012-05-14,0,3823
497369,7,North-Western,2011 1,ZMB.7_1,35,2012-01-01,2012-05-14,0,3821
496450,1,Central,2011 1,ZMB.1_1,16,2012-01-01,2012-05-14,0,3816
496778,3,Eastern,2011 1,ZMB.3_1,44,2012-01-01,2012-05-14,0,3326
496452,1,Central,2011 1,ZMB.1_1,18,2012-01-01,2012-05-14,0,3823
497494,8,Northern,2011 1,ZMB.8_1,10,2012-01-01,2012-05-14,0,3809
497381,7,North-Western,2011 1,ZMB.7_1,47,2012-01-02,2012-05-15,0,3859
497786,10,Western,2011 1,ZMB.10_1,2,2012-01-02,2012-05-15,0,3859
496459,1,Central,2011 1,ZMB.1_1,25,2012-01-02,2012-05-15,0,3854
497641,9,Southern,2011 1,ZMB.9_1,7,2012-01-02,2012-05-15,0,3859
496776,3,Eastern,2011 1,ZMB.3_1,42,2012-01-02,2012-05-15,0,3859
497377,7,North-Western,2011 1,ZMB.7_1,43,2012-01-02,2012-05-15,0,3859
496921,4,Luapula,2011 1,ZMB.4_1,37,2012-01-02,2012-05-15,0,3859
496913,4,Luapula,2011 1,ZMB.4_1,29,2012-01-02,2012-05-15,0,3527
497497,8,Northern,2011 1,ZMB.8_1,13,2012-01-02,2012-05-15,0,3726
496770,3,Eastern,2011 1,ZMB.3_1,36,2012-01-02,2012-05-15,0,3694
496437,1,Central,2011 1,ZMB.1_1,3,2012-01-02,2012-05-15,0,3859
496761,3,Eastern,2011 1,ZMB.3_1,27,2012-01-02,2012-05-15,0,3859
497036,5,Lusaka,2011 1,ZMB.5_1,2,2012-01-02,2012-05-15,0,3859
496902,4,Luapula,2011 1,ZMB.4_1,18,2012-01-02,2012-05-15,0,3859
497534,8,Northern,2011 1,ZMB.8_1,50,2012-01-02,2012-05-15,0,3855
497368,7,North-Western,2011 1,ZMB.7_1,34,2012-01-02,2012-05-15,0,3859
497515,8,Northern,2011 1,ZMB.8_1,31,2012-01-02,2012-05-15,0,3859
496470,1,Central,2011 1,ZMB.1_1,36,2012-01-03,2012-05-18,0,3867
497208,6,Muchinga,2011 1,ZMB.6_1,24,2012-01-03,2012-05-18,0,3653
497365,7,North-Western,2011 1,ZMB.7_1,31,2012-01-03,2012-05-18,0,3970
496914,4,Luapula,2011 1,ZMB.4_1,30,2012-01-03,2012-05-18,0,3966
497493,8,Northern,2011 1,ZMB.8_1,9,2012-01-03,2012-05-18,0,3970
497374,7,North-Western,2011 1,ZMB.7_1,40,2012-01-03,2012-05-18,0,3970
497653,9,Southern,2011 1,ZMB.9_1,19,2012-01-03,2012-05-18,0,3847
497380,7,North-Western,2011 1,ZMB.7_1,46,2012-01-03,2012-05-18,0,3970
497530,8,Northern,2011 1,ZMB.8_1,46,2012-01-03,2012-05-18,0,3967
497502,8,Northern,2011 1,ZMB.8_1,18,2012-01-03,2012-05-18,0,3970
497673,9,Southern,2011 1,ZMB.9_1,39,2012-01-03,2012-05-18,0,3970
496476,1,Central,2011 1,ZMB.1_1,42,2012-01-03,2012-05-18,0,3512
496598,2,Copperbelt,2011 1,ZMB.2_1,14,2012-01-03,2012-05-18,0,3216
497678,9,Southern,2011 1,ZMB.9_1,44,2012-01-03,2012-05-18,0,3842
496605,2,Copperbelt,2011 1,ZMB.2_1,21,2012-01-03,2012-05-18,0,3970
497039,5,Lusaka,2011 1,ZMB.5_1,5,2012-01-03,2012-05-18,0,3909
496933,4,Luapula,2011 1,ZMB.4_1,49,2012-01-03,2012-05-18,0,3970
497793,10,Western,2011 1,ZMB.10_1,9,2012-01-03,2012-05-18,0,3030
496625,2,Copperbelt,2011 1,ZMB.2_1,41,2012-01-03,2012-05-18,0,3970
497816,10,Western,2011 1,ZMB.10_1,32,2012-01-03,2012-05-18,0,3296
497231,6,Muchinga,2011 1,ZMB.6_1,47,2012-01-03,2012-05-18,0,3967
496456,1,Central,2011 1,ZMB.1_1,22,2012-01-03,2012-05-18,0,3970
497510,8,Northern,2011 1,ZMB.8_1,26,2012-01-03,2012-05-18,0,3804
497213,6,Muchinga,2011 1,ZMB.6_1,29,2012-01-03,2012-05-18,0,3970
496471,1,Central,2011 1,ZMB.1_1,37,2012-01-03,2012-05-18,0,3970
497511,8,Northern,2011 1,ZMB.8_1,27,2012-01-03,2012-05-18,0,3970
497505,8,Northern,2011 1,ZMB.8_1,21,2012-01-04,2012-05-19,0,3561
497211,6,Muchinga,2011 1,ZMB.6_1,27,2012-01-04,2012-05-19,0,4012
497045,5,Lusaka,2011 1,ZMB.5_1,11,2012-01-04,2012-05-19,0,4012
496445,1,Central,2011 1,ZMB.1_1,11,2012-01-04,2012-05-19,0,4012
496771,3,Eastern,2011 1,ZMB.3_1,37,2012-01-04,2012-05-19,0,4012
496903,4,Luapula,2011 1,ZMB.4_1,19,2012-01-04,2012-05-19,0,4012
497043,5,Lusaka,2011 1,ZMB.5_1,9,2012-01-04,2012-05-19,0,3954
496466,1,Central,2011 1,ZMB.1_1,32,2012-01-04,2012-05-19,0,4012
497367,7,North-Western,2011 1,ZMB.7_1,33,2012-01-04,2012-05-19,0,4011
497661,9,Southern,2011 1,ZMB.9_1,27,2012-01-04,2012-05-19,0,4010
497490,8,Northern,2011 1,ZMB.8_1,6,2012-01-04,2012-05-19,0,3804
497638,9,Southern,2011 1,ZMB.9_1,4,2012-01-04,2012-05-19,0,4012
496764,3,Eastern,2011 1,ZMB.3_1,30,2012-01-04,2012-05-19,0,3499
496595,2,Copperbelt,2011 1,ZMB.2_1,11,2012-01-04,2012-05-19,0,3420
496908,4,Luapula,2011 1,ZMB.4_1,24,2012-01-04,2012-05-19,0,4012
497355,7,North-Western,2011 1,ZMB.7_1,21,2012-01-04,2012-05-19,0,4011
497804,10,Western,2011 1,ZMB.10_1,20,2012-01-05,2012-05-20,0,3292
496920,4,Luapula,2011 1,ZMB.4_1,36,2012-01-05,2012-05-20,0,3909
497682,9,Southern,2011 1,ZMB.9_1,48,2012-01-05,2012-05-20,0,3906
496932,4,Luapula,2011 1,ZMB.4_1,48,2012-01-05,2012-05-20,0,3909
497829,10,Western,2011 1,ZMB.10_1,45,2012-01-05,2012-05-20,0,3813
496899,4,Luapula,2011 1,ZMB.4_1,15,2012-01-05,2012-05-20,0,3906
497519,8,Northern,2011 1,ZMB.8_1,35,2012-01-05,2012-05-20,0,3538
496620,2,Copperbelt,2011 1,ZMB.2_1,36,2012-01-05,2012-05-20,0,3227
497197,6,Muchinga,2011 1,ZMB.6_1,13,2012-01-05,2012-05-20,0,3909
496628,2,Copperbelt,2011 1,ZMB.2_1,44,2012-01-05,2012-05-20,0,3343
496630,2,Copperbelt,2011 1,ZMB.2_1,46,2012-01-05,2012-05-20,0,3219
496924,4,Luapula,2011 1,ZMB.4_1,40,2012-01-05,2012-05-20,0,3909
497645,9,Southern,2011 1,ZMB.9_1,11,2012-01-05,2012-05-20,0,3893
497647,9,Southern,2011 1,ZMB.9_1,13,2012-01-05,2012-05-20,0,3505
497813,10,Western,2011 1,ZMB.10_1,29,2012-01-05,2012-05-20,0,3199
496747,3,Eastern,2011 1,ZMB.3_1,13,2012-01-05,2012-05-20,0,3909
497662,9,Southern,2011 1,ZMB.9_1,28,2012-01-05,2012-05-20,0,3410
497663,9,Southern,2011 1,ZMB.9_1,29,2012-01-05,2012-05-20,0,3498
497790,10,Western,2011 1,ZMB.10_1,6,2012-01-05,2012-05-20,0,3909
496478,1,Central,2011 1,ZMB.1_1,44,2012-01-05,2012-05-20,0,3533
496891,4,Luapula,2011 1,ZMB.4_1,7,2012-01-05,2012-05-20,0,3909
496892,4,Luapula,2011 1,ZMB.4_1,8,2012-01-06,2012-05-21,0,3857
497524,8,Northern,2011 1,ZMB.8_1,40,2012-01-06,2012-05-21,0,3646
496465,1,Central,2011 1,ZMB.1_1,31,2012-01-06,2012-05-21,0,3857
497825,10,Western,2011 1,ZMB.10_1,41,2012-01-06,2012-05-21,0,3857
496448,1,Central,2011 1,ZMB.1_1,14,2012-01-06,2012-05-21,0,3754
497074,5,Lusaka,2011 1,ZMB.5_1,40,2012-01-06,2012-05-21,0,3857
497217,6,Muchinga,2011 1,ZMB.6_1,33,2012-01-06,2012-05-21,0,3857
496751,3,Eastern,2011 1,ZMB.3_1,17,2012-01-06,2012-05-21,0,3857
496468,1,Central,2011 1,ZMB.1_1,34,2012-01-06,2012-05-21,0,3857
496463,1,Central,2011 1,ZMB.1_1,29,2012-01-06,2012-05-21,0,3857
497222,6,Muchinga,2011 1,ZMB.6_1,38,2012-01-06,2012-05-21,0,3857
497657,9,Southern,2011 1,ZMB.9_1,23,2012-01-06,2012-05-21,0,3856
497803,10,Western,2011 1,ZMB.10_1,19,2012-01-06,2012-05-21,0,2769
497822,10,Western,2011 1,ZMB.10_1,38,2012-01-06,2012-05-21,0,3750
496608,2,Copperbelt,2011 1,ZMB.2_1,24,2012-01-06,2012-05-21,0,3599
497082,5,Lusaka,2011 1,ZMB.5_1,48,2012-01-06,2012-05-21,0,3857
497353,7,North-Western,2011 1,ZMB.7_1,19,2012-01-07,2012-05-21,0,3876
497495,8,Northern,2011 1,ZMB.8_1,11,2012-01-07,2012-05-21,0,3876
496603,2,Copperbelt,2011 1,ZMB.2_1,19,2012-01-07,2012-05-21,0,3451
496611,2,Copperbelt,2011 1,ZMB.2_1,27,2012-01-07,2012-05-21,0,3723
496900,4,Luapula,2011 1,ZMB.4_1,16,2012-01-07,2012-05-21,0,3876
496614,2,Copperbelt,2011 1,ZMB.2_1,30,2012-01-07,2012-05-21,0,3526
497528,8,Northern,2011 1,ZMB.8_1,44,2012-01-07,2012-05-21,0,3874
496622,2,Copperbelt,2011 1,ZMB.2_1,38,2012-01-07,2012-05-21,0,3876
496627,2,Copperbelt,2011 1,ZMB.2_1,43,2012-01-07,2012-05-21,0,3205
497526,8,Northern,2011 1,ZMB.8_1,42,2012-01-07,2012-05-21,0,3876
496629,2,Copperbelt,2011 1,ZMB.2_1,45,2012-01-07,2012-05-21,0,3551
497224,6,Muchinga,2011 1,ZMB.6_1,40,2012-01-07,2012-05-21,0,3793
497205,6,Muchinga,2011 1,ZMB.6_1,21,2012-01-07,2012-05-21,0,3562
496758,3,Eastern,2011 1,ZMB.3_1,24,2012-01-07,2012-05-21,0,3734
496918,4,Luapula,2011 1,ZMB.4_1,34,2012-01-07,2012-05-21,0,3788
497340,7,North-Western,2011 1,ZMB.7_1,6,2012-01-07,2012-05-21,0,3835
496613,2,Copperbelt,2011 1,ZMB.2_1,29,2012-01-08,2012-05-22,0,3917
497492,8,Northern,2011 1,ZMB.8_1,8,2012-01-08,2012-05-22,0,3917
497814,10,Western,2011 1,ZMB.10_1,30,2012-01-08,2012-05-22,0,3917
496593,2,Copperbelt,2011 1,ZMB.2_1,9,2012-01-08,2012-05-22,0,3917
497079,5,Lusaka,2011 1,ZMB.5_1,45,2012-01-08,2012-05-22,0,3917
496590,2,Copperbelt,2011 1,ZMB.2_1,6,2012-01-08,2012-05-22,0,3432
496752,3,Eastern,2011 1,ZMB.3_1,18,2012-01-08,2012-05-22,0,3917
496781,3,Eastern,2011 1,ZMB.3_1,47,2012-01-08,2012-05-22,0,3917
497204,6,Muchinga,2011 1,ZMB.6_1,20,2012-01-08,2012-05-22,0,3917
497509,8,Northern,2011 1,ZMB.8_1,25,2012-01-08,2012-05-22,0,3837
496783,3,Eastern,2011 1,ZMB.3_1,49,2012-01-09,2012-05-23,0,3854
496738,3,Eastern,2011 1,ZMB.3_1,4,2012-01-09,2012-05-23,0,3966
497522,8,Northern,2011 1,ZMB.8_1,38,2012-01-09,2012-05-23,0,3966
496592,2,Copperbelt,2011 1,ZMB.2_1,8,2012-01-09,2012-05-23,0,3966
496484,1,Central,2011 1,ZMB.1_1,50,2012-01-09,2012-05-23,0,3706
497068,5,Lusaka,2011 1,ZMB.5_1,34,2012-01-09,2012-05-23,0,3420
496904,4,Luapula,2011 1,ZMB.4_1,20,2012-01-09,2012-05-23,0,3966
497384,7,North-Western,2011 1,ZMB.7_1,50,2012-01-09,2012-05-23,0,3966
497064,5,Lusaka,2011 1,ZMB.5_1,30,2012-01-09,2012-05-23,0,3351
497639,9,Southern,2011 1,ZMB.9_1,5,2012-01-09,2012-05-23,0,3410
497529,8,Northern,2011 1,ZMB.8_1,45,2012-01-09,2012-05-23,0,3966
496775,3,Eastern,2011 1,ZMB.3_1,41,2012-01-09,2012-05-23,0,3592
496912,4,Luapula,2011 1,ZMB.4_1,28,2012-01-09,2012-05-23,0,3966
497364,7,North-Western,2011 1,ZMB.7_1,30,2012-01-09,2012-05-23,0,3966
497078,5,Lusaka,2011 1,ZMB.5_1,44,2012-01-09,2012-05-23,0,3966
497198,6,Muchinga,2011 1,ZMB.6_1,14,2012-01-09,2012-05-23,0,3966
497194,6,Muchinga,2011 1,ZMB.6_1,10,2012-01-09,2012-05-23,0,3892
497199,6,Muchinga,2011 1,ZMB.6_1,15,2012-01-09,2012-05-23,0,3430
496633,2,Copperbelt,2011 1,ZMB.2_1,49,2012-01-09,2012-05-23,0,3966
496756,3,Eastern,2011 1,ZMB.3_1,22,2012-01-09,2012-05-23,0,3966
496755,3,Eastern,2011 1,ZMB.3_1,21,2012-01-09,2012-05-23,0,3966
497212,6,Muchinga,2011 1,ZMB.6_1,28,2012-01-09,2012-05-23,0,3966
497215,6,Muchinga,2011 1,ZMB.6_1,31,2012-01-09,2012-05-23,0,3966
497797,10,Western,2011 1,ZMB.10_1,13,2012-01-09,2012-05-23,0,3966
497234,6,Muchinga,2011 1,ZMB.6_1,50,2012-01-09,2012-05-23,0,3966
497507,8,Northern,2011 1,ZMB.8_1,23,2012-01-09,2012-05-23,0,3722
496750,3,Eastern,2011 1,ZMB.3_1,16,2012-01-10,2012-05-25,0,3264
497187,6,Muchinga,2011 1,ZMB.6_1,3,2012-01-10,2012-05-25,0,3990
497223,6,Muchinga,2011 1,ZMB.6_1,39,2012-01-10,2012-05-25,0,3881
497232,6,Muchinga,2011 1,ZMB.6_1,48,2012-01-10,2012-05-25,0,3990
496599,2,Copperbelt,2011 1,ZMB.2_1,15,2012-01-10,2012-05-25,0,3990
496597,2,Copperbelt,2011 1,ZMB.2_1,13,2012-01-10,2012-05-25,0,3990
497339,7,North-Western,2011 1,ZMB.7_1,5,2012-01-10,2012-05-25,0,3990
497352,7,North-Western,2011 1,ZMB.7_1,18,2012-01-10,2012-05-25,0,3990
497359,7,North-Western,2011 1,ZMB.7_1,25,2012-01-10,2012-05-25,0,3990
497373,7,North-Western,2011 1,ZMB.7_1,39,2012-01-10,2012-05-25,0,3988
496754,3,Eastern,2011 1,ZMB.3_1,20,2012-01-10,2012-05-25,0,3990
496769,3,Eastern,2011 1,ZMB.3_1,35,2012-01-10,2012-05-25,0,3829
497514,8,Northern,2011 1,ZMB.8_1,30,2012-01-10,2012-05-25,0,3990
497518,8,Northern,2011 1,ZMB.8_1,34,2012-01-10,2012-05-25,0,3990
496458,1,Central,2011 1,ZMB.1_1,24,2012-01-10,2012-05-25,0,3990
497670,9,Southern,2011 1,ZMB.9_1,36,2012-01-10,2012-05-25,0,3836
496901,4,Luapula,2011 1,ZMB.4_1,17,2012-01-10,2012-05-25,0,3990
496896,4,Luapula,2011 1,ZMB.4_1,12,2012-01-10,2012-05-25,0,3990
496886,4,Luapula,2011 1,ZMB.4_1,2,2012-01-10,2012-05-25,0,3990
497200,6,Muchinga,2011 1,ZMB.6_1,16,2012-01-11,2012-05-28,0,4368
497805,10,Western,2011 1,ZMB.10_1,21,2012-01-11,2012-05-28,0,4368
497191,6,Muchinga,2011 1,ZMB.6_1,7,2012-01-11,2012-05-28,0,4026
496473,1,Central,2011 1,ZMB.1_1,39,2012-01-11,2012-05-28,0,4041
497357,7,North-Western,2011 1,ZMB.7_1,23,2012-01-11,2012-05-28,0,4368
497361,7,North-Western,2011 1,ZMB.7_1,27,2012-01-11,2012-05-28,0,4331
497676,9,Southern,2011 1,ZMB.9_1,42,2012-01-11,2012-05-28,0,4246
497684,9,Southern,2011 1,ZMB.9_1,50,2012-01-11,2012-05-28,0,3363
497815,10,Western,2011 1,ZMB.10_1,31,2012-01-11,2012-05-28,0,3005
496931,4,Luapula,2011 1,ZMB.4_1,47,2012-01-11,2012-05-28,0,4368
497527,8,Northern,2011 1,ZMB.8_1,43,2012-01-11,2012-05-28,0,4368
497499,8,Northern,2011 1,ZMB.8_1,15,2012-01-11,2012-05-28,0,3551
496905,4,Luapula,2011 1,ZMB.4_1,21,2012-01-11,2012-05-28,0,4368
497824,10,Western,2011 1,ZMB.10_1,40,2012-01-11,2012-05-28,0,3452
497799,10,Western,2011 1,ZMB.10_1,15,2012-01-11,2012-05-28,0,4368
497801,10,Western,2011 1,ZMB.10_1,17,2012-01-11,2012-05-28,0,4368
497649,9,Southern,2011 1,ZMB.9_1,15,2012-01-11,2012-05-28,0,3698
497201,6,Muchinga,2011 1,ZMB.6_1,17,2012-01-11,2012-05-28,0,3774
497516,8,Northern,2011 1,ZMB.8_1,32,2012-01-12,2012-05-27,0,4133
497054,5,Lusaka,2011 1,ZMB.5_1,20,2012-01-12,2012-05-27,0,4133
496774,3,Eastern,2011 1,ZMB.3_1,40,2012-01-12,2012-05-27,0,3652
497185,6,Muchinga,2011 1,ZMB.6_1,1,2012-01-12,2012-05-27,0,3808
496763,3,Eastern,2011 1,ZMB.3_1,29,2012-01-12,2012-05-27,0,3395
497219,6,Muchinga,2011 1,ZMB.6_1,35,2012-01-12,2012-05-27,0,4053
496746,3,Eastern,2011 1,ZMB.3_1,12,2012-01-12,2012-05-27,0,3474
496779,3,Eastern,2011 1,ZMB.3_1,45,2012-01-12,2012-05-27,0,4134
497229,6,Muchinga,2011 1,ZMB.6_1,45,2012-01-12,2012-05-27,0,3972
496439,1,Central,2011 1,ZMB.1_1,5,2012-01-12,2012-05-27,0,4134
496737,3,Eastern,2011 1,ZMB.3_1,3,2012-01-12,2012-05-27,0,4133
496607,2,Copperbelt,2011 1,ZMB.2_1,23,2012-01-12,2012-05-27,0,4056
496604,2,Copperbelt,2011 1,ZMB.2_1,20,2012-01-12,2012-05-27,0,3576
497378,7,North-Western,2011 1,ZMB.7_1,44,2012-01-12,2012-05-27,0,4134
496602,2,Copperbelt,2011 1,ZMB.2_1,18,2012-01-12,2012-05-27,0,3971
497667,9,Southern,2011 1,ZMB.9_1,33,2012-01-12,2012-05-27,0,4020
497062,5,Lusaka,2011 1,ZMB.5_1,28,2012-01-12,2012-05-27,0,3581
497646,9,Southern,2011 1,ZMB.9_1,12,2012-01-12,2012-05-27,0,4133
497643,9,Southern,2011 1,ZMB.9_1,9,2012-01-13,2012-05-30,0,3756
497487,8,Northern,2011 1,ZMB.8_1,3,2012-01-13,2012-05-30,0,4293
497193,6,Muchinga,2011 1,ZMB.6_1,9,2012-01-13,2012-05-30,0,4293
497067,5,Lusaka,2011 1,ZMB.5_1,33,2012-01-13,2012-05-30,0,4293
497795,10,Western,2011 1,ZMB.10_1,11,2012-01-13,2012-05-30,0,2811
496741,3,Eastern,2011 1,ZMB.3_1,7,2012-01-13,2012-05-30,0,3691
496481,1,Central,2011 1,ZMB.1_1,47,2012-01-13,2012-05-30,0,4293
496626,2,Copperbelt,2011 1,ZMB.2_1,42,2012-01-13,2012-05-30,0,4293
496895,4,Luapula,2011 1,ZMB.4_1,11,2012-01-13,2012-05-30,0,4293
497343,7,North-Western,2011 1,ZMB.7_1,9,2012-01-13,2012-05-30,0,4293
496477,1,Central,2011 1,ZMB.1_1,43,2012-01-13,2012-05-30,0,4293
496885,4,Luapula,2011 1,ZMB.4_1,1,2012-01-13,2012-05-30,0,3582
496739,3,Eastern,2011 1,ZMB.3_1,5,2012-01-13,2012-05-30,0,4293
497489,8,Northern,2011 1,ZMB.8_1,5,2012-01-13,2012-05-30,0,3690
497342,7,North-Western,2011 1,ZMB.7_1,8,2012-01-13,2012-05-30,0,4061
497637,9,Southern,2011 1,ZMB.9_1,3,2012-01-13,2012-05-30,0,3943
497654,9,Southern,2011 1,ZMB.9_1,20,2012-01-13,2012-05-30,0,4293
497225,6,Muchinga,2011 1,ZMB.6_1,41,2012-01-13,2012-05-30,0,4293
496887,4,Luapula,2011 1,ZMB.4_1,3,2012-01-13,2012-05-30,0,4293
497513,8,Northern,2011 1,ZMB.8_1,29,2012-01-13,2012-05-30,0,3802
496587,2,Copperbelt,2011 1,ZMB.2_1,3,2012-01-14,2012-05-31,0,4086
497523,8,Northern,2011 1,ZMB.8_1,39,2012-01-14,2012-05-31,0,4368
497669,9,Southern,2011 1,ZMB.9_1,35,2012-01-14,2012-05-31,0,3665
496736,3,Eastern,2011 1,ZMB.3_1,2,2012-01-14,2012-05-31,0,4368
496925,4,Luapula,2011 1,ZMB.4_1,41,2012-01-14,2012-05-31,0,4368
497491,8,Northern,2011 1,ZMB.8_1,7,2012-01-14,2012-05-31,0,4368
497680,9,Southern,2011 1,ZMB.9_1,46,2012-01-14,2012-05-31,0,3670
496600,2,Copperbelt,2011 1,ZMB.2_1,16,2012-01-14,2012-05-31,0,3867
496585,2,Copperbelt,2011 1,ZMB.2_1,1,2012-01-14,2012-05-31,0,3698
497833,10,Western,2011 1,ZMB.10_1,49,2012-01-14,2012-05-31,0,3273
497192,6,Muchinga,2011 1,ZMB.6_1,8,2012-01-14,2012-05-31,0,4368
497506,8,Northern,2011 1,ZMB.8_1,22,2012-01-14,2012-05-31,0,4368
497354,7,North-Western,2011 1,ZMB.7_1,20,2012-01-14,2012-05-31,0,4368
497058,5,Lusaka,2011 1,ZMB.5_1,24,2012-01-14,2012-05-31,0,4368
497810,10,Western,2011 1,ZMB.10_1,26,2012-01-15,2012-05-30,0,4089
496457,1,Central,2011 1,ZMB.1_1,23,2012-01-15,2012-05-30,0,4089
496454,1,Central,2011 1,ZMB.1_1,20,2012-01-15,2012-05-30,0,4089
496888,4,Luapula,2011 1,ZMB.4_1,4,2012-01-15,2012-05-30,0,4089
497503,8,Northern,2011 1,ZMB.8_1,19,2012-01-15,2012-05-30,0,4089
496631,2,Copperbelt,2011 1,ZMB.2_1,47,2012-01-15,2012-05-30,0,4051
496442,1,Central,2011 1,ZMB.1_1,8,2012-01-15,2012-05-30,0,4089
497533,8,Northern,2011 1,ZMB.8_1,49,2012-01-15,2012-05-30,0,4089
497057,5,Lusaka,2011 1,ZMB.5_1,23,2012-01-15,2012-05-30,0,3870
497636,9,Southern,2011 1,ZMB.9_1,2,2012-01-15,2012-05-30,0,3346
496922,4,Luapula,2011 1,ZMB.4_1,38,2012-01-15,2012-05-30,0,4089
497485,8,Northern,2011 1,ZMB.8_1,1,2012-01-15,2012-05-30,0,4089
497807,10,Western,2011 1,ZMB.10_1,23,2012-01-15,2012-05-30,0,4089
497188,6,Muchinga,2011 1,ZMB.6_1,4,2012-01-15,2012-05-30,0,4089
496762,3,Eastern,2011 1,ZMB.3_1,28,2012-01-15,2012-05-30,0,4089
497207,6,Muchinga,2011 1,ZMB.6_1,23,2012-01-15,2012-05-30,0,4089
497350,7,North-Western,2011 1,ZMB.7_1,16,2012-01-16,2012-05-31,0,4086
496929,4,Luapula,2011 1,ZMB.4_1,45,2012-01-16,2012-05-31,0,4086
497521,8,Northern,2011 1,ZMB.8_1,37,2012-01-16,2012-05-31,0,4086
497794,10,Western,2011 1,ZMB.10_1,10,2012-01-16,2012-05-31,0,3469
497216,6,Muchinga,2011 1,ZMB.6_1,32,2012-01-16,2012-05-31,0,4086
496893,4,Luapula,2011 1,ZMB.4_1,9,2012-01-16,2012-05-31,0,4086
496915,4,Luapula,2011 1,ZMB.4_1,31,2012-01-16,2012-05-31,0,4086
497066,5,Lusaka,2011 1,ZMB.5_1,32,2012-01-16,2012-05-31,0,3672
497811,10,Western,2011 1,ZMB.10_1,27,2012-01-16,2012-05-31,0,3347
497220,6,Muchinga,2011 1,ZMB.6_1,36,2012-01-16,2012-05-31,0,3507
496462,1,Central,2011 1,ZMB.1_1,28,2012-01-16,2012-05-31,0,4086
497338,7,North-Western,2011 1,ZMB.7_1,4,2012-01-16,2012-05-31,0,4086
497048,5,Lusaka,2011 1,ZMB.5_1,14,2012-01-16,2012-05-31,0,3914
497202,6,Muchinga,2011 1,ZMB.6_1,18,2012-01-16,2012-05-31,0,4086
497061,5,Lusaka,2011 1,ZMB.5_1,27,2012-01-16,2012-05-31,0,3958
497052,5,Lusaka,2011 1,ZMB.5_1,18,2012-01-16,2012-05-31,0,3671
496618,2,Copperbelt,2011 1,ZMB.2_1,34,2012-01-16,2012-05-31,0,3396
496472,1,Central,2011 1,ZMB.1_1,38,2012-01-17,2012-06-01,0,3561
497496,8,Northern,2011 1,ZMB.8_1,12,2012-01-17,2012-06-01,0,4161
496768,3,Eastern,2011 1,ZMB.3_1,34,2012-01-17,2012-06-01,0,4031
496760,3,Eastern,2011 1,ZMB.3_1,26,2012-01-17,2012-06-01,0,3278
496759,3,Eastern,2011 1,ZMB.3_1,25,2012-01-17,2012-06-01,0,4161
496780,3,Eastern,2011 1,ZMB.3_1,46,2012-01-17,2012-06-01,0,4161
496934,4,Luapula,2011 1,ZMB.4_1,50,2012-01-17,2012-06-01,0,3866
497823,10,Western,2011 1,ZMB.10_1,39,2012-01-17,2012-06-01,0,4078
497640,9,Southern,2011 1,ZMB.9_1,6,2012-01-17,2012-06-01,0,3736
497664,9,Southern,2011 1,ZMB.9_1,30,2012-01-17,2012-06-01,0,3927
497672,9,Southern,2011 1,ZMB.9_1,38,2012-01-17,2012-06-01,0,4161
496624,2,Copperbelt,2011 1,ZMB.2_1,40,2012-01-17,2012-06-01,0,4161
497214,6,Muchinga,2011 1,ZMB.6_1,30,2012-01-17,2012-06-01,0,4161
497195,6,Muchinga,2011 1,ZMB.6_1,11,2012-01-17,2012-06-01,0,4161
497189,6,Muchinga,2011 1,ZMB.6_1,5,2012-01-17,2012-06-01,0,3978
497345,7,North-Western,2011 1,ZMB.7_1,11,2012-01-18,2012-06-03,0,4278
497347,7,North-Western,2011 1,ZMB.7_1,13,2012-01-18,2012-06-03,0,4278
496772,3,Eastern,2011 1,ZMB.3_1,38,2012-01-18,2012-06-03,0,3723
496483,1,Central,2011 1,ZMB.1_1,49,2012-01-18,2012-06-03,0,4278
496482,1,Central,2011 1,ZMB.1_1,48,2012-01-18,2012-06-03,0,4056
496480,1,Central,2011 1,ZMB.1_1,46,2012-01-18,2012-06-03,0,3287
496777,3,Eastern,2011 1,ZMB.3_1,43,2012-01-18,2012-06-03,0,4278
497828,10,Western,2011 1,ZMB.10_1,44,2012-01-18,2012-06-03,0,4278
496757,3,Eastern,2011 1,ZMB.3_1,23,2012-01-18,2012-06-03,0,4278
496460,1,Central,2011 1,ZMB.1_1,26,2012-01-18,2012-06-03,0,4056
497831,10,Western,2011 1,ZMB.10_1,47,2012-01-18,2012-06-03,0,4278
497336,7,North-Western,2011 1,ZMB.7_1,2,2012-01-18,2012-06-03,0,4278
496743,3,Eastern,2011 1,ZMB.3_1,9,2012-01-18,2012-06-03,0,4278
497233,6,Muchinga,2011 1,ZMB.6_1,49,2012-01-18,2012-06-03,0,4278
497812,10,Western,2011 1,ZMB.10_1,28,2012-01-18,2012-06-03,0,4278
497044,5,Lusaka,2011 1,ZMB.5_1,10,2012-01-18,2012-06-03,0,3442
497788,10,Western,2011 1,ZMB.10_1,4,2012-01-18,2012-06-03,0,4278
496927,4,Luapula,2011 1,ZMB.4_1,43,2012-01-18,2012-06-03,0,4278
497375,7,North-Western,2011 1,ZMB.7_1,41,2012-01-18,2012-06-03,0,4278
497065,5,Lusaka,2011 1,ZMB.5_1,31,2012-01-18,2012-06-03,0,4086
497671,9,Southern,2011 1,ZMB.9_1,37,2012-01-18,2012-06-03,0,3326
497819,10,Western,2011 1,ZMB.10_1,35,2012-01-19,2012-06-05,0,4427
497060,5,Lusaka,2011 1,ZMB.5_1,26,2012-01-19,2012-06-05,0,3708
496586,2,Copperbelt,2011 1,ZMB.2_1,2,2012-01-19,2012-06-05,0,4237
496919,4,Luapula,2011 1,ZMB.4_1,35,2012-01-19,2012-06-05,0,4427
496926,4,Luapula,2011 1,ZMB.4_1,42,2012-01-19,2012-06-05,0,4427
496610,2,Copperbelt,2011 1,ZMB.2_1,26,2012-01-19,2012-06-05,0,4382
496748,3,Eastern,2011 1,ZMB.3_1,14,2012-01-19,2012-06-05,0,4382
497800,10,Western,2011 1,ZMB.10_1,16,2012-01-19,2012-06-05,0,3497
496753,3,Eastern,2011 1,ZMB.3_1,19,2012-01-19,2012-06-05,0,4002
497498,8,Northern,2011 1,ZMB.8_1,14,2012-01-19,2012-06-05,0,4001
496464,1,Central,2011 1,ZMB.1_1,30,2012-01-19,2012-06-05,0,4293
497520,8,Northern,2011 1,ZMB.8_1,36,2012-01-19,2012-06-05,0,4427
496773,3,Eastern,2011 1,ZMB.3_1,39,2012-01-19,2012-06-05,0,4427
497053,5,Lusaka,2011 1,ZMB.5_1,19,2012-01-19,2012-06-05,0,3832
496617,2,Copperbelt,2011 1,ZMB.2_1,33,2012-01-20,2012-06-06,0,3609
497376,7,North-Western,2011 1,ZMB.7_1,42,2012-01-20,2012-06-06,0,4447
497186,6,Muchinga,2011 1,ZMB.6_1,2,2012-01-20,2012-06-06,0,4447
497341,7,North-Western,2011 1,ZMB.7_1,7,2012-01-20,2012-06-06,0,4447
496928,4,Luapula,2011 1,ZMB.4_1,44,2012-01-20,2012-06-06,0,3775
497650,9,Southern,2011 1,ZMB.9_1,16,2012-01-20,2012-06-06,0,4069
497050,5,Lusaka,2011 1,ZMB.5_1,16,2012-01-20,2012-06-06,0,3953
497500,8,Northern,2011 1,ZMB.8_1,16,2012-01-20,2012-06-06,0,4010
497486,8,Northern,2011 1,ZMB.8_1,2,2012-01-20,2012-06-06,0,4447
497348,7,North-Western,2011 1,ZMB.7_1,14,2012-01-20,2012-06-06,0,3864
497073,5,Lusaka,2011 1,ZMB.5_1,39,2012-01-20,2012-06-06,0,3773
497665,9,Southern,2011 1,ZMB.9_1,31,2012-01-20,2012-06-06,0,4447
497040,5,Lusaka,2011 1,ZMB.5_1,6,2012-01-20,2012-06-06,0,3936
497651,9,Southern,2011 1,ZMB.9_1,17,2012-01-21,2012-06-07,0,4375
496467,1,Central,2011 1,ZMB.1_1,33,2012-01-21,2012-06-07,0,4461
496621,2,Copperbelt,2011 1,ZMB.2_1,37,2012-01-21,2012-06-07,0,3642
497648,9,Southern,2011 1,ZMB.9_1,14,2012-01-21,2012-06-07,0,4149
497083,5,Lusaka,2011 1,ZMB.5_1,49,2012-01-21,2012-06-07,0,3550
497080,5,Lusaka,2011 1,ZMB.5_1,46,2012-01-21,2012-06-07,0,3722
497635,9,Southern,2011 1,ZMB.9_1,1,2012-01-21,2012-06-07,0,3885
497203,6,Muchinga,2011 1,ZMB.6_1,19,2012-01-21,2012-06-07,0,3685
497660,9,Southern,2011 1,ZMB.9_1,26,2012-01-21,2012-06-07,0,4461
497675,9,Southern,2011 1,ZMB.9_1,41,2012-01-21,2012-06-07,0,3703
496745,3,Eastern,2011 1,ZMB.3_1,11,2012-01-22,2012-06-09,0,3364
496917,4,Luapula,2011 1,ZMB.4_1,33,2012-01-22,2012-06-09,0,3662
496916,4,Luapula,2011 1,ZMB.4_1,32,2012-01-22,2012-06-09,0,3949
497370,7,North-Western,2011 1,ZMB.7_1,36,2012-01-22,2012-06-09,0,4594
496438,1,Central,2011 1,ZMB.1_1,4,2012-01-22,2012-06-09,0,3802
496609,2,Copperbelt,2011 1,ZMB.2_1,25,2012-01-22,2012-06-09,0,4594
496479,1,Central,2011 1,ZMB.1_1,45,2012-01-22,2012-06-09,0,4226
497652,9,Southern,2011 1,ZMB.9_1,18,2012-01-22,2012-06-09,0,4167
496906,4,Luapula,2011 1,ZMB.4_1,22,2012-01-22,2012-06-09,0,4352
497379,7,North-Western,2011 1,ZMB.7_1,45,2012-01-22,2012-06-09,0,4594
496441,1,Central,2011 1,ZMB.1_1,7,2012-01-22,2012-06-09,0,4594
497071,5,Lusaka,2011 1,ZMB.5_1,37,2012-01-22,2012-06-09,0,3461
496742,3,Eastern,2011 1,ZMB.3_1,8,2012-01-22,2012-06-09,0,3360
496744,3,Eastern,2011 1,ZMB.3_1,10,2012-01-22,2012-06-09,0,3482
497038,5,Lusaka,2011 1,ZMB.5_1,4,2012-01-23,2012-06-10,0,4328
497830,10,Western,2011 1,ZMB.10_1,46,2012-01-23,2012-06-10,0,4631
497792,10,Western,2011 1,ZMB.10_1,8,2012-01-23,2012-06-10,0,3814
496623,2,Copperbelt,2011 1,ZMB.2_1,39,2012-01-23,2012-06-10,0,3627
497532,8,Northern,2011 1,ZMB.8_1,48,2012-01-23,2012-06-10,0,3264
496443,1,Central,2011 1,ZMB.1_1,9,2012-01-23,2012-06-10,0,3826
497658,9,Southern,2011 1,ZMB.9_1,24,2012-01-23,2012-06-10,0,3375
497076,5,Lusaka,2011 1,ZMB.5_1,42,2012-01-23,2012-06-10,0,4631
497789,10,Western,2011 1,ZMB.10_1,5,2012-01-23,2012-06-10,0,4631
497037,5,Lusaka,2011 1,ZMB.5_1,3,2012-01-23,2012-06-10,0,4631
497644,9,Southern,2011 1,ZMB.9_1,10,2012-01-23,2012-06-10,0,3397
497356,7,North-Western,2011 1,ZMB.7_1,22,2012-01-23,2012-06-10,0,4455
496596,2,Copperbelt,2011 1,ZMB.2_1,12,2012-01-23,2012-06-10,0,4631
496601,2,Copperbelt,2011 1,ZMB.2_1,17,2012-01-23,2012-06-10,0,4042
497512,8,Northern,2011 1,ZMB.8_1,28,2012-01-24,2012-06-11,0,3473
496444,1,Central,2011 1,ZMB.1_1,10,2012-01-24,2012-06-11,0,4687
496440,1,Central,2011 1,ZMB.1_1,6,2012-01-24,2012-06-11,0,4687
496907,4,Luapula,2011 1,ZMB.4_1,23,2012-01-24,2012-06-11,0,4687
497049,5,Lusaka,2011 1,ZMB.5_1,15,2012-01-24,2012-06-11,0,4391
496594,2,Copperbelt,2011 1,ZMB.2_1,10,2012-01-24,2012-06-11,0,4687
497834,10,Western,2011 1,ZMB.10_1,50,2012-01-24,2012-06-11,0,4687
497084,5,Lusaka,2011 1,ZMB.5_1,50,2012-01-24,2012-06-11,0,3853
496923,4,Luapula,2011 1,ZMB.4_1,39,2012-01-24,2012-06-11,0,4687
497371,7,North-Western,2011 1,ZMB.7_1,37,2012-01-24,2012-06-11,0,4687
497808,10,Western,2011 1,ZMB.10_1,24,2012-01-24,2012-06-11,0,3477
496453,1,Central,2011 1,ZMB.1_1,19,2012-01-24,2012-06-11,0,4687
496784,3,Eastern,2011 1,ZMB.3_1,50,2012-01-24,2012-06-11,0,4376
497826,10,Western,2011 1,ZMB.10_1,42,2012-01-24,2012-06-11,0,4424
497226,6,Muchinga,2011 1,ZMB.6_1,42,2012-01-24,2012-06-11,0,3749
496766,3,Eastern,2011 1,ZMB.3_1,32,2012-01-24,2012-06-11,0,3746
497059,5,Lusaka,2011 1,ZMB.5_1,25,2012-01-24,2012-06-11,0,3430
496782,3,Eastern,2011 1,ZMB.3_1,48,2012-01-25,2012-06-13,0,3800
496894,4,Luapula,2011 1,ZMB.4_1,10,2012-01-25,2012-06-13,0,4840
496898,4,Luapula,2011 1,ZMB.4_1,14,2012-01-25,2012-06-13,0,4840
496930,4,Luapula,2011 1,ZMB.4_1,46,2012-01-25,2012-06-13,0,4840
497051,5,Lusaka,2011 1,ZMB.5_1,17,2012-01-25,2012-06-13,0,3724
497077,5,Lusaka,2011 1,ZMB.5_1,43,2012-01-25,2012-06-13,0,3497
497206,6,Muchinga,2011 1,ZMB.6_1,22,2012-01-25,2012-06-13,0,4183
496632,2,Copperbelt,2011 1,ZMB.2_1,48,2012-01-25,2012-06-13,0,3850
496612,2,Copperbelt,2011 1,ZMB.2_1,28,2012-01-25,2012-06-13,0,4840
497504,8,Northern,2011 1,ZMB.8_1,20,2012-01-25,2012-06-13,0,4675
497508,8,Northern,2011 1,ZMB.8_1,24,2012-01-25,2012-06-13,0,4840
496447,1,Central,2011 1,ZMB.1_1,13,2012-01-25,2012-06-13,0,3936
497802,10,Western,2011 1,ZMB.10_1,18,2012-01-25,2012-06-13,0,4840
497809,10,Western,2011 1,ZMB.10_1,25,2012-01-25,2012-06-13,0,4733
496446,1,Central,2011 1,ZMB.1_1,12,2012-01-26,2012-06-14,0,4865
496591,2,Copperbelt,2011 1,ZMB.2_1,7,2012-01-26,2012-06-14,0,4282
496615,2,Copperbelt,2011 1,ZMB.2_1,31,2012-01-26,2012-06-14,0,4020
496619,2,Copperbelt,2011 1,ZMB.2_1,35,2012-01-26,2012-06-14,0,4865
497683,9,Southern,2011 1,ZMB.9_1,49,2012-01-26,2012-06-14,0,4865
497221,6,Muchinga,2011 1,ZMB.6_1,37,2012-01-26,2012-06-14,0,4461
497531,8,Northern,2011 1,ZMB.8_1,47,2012-01-26,2012-06-14,0,4865
496634,2,Copperbelt,2011 1,ZMB.2_1,50,2012-01-26,2012-06-14,0,4071
497501,8,Northern,2011 1,ZMB.8_1,17,2012-01-26,2012-06-14,0,3686
496889,4,Luapula,2011 1,ZMB.4_1,5,2012-01-26,2012-06-14,0,4381
497655,9,Southern,2011 1,ZMB.9_1,21,2012-01-26,2012-06-14,0,3467
496461,1,Central,2011 1,ZMB.1_1,27,2012-01-26,2012-06-14,0,4333
497069,5,Lusaka,2011 1,ZMB.5_1,35,2012-01-26,2012-06-14,0,4865
497360,7,North-Western,2011 1,ZMB.7_1,26,2012-01-26,2012-06-14,0,4865
497358,7,North-Western,2011 1,ZMB.7_1,24,2012-01-26,2012-06-14,0,4865
497337,7,North-Western,2011 1,ZMB.7_1,3,2012-01-26,2012-06-14,0,4865
497344,7,North-Western,2011 1,ZMB.7_1,10,2012-01-27,2012-06-15,0,4868
496767,3,Eastern,2011 1,ZMB.3_1,33,2012-01-27,2012-06-15,0,4909
497351,7,North-Western,2011 1,ZMB.7_1,17,2012-01-27,2012-06-15,0,4828
497335,7,North-Western,2011 1,ZMB.7_1,1,2012-01-27,2012-06-15,0,4339
497806,10,Western,2011 1,ZMB.10_1,22,2012-01-27,2012-06-15,0,4636
497035,5,Lusaka,2011 1,ZMB.5_1,1,2012-01-27,2012-06-15,0,3574
497210,6,Muchinga,2011 1,ZMB.6_1,26,2012-01-27,2012-06-15,0,4909
497525,8,Northern,2011 1,ZMB.8_1,41,2012-01-27,2012-06-15,0,4350
496436,1,Central,2011 1,ZMB.1_1,2,2012-01-27,2012-06-15,0,4909
496451,1,Central,2011 1,ZMB.1_1,17,2012-01-27,2012-06-15,0,4258
496897,4,Luapula,2011 1,ZMB.4_1,13,2012-01-27,2012-06-15,0,4909
497818,10,Western,2011 1,ZMB.10_1,34,2012-01-27,2012-06-15,0,3021
497190,6,Muchinga,2011 1,ZMB.6_1,6,2012-01-27,2012-06-15,0,4152
497047,5,Lusaka,2011 1,ZMB.5_1,13,2012-01-27,2012-06-15,0,4909
497642,9,Southern,2011 1,ZMB.9_1,8,2012-01-28,2012-06-17,0,3505
497209,6,Muchinga,2011 1,ZMB.6_1,25,2012-01-28,2012-06-17,0,3844
497075,5,Lusaka,2011 1,ZMB.5_1,41,2012-01-28,2012-06-17,0,4620
497656,9,Southern,2011 1,ZMB.9_1,22,2012-01-28,2012-06-17,0,3412
497063,5,Lusaka,2011 1,ZMB.5_1,29,2012-01-28,2012-06-17,0,3727
496765,3,Eastern,2011 1,ZMB.3_1,31,2012-01-28,2012-06-17,0,3756
497055,5,Lusaka,2011 1,ZMB.5_1,21,2012-01-28,2012-06-17,0,3981
497517,8,Northern,2011 1,ZMB.8_1,33,2012-01-28,2012-06-17,0,5066
497488,8,Northern,2011 1,ZMB.8_1,4,2012-01-28,2012-06-17,0,5066
496749,3,Eastern,2011 1,ZMB.3_1,15,2012-01-28,2012-06-17,0,5066
497218,6,Muchinga,2011 1,ZMB.6_1,34,2012-01-28,2012-06-17,0,5066
496435,1,Central,2011 1,ZMB.1_1,1,2012-01-28,2012-06-17,0,3474
496740,3,Eastern,2011 1,ZMB.3_1,6,2012-01-28,2012-06-17,0,3383
496589,2,Copperbelt,2011 1,ZMB.2_1,5,2012-01-28,2012-06-17,0,3175
497798,10,Western,2011 1,ZMB.10_1,14,2012-01-28,2012-06-17,0,3920
497227,6,Muchinga,2011 1,ZMB.6_1,43,2012-01-28,2012-06-17,0,5066
497056,5,Lusaka,2011 1,ZMB.5_1,22,2012-01-29,2012-06-18,0,3486
496455,1,Central,2011 1,ZMB.1_1,21,2012-01-29,2012-06-18,0,5132
496469,1,Central,2011 1,ZMB.1_1,35,2012-01-29,2012-06-18,0,5132
496474,1,Central,2011 1,ZMB.1_1,40,2012-01-29,2012-06-18,0,4433
497382,7,North-Western,2011 1,ZMB.7_1,48,2012-01-29,2012-06-18,0,4629
497372,7,North-Western,2011 1,ZMB.7_1,38,2012-01-29,2012-06-18,0,5132
497366,7,North-Western,2011 1,ZMB.7_1,32,2012-01-29,2012-06-18,0,4516
497349,7,North-Western,2011 1,ZMB.7_1,15,2012-01-29,2012-06-18,0,5132
497785,10,Western,2011 1,ZMB.10_1,1,2012-01-29,2012-06-18,0,4417
497787,10,Western,2011 1,ZMB.10_1,3,2012-01-29,2012-06-18,0,3030
497230,6,Muchinga,2011 1,ZMB.6_1,46,2012-01-29,2012-06-18,0,3798
497796,10,Western,2011 1,ZMB.10_1,12,2012-01-29,2012-06-18,0,5132
496890,4,Luapula,2011 1,ZMB.4_1,6,2012-01-29,2012-06-18,0,5132
497196,6,Muchinga,2011 1,ZMB.6_1,12,2012-01-29,2012-06-18,0,5132
497070,5,Lusaka,2011 1,ZMB.5_1,36,2012-01-29,2012-06-18,0,4162
497677,9,Southern,2011 1,ZMB.9_1,43,2012-01-29,2012-06-18,0,5132
497817,10,Western,2011 1,ZMB.10_1,33,2012-01-29,2012-06-18,0,5132
497046,5,Lusaka,2011 1,ZMB.5_1,12,2012-01-29,2012-06-18,0,4634
496910,4,Luapula,2011 1,ZMB.4_1,26,2012-01-29,2012-06-18,0,5132
496909,4,Luapula,2011 1,ZMB.4_1,25,2012-01-29,2012-06-18,0,5132
497041,5,Lusaka,2011 1,ZMB.5_1,7,2012-01-30,2012-06-19,0,4470
497791,10,Western,2011 1,ZMB.10_1,7,2012-01-30,2012-06-19,0,4585
496735,3,Eastern,2011 1,ZMB.3_1,1,2012-01-30,2012-06-19,0,4768
497346,7,North-Western,2011 1,ZMB.7_1,12,2012-01-30,2012-06-19,0,5202
497383,7,North-Western,2011 1,ZMB.7_1,49,2012-01-30,2012-06-19,0,5115
497832,10,Western,2011 1,ZMB.10_1,48,2012-01-30,2012-06-19,0,5202
497827,10,Western,2011 1,ZMB.10_1,43,2012-01-30,2012-06-19,0,3461
496475,1,Central,2011 1,ZMB.1_1,41,2012-01-30,2012-06-19,0,5010
496449,1,Central,2011 1,ZMB.1_1,15,2012-01-30,2012-06-19,0,3930
497666,9,Southern,2011 1,ZMB.9_1,32,2012-01-30,2012-06-19,0,3423
497679,9,Southern,2011 1,ZMB.9_1,45,2012-01-30,2012-06-19,0,3940
497228,6,Muchinga,2011 1,ZMB.6_1,44,2012-01-30,2012-06-19,0,3942
497659,9,Southern,2011 1,ZMB.9_1,25,2012-01-30,2012-06-19,0,3725
497820,10,Western,2011 1,ZMB.10_1,36,2012-01-30,2012-06-19,0,4971
