,district,year,yield
0,chadiza,1999,4.25366
1,chadiza,2000,4.17192
2,chadiza,2001,4.23727
3,chadiza,2002,4.2321
4,chadiza,2003,3.99673
5,chadiza,2004,4.31613
6,chadiza,2005,3.9750099999999997
7,chadiza,2006,4.0111099999999995
8,chadiza,2007,3.84931
9,chadiza,2008,4.05639
10,chadiza,2009,4.10545
11,chadiza,2010,3.95918
12,chadiza,2011,3.99469
13,chadiza,2012,3.98882
14,chadiza,2013,4.11711
15,chadiza,2014,3.9688999999999997
16,chadiza,2015,3.95382
17,chadiza,2016,3.91669
18,chadiza,2017,4.24941
19,chadiza,2018,3.8456400000000004
20,chadiza,2019,3.75454
21,chadiza,2020,3.94125
22,chadiza,2021,4.22163
23,chadiza,2022,3.6836296296296296
24,chama,1999,4.202706666666666
25,chama,2000,4.15541
26,chama,2001,4.1526499999999995
27,chama,2002,4.30797
28,chama,2003,3.94676
29,chama,2004,4.36055
30,chama,2005,3.9802400000000002
31,chama,2006,3.9462200000000003
32,chama,2007,3.8964600000000003
33,chama,2008,4.03405
34,chama,2009,4.01955
35,chama,2010,3.93733
36,chama,2011,4.01812
37,chama,2012,4.02813
38,chama,2013,4.13746
39,chama,2014,3.98255
40,chama,2015,3.8952
41,chama,2016,3.9796500000000004
42,chama,2017,4.26219
43,chama,2018,3.8320100000000004
44,chama,2019,3.7821300000000004
45,chama,2020,3.94063
46,chama,2021,4.20133
47,chama,2022,3.794096153846154
48,chasefu,1999,4.277073333333334
49,chasefu,2000,4.179390000000001
50,chasefu,2001,4.25957
51,chasefu,2002,4.1854000000000005
52,chasefu,2003,3.94534
53,chasefu,2004,4.33559
54,chasefu,2005,3.9953499999999997
55,chasefu,2006,3.9687599999999996
56,chasefu,2007,3.8816100000000002
57,chasefu,2008,4.019270000000001
58,chasefu,2009,4.08702
59,chasefu,2010,3.9008800000000003
60,chasefu,2011,3.97736
61,chasefu,2012,4.04272
62,chasefu,2013,4.12078
63,chasefu,2014,3.9868900000000003
64,chasefu,2015,3.8673200000000003
65,chasefu,2016,3.9484500000000002
66,chasefu,2017,4.2603100000000005
67,chasefu,2018,3.84678
68,chasefu,2019,3.7813600000000003
69,chasefu,2020,3.96453
70,chasefu,2021,4.15769
71,chasefu,2022,3.7337777777777776
72,chavuma,1999,4.229626666666666
73,chavuma,2000,4.1788799999999995
74,chavuma,2001,4.26271
75,chavuma,2002,4.23031
76,chavuma,2003,4.03146
77,chavuma,2004,4.28733
78,chavuma,2005,3.9444600000000003
79,chavuma,2006,3.98273
80,chavuma,2007,3.9320799999999996
81,chavuma,2008,4.03137
82,chavuma,2009,4.05699
83,chavuma,2010,3.9082799999999995
84,chavuma,2011,3.9800400000000002
85,chavuma,2012,3.9598700000000004
86,chavuma,2013,4.20273
87,chavuma,2014,3.9945600000000003
88,chavuma,2015,3.88423
89,chavuma,2016,4.015350000000001
90,chavuma,2017,4.27907
91,chavuma,2018,3.86986
92,chavuma,2019,3.78086
93,chavuma,2020,3.9477300000000004
94,chavuma,2021,4.2222
95,chavuma,2022,3.8010188679245283
96,chembe,1999,4.228993333333333
97,chembe,2000,4.18362
98,chembe,2001,4.20646
99,chembe,2002,4.30004
100,chembe,2003,3.95136
101,chembe,2004,4.26351
102,chembe,2005,4.00784
103,chembe,2006,3.97897
104,chembe,2007,3.8915699999999998
105,chembe,2008,4.00421
106,chembe,2009,4.1418099999999995
107,chembe,2010,3.91337
108,chembe,2011,4.00791
109,chembe,2012,3.9784300000000004
110,chembe,2013,4.1303
111,chembe,2014,4.0083
112,chembe,2015,3.96279
113,chembe,2016,3.9340800000000002
114,chembe,2017,4.234970000000001
115,chembe,2018,3.86343
116,chembe,2019,3.79564
117,chembe,2020,3.9213099999999996
118,chembe,2021,4.18086
119,chembe,2022,3.6995740740740746
120,chibombo,1999,4.2128
121,chibombo,2000,4.15624
122,chibombo,2001,4.16561
123,chibombo,2002,4.25425
124,chibombo,2003,3.96101
125,chibombo,2004,4.338480000000001
126,chibombo,2005,3.95443
127,chibombo,2006,3.9404500000000002
128,chibombo,2007,3.8987
129,chibombo,2008,4.06099
130,chibombo,2009,4.10388
131,chibombo,2010,3.9188799999999997
132,chibombo,2011,3.99618
133,chibombo,2012,4.0023
134,chibombo,2013,4.14706
135,chibombo,2014,3.9761399999999996
136,chibombo,2015,3.9395299999999995
137,chibombo,2016,3.9711000000000003
138,chibombo,2017,4.2276299999999996
139,chibombo,2018,3.9233100000000003
140,chibombo,2019,3.76613
141,chibombo,2020,3.9233800000000003
142,chibombo,2021,4.25033
143,chibombo,2022,3.537543859649123
144,chiengi,1999,4.25718
145,chiengi,2000,4.20597
146,chiengi,2001,4.27769
147,chiengi,2002,4.24726
148,chiengi,2003,3.9733300000000003
149,chiengi,2004,4.34505
150,chiengi,2005,4.02478
151,chiengi,2006,3.94165
152,chiengi,2007,3.9091199999999997
153,chiengi,2008,4.05192
154,chiengi,2009,4.08908
155,chiengi,2010,3.9433300000000004
156,chiengi,2011,3.99569
157,chiengi,2012,4.00139
158,chiengi,2013,4.17246
159,chiengi,2014,3.9789800000000004
160,chiengi,2015,3.88687
161,chiengi,2016,3.92533
162,chiengi,2017,4.22332
163,chiengi,2018,3.8204399999999996
164,chiengi,2019,3.7808699999999997
165,chiengi,2020,3.97938
166,chiengi,2021,4.19919
167,chiengi,2022,3.670581818181818
168,chifunabuli,1999,4.26966
169,chifunabuli,2000,4.1617500000000005
170,chifunabuli,2001,4.16835
171,chifunabuli,2002,4.26218
172,chifunabuli,2003,3.95786
173,chifunabuli,2004,4.30461
174,chifunabuli,2005,3.98781
175,chifunabuli,2006,3.9412900000000004
176,chifunabuli,2007,3.86496
177,chifunabuli,2008,4.00357
178,chifunabuli,2009,4.09487
179,chifunabuli,2010,3.96363
180,chifunabuli,2011,4.00967
181,chifunabuli,2012,4.0367500000000005
182,chifunabuli,2013,4.10217
183,chifunabuli,2014,3.99171
184,chifunabuli,2015,3.93431
185,chifunabuli,2016,3.9834199999999997
186,chifunabuli,2017,4.24779
187,chifunabuli,2018,3.80882
188,chifunabuli,2019,3.7882
189,chifunabuli,2020,3.99702
190,chifunabuli,2021,4.17246
191,chifunabuli,2022,3.983686274509804
192,chikankanta,1999,4.286366666666667
193,chikankanta,2000,4.19271
194,chikankanta,2001,4.1814100000000005
195,chikankanta,2002,4.2651
196,chikankanta,2003,3.9556
197,chikankanta,2004,4.32759
198,chikankanta,2005,3.97212
199,chikankanta,2006,3.99484
200,chikankanta,2007,3.92399
201,chikankanta,2008,4.0804599999999995
202,chikankanta,2009,4.1113100000000005
203,chikankanta,2010,3.93295
204,chikankanta,2011,4.02049
205,chikankanta,2012,3.99744
206,chikankanta,2013,4.19575
207,chikankanta,2014,3.97065
208,chikankanta,2015,3.9066300000000003
209,chikankanta,2016,3.95695
210,chikankanta,2017,4.24057
211,chikankanta,2018,3.84906
212,chikankanta,2019,3.7163299999999997
213,chikankanta,2020,3.94969
214,chikankanta,2021,4.24386
215,chikankanta,2022,3.8028301886792457
216,chilanga,1999,4.25208
217,chilanga,2000,4.17958
218,chilanga,2001,4.20228
219,chilanga,2002,4.25205
220,chilanga,2003,3.95783
221,chilanga,2004,4.33301
222,chilanga,2005,4.06138
223,chilanga,2006,3.9126600000000002
224,chilanga,2007,3.89097
225,chilanga,2008,4.05788
226,chilanga,2009,4.08397
227,chilanga,2010,3.92102
228,chilanga,2011,4.00176
229,chilanga,2012,3.98293
230,chilanga,2013,4.15085
231,chilanga,2014,3.9947399999999997
232,chilanga,2015,3.9281400000000004
233,chilanga,2016,3.9115300000000004
234,chilanga,2017,4.28949
235,chilanga,2018,3.8253000000000004
236,chilanga,2019,3.78359
237,chilanga,2020,3.94714
238,chilanga,2021,4.19738
239,chilanga,2022,3.659181818181818
240,chililabombwe,1999,4.256946666666667
241,chililabombwe,2000,4.11686
242,chililabombwe,2001,4.177029999999999
243,chililabombwe,2002,4.36763
244,chililabombwe,2003,4.06921
245,chililabombwe,2004,4.37774
246,chililabombwe,2005,4.02127
247,chililabombwe,2006,4.11899
248,chililabombwe,2007,4.05516
249,chililabombwe,2008,4.12155
250,chililabombwe,2009,4.10817
251,chililabombwe,2010,4.03153
252,chililabombwe,2011,3.98707
253,chililabombwe,2012,4.08741
254,chililabombwe,2013,4.26032
255,chililabombwe,2014,4.0586400000000005
256,chililabombwe,2015,3.88914
257,chililabombwe,2016,4.04758
258,chililabombwe,2017,4.25748
259,chililabombwe,2018,3.9332499999999997
260,chililabombwe,2019,3.72734
261,chililabombwe,2020,3.91507
262,chililabombwe,2021,4.10356
263,chililabombwe,2022,4.03092
264,chilubi,1999,4.22126
265,chilubi,2000,4.17796
266,chilubi,2001,4.18209
267,chilubi,2002,4.255269999999999
268,chilubi,2003,3.99913
269,chilubi,2004,4.2889100000000004
270,chilubi,2005,3.9600099999999996
271,chilubi,2006,3.90213
272,chilubi,2007,3.8841
273,chilubi,2008,4.03272
274,chilubi,2009,4.09791
275,chilubi,2010,3.9568700000000003
276,chilubi,2011,3.9892899999999996
277,chilubi,2012,4.02247
278,chilubi,2013,4.12845
279,chilubi,2014,3.9995999999999996
280,chilubi,2015,3.92132
281,chilubi,2016,4.07466
282,chilubi,2017,4.25927
283,chilubi,2018,3.89867
284,chilubi,2019,3.77433
285,chilubi,2020,3.95823
286,chilubi,2021,4.17447
287,chilubi,2022,3.838846153846154
288,chingola,1999,4.31668
289,chingola,2000,4.16174
290,chingola,2001,4.15717
291,chingola,2002,4.05276
292,chingola,2003,3.9340300000000004
293,chingola,2004,4.34791
294,chingola,2005,3.9493099999999997
295,chingola,2006,3.9282
296,chingola,2007,3.90509
297,chingola,2008,4.02134
298,chingola,2009,4.10442
299,chingola,2010,3.9467000000000003
300,chingola,2011,4.01563
301,chingola,2012,4.0413499999999996
302,chingola,2013,4.14511
303,chingola,2014,3.99383
304,chingola,2015,3.86745
305,chingola,2016,3.9674099999999997
306,chingola,2017,4.2581999999999995
307,chingola,2018,3.88299
308,chingola,2019,3.78911
309,chingola,2020,3.9608600000000003
310,chingola,2021,4.11402
311,chingola,2022,3.690727272727273
312,chinsali,1999,4.3300399999999994
313,chinsali,2000,4.16066
314,chinsali,2001,4.1736200000000006
315,chinsali,2002,4.30188
316,chinsali,2003,3.95849
317,chinsali,2004,4.29466
318,chinsali,2005,4.02929
319,chinsali,2006,3.9095999999999997
320,chinsali,2007,3.8627
321,chinsali,2008,4.04929
322,chinsali,2009,4.0745
323,chinsali,2010,3.94071
324,chinsali,2011,3.96018
325,chinsali,2012,4.021260000000001
326,chinsali,2013,4.13481
327,chinsali,2014,3.9667200000000005
328,chinsali,2015,3.92644
329,chinsali,2016,3.97446
330,chinsali,2017,4.2813099999999995
331,chinsali,2018,3.84836
332,chinsali,2019,3.8010800000000002
333,chinsali,2020,3.9767
334,chinsali,2021,4.22947
335,chinsali,2022,3.7664814814814815
336,chipangali,1999,4.2839133333333335
337,chipangali,2000,4.18703
338,chipangali,2001,4.22044
339,chipangali,2002,4.16566
340,chipangali,2003,3.9868400000000004
341,chipangali,2004,4.30589
342,chipangali,2005,3.96857
343,chipangali,2006,3.9736900000000004
344,chipangali,2007,3.85219
345,chipangali,2008,4.0263
346,chipangali,2009,4.0870999999999995
347,chipangali,2010,3.92352
348,chipangali,2011,3.99191
349,chipangali,2012,4.0391
350,chipangali,2013,4.12837
351,chipangali,2014,4.01362
352,chipangali,2015,3.92575
353,chipangali,2016,3.94122
354,chipangali,2017,4.2657799999999995
355,chipangali,2018,3.81664
356,chipangali,2019,3.74906
357,chipangali,2020,3.9663
358,chipangali,2021,4.22155
359,chipangali,2022,3.8028301886792457
360,chipata,1999,4.267853333333333
361,chipata,2000,4.17567
362,chipata,2001,4.18565
363,chipata,2002,4.22992
364,chipata,2003,3.9321800000000002
365,chipata,2004,4.27099
366,chipata,2005,3.94536
367,chipata,2006,3.93015
368,chipata,2007,3.9119900000000003
369,chipata,2008,4.02534
370,chipata,2009,4.06672
371,chipata,2010,3.9400600000000003
372,chipata,2011,4.023569999999999
373,chipata,2012,4.04815
374,chipata,2013,4.17396
375,chipata,2014,4.00072
376,chipata,2015,3.8976800000000003
377,chipata,2016,3.94898
378,chipata,2017,4.2451
379,chipata,2018,3.87482
380,chipata,2019,3.78904
381,chipata,2020,3.95666
382,chipata,2021,4.21586
383,chipata,2022,3.8533137254901964
384,chipili,1999,4.25568
385,chipili,2000,4.15481
386,chipili,2001,4.23142
387,chipili,2002,4.22671
388,chipili,2003,3.9487799999999997
389,chipili,2004,4.37151
390,chipili,2005,3.96916
391,chipili,2006,3.97624
392,chipili,2007,3.8950299999999998
393,chipili,2008,4.0367500000000005
394,chipili,2009,4.10592
395,chipili,2010,3.98955
396,chipili,2011,3.9939
397,chipili,2012,4.00123
398,chipili,2013,4.09269
399,chipili,2014,4.00661
400,chipili,2015,3.9484
401,chipili,2016,3.97053
402,chipili,2017,4.27033
403,chipili,2018,3.8283199999999997
404,chipili,2019,3.7568400000000004
405,chipili,2020,3.93047
406,chipili,2021,4.1839699999999995
407,chipili,2022,4.01188
408,chirundu,1999,4.189946666666667
409,chirundu,2000,4.17089
410,chirundu,2001,4.24608
411,chirundu,2002,4.21668
412,chirundu,2003,3.96767
413,chirundu,2004,4.321549999999999
414,chirundu,2005,3.97593
415,chirundu,2006,3.97547
416,chirundu,2007,3.89168
417,chirundu,2008,4.05265
418,chirundu,2009,4.05645
419,chirundu,2010,3.93391
420,chirundu,2011,3.9736200000000004
421,chirundu,2012,3.9868599999999996
422,chirundu,2013,4.18961
423,chirundu,2014,3.97958
424,chirundu,2015,3.8862200000000002
425,chirundu,2016,3.93077
426,chirundu,2017,4.27367
427,chirundu,2018,3.8402100000000003
428,chirundu,2019,3.7785
429,chirundu,2020,3.9913600000000002
430,chirundu,2021,4.157509999999999
431,chirundu,2022,3.7094
432,chisamba,1999,4.271833333333333
433,chisamba,2000,4.1650599999999995
434,chisamba,2001,4.2369900000000005
435,chisamba,2002,4.28108
436,chisamba,2003,3.99595
437,chisamba,2004,4.27195
438,chisamba,2005,4.00054
439,chisamba,2006,3.9585700000000004
440,chisamba,2007,3.92899
441,chisamba,2008,4.02059
442,chisamba,2009,4.08992
443,chisamba,2010,3.9150400000000003
444,chisamba,2011,4.03208
445,chisamba,2012,3.9756799999999997
446,chisamba,2013,4.10323
447,chisamba,2014,4.00137
448,chisamba,2015,3.9081900000000003
449,chisamba,2016,3.9605099999999998
450,chisamba,2017,4.26742
451,chisamba,2018,3.8624400000000003
452,chisamba,2019,3.7748899999999996
453,chisamba,2020,3.99695
454,chisamba,2021,4.17524
455,chisamba,2022,3.9794799999999997
456,chitambo,1999,4.242406666666667
457,chitambo,2000,4.1633
458,chitambo,2001,4.21816
459,chitambo,2002,4.24451
460,chitambo,2003,3.9619799999999996
461,chitambo,2004,4.2697199999999995
462,chitambo,2005,3.95526
463,chitambo,2006,3.95063
464,chitambo,2007,3.9198500000000003
465,chitambo,2008,3.99414
466,chitambo,2009,4.08846
467,chitambo,2010,3.90721
468,chitambo,2011,4.0056
469,chitambo,2012,3.9699299999999997
470,chitambo,2013,4.18175
471,chitambo,2014,3.9974399999999997
472,chitambo,2015,3.8745800000000004
473,chitambo,2016,3.94369
474,chitambo,2017,4.2538
475,chitambo,2018,3.86391
476,chitambo,2019,3.81386
477,chitambo,2020,3.97697
478,chitambo,2021,4.23235
479,chitambo,2022,3.7845094339622642
480,choma,1999,4.277373333333333
481,choma,2000,4.18116
482,choma,2001,4.1700099999999996
483,choma,2002,4.242389999999999
484,choma,2003,3.96254
485,choma,2004,4.264390000000001
486,choma,2005,3.98226
487,choma,2006,3.97512
488,choma,2007,3.92638
489,choma,2008,4.0103100000000005
490,choma,2009,4.09477
491,choma,2010,3.9420699999999997
492,choma,2011,3.98762
493,choma,2012,3.98909
494,choma,2013,4.16523
495,choma,2014,3.99274
496,choma,2015,3.9535700000000005
497,choma,2016,3.99196
498,choma,2017,4.2283800000000005
499,choma,2018,3.89241
500,choma,2019,3.75672
501,choma,2020,3.9805099999999998
502,choma,2021,4.15813
503,choma,2022,3.753611111111111
504,chongwe,1999,4.26326
505,chongwe,2000,4.16661
506,chongwe,2001,4.15718
507,chongwe,2002,4.28564
508,chongwe,2003,4.01159
509,chongwe,2004,4.30324
510,chongwe,2005,4.035810000000001
511,chongwe,2006,3.94375
512,chongwe,2007,3.8906
513,chongwe,2008,3.98766
514,chongwe,2009,4.1048599999999995
515,chongwe,2010,3.91461
516,chongwe,2011,4.03365
517,chongwe,2012,3.99957
518,chongwe,2013,4.15138
519,chongwe,2014,3.9962099999999996
520,chongwe,2015,3.90506
521,chongwe,2016,3.9725900000000003
522,chongwe,2017,4.240559999999999
523,chongwe,2018,3.9185200000000004
524,chongwe,2019,3.78446
525,chongwe,2020,3.9468799999999997
526,chongwe,2021,4.20859
527,chongwe,2022,3.5154736842105265
528,gwembe,1999,4.225573333333333
529,gwembe,2000,4.21209
530,gwembe,2001,4.16903
531,gwembe,2002,4.23841
532,gwembe,2003,3.9274400000000003
533,gwembe,2004,4.29175
534,gwembe,2005,4.04179
535,gwembe,2006,3.95822
536,gwembe,2007,3.91417
537,gwembe,2008,4.01222
538,gwembe,2009,4.08854
539,gwembe,2010,3.92132
540,gwembe,2011,4.0096300000000005
541,gwembe,2012,3.9737299999999998
542,gwembe,2013,4.175
543,gwembe,2014,3.97771
544,gwembe,2015,3.89776
545,gwembe,2016,3.99957
546,gwembe,2017,4.23909
547,gwembe,2018,3.86565
548,gwembe,2019,3.7421800000000003
549,gwembe,2020,3.99498
550,gwembe,2021,4.18325
551,gwembe,2022,3.7190185185185185
552,ikelenge,1999,4.2821533333333335
553,ikelenge,2000,4.2061
554,ikelenge,2001,4.1389
555,ikelenge,2002,4.23198
556,ikelenge,2003,3.95327
557,ikelenge,2004,4.29924
558,ikelenge,2005,4.01478
559,ikelenge,2006,3.98036
560,ikelenge,2007,3.92506
561,ikelenge,2008,3.9955900000000004
562,ikelenge,2009,4.05843
563,ikelenge,2010,3.9219600000000003
564,ikelenge,2011,4.003299999999999
565,ikelenge,2012,4.03861
566,ikelenge,2013,4.13175
567,ikelenge,2014,4.004049999999999
568,ikelenge,2015,3.8649299999999998
569,ikelenge,2016,3.99849
570,ikelenge,2017,4.2805
571,ikelenge,2018,3.83663
572,ikelenge,2019,3.7826
573,ikelenge,2020,4.0102
574,ikelenge,2021,4.24023
575,ikelenge,2022,4.0029200000000005
576,isoka,1999,4.226273333333333
577,isoka,2000,4.12942
578,isoka,2001,4.27571
579,isoka,2002,4.2659199999999995
580,isoka,2003,3.9621
581,isoka,2004,4.2977300000000005
582,isoka,2005,3.95878
583,isoka,2006,3.94685
584,isoka,2007,3.9023700000000003
585,isoka,2008,4.00635
586,isoka,2009,4.06581
587,isoka,2010,3.9062599999999996
588,isoka,2011,3.99091
589,isoka,2012,3.9827600000000003
590,isoka,2013,4.1427
591,isoka,2014,3.9888299999999997
592,isoka,2015,3.92627
593,isoka,2016,3.97334
594,isoka,2017,4.25879
595,isoka,2018,3.82164
596,isoka,2019,3.748
597,isoka,2020,3.92265
598,isoka,2021,4.18852
599,isoka,2022,3.8435094339622644
600,itezhitezhi,1999,4.312846666666667
601,itezhitezhi,2000,4.17586
602,itezhitezhi,2001,4.14339
603,itezhitezhi,2002,4.19937
604,itezhitezhi,2003,3.96522
605,itezhitezhi,2004,4.32838
606,itezhitezhi,2005,4.01337
607,itezhitezhi,2006,3.94941
608,itezhitezhi,2007,3.8895
609,itezhitezhi,2008,4.03202
610,itezhitezhi,2009,4.03688
611,itezhitezhi,2010,3.9485699999999997
612,itezhitezhi,2011,4.0217
613,itezhitezhi,2012,4.03821
614,itezhitezhi,2013,4.0945
615,itezhitezhi,2014,3.99092
616,itezhitezhi,2015,3.90368
617,itezhitezhi,2016,3.9704
618,itezhitezhi,2017,4.23615
619,itezhitezhi,2018,3.8343700000000003
620,itezhitezhi,2019,3.74411
621,itezhitezhi,2020,3.96907
622,itezhitezhi,2021,4.13054
623,itezhitezhi,2022,3.7509814814814813
624,kabompo,1999,4.270866666666667
625,kabompo,2000,4.18531
626,kabompo,2001,4.17452
627,kabompo,2002,4.30303
628,kabompo,2003,3.92549
629,kabompo,2004,4.26894
630,kabompo,2005,3.97784
631,kabompo,2006,3.95627
632,kabompo,2007,3.93228
633,kabompo,2008,4.03856
634,kabompo,2009,4.03312
635,kabompo,2010,3.92611
636,kabompo,2011,3.9785700000000004
637,kabompo,2012,3.99581
638,kabompo,2013,4.16716
639,kabompo,2014,3.9949700000000004
640,kabompo,2015,3.9789999999999996
641,kabompo,2016,3.98605
642,kabompo,2017,4.26745
643,kabompo,2018,3.83296
644,kabompo,2019,3.76202
645,kabompo,2020,3.9669
646,kabompo,2021,4.16903
647,kabompo,2022,3.863576923076923
648,kabwe,1999,4.3186
649,kabwe,2000,4.1776800000000005
650,kabwe,2001,4.1312
651,kabwe,2002,4.25176
652,kabwe,2003,3.9356600000000004
653,kabwe,2004,4.3415300000000006
654,kabwe,2005,4.00392
655,kabwe,2006,3.98552
656,kabwe,2007,3.8760399999999997
657,kabwe,2008,4.05487
658,kabwe,2009,4.11026
659,kabwe,2010,3.87685
660,kabwe,2011,4.00008
661,kabwe,2012,4.00023
662,kabwe,2013,4.0925400000000005
663,kabwe,2014,3.99442
664,kabwe,2015,3.90094
665,kabwe,2016,3.8814699999999998
666,kabwe,2017,4.21468
667,kabwe,2018,3.83624
668,kabwe,2019,3.74493
669,kabwe,2020,3.97152
670,kabwe,2021,4.13598
671,kabwe,2022,3.6807222222222227
672,kafue,1999,4.24952
673,kafue,2000,4.17997
674,kafue,2001,4.17741
675,kafue,2002,4.31387
676,kafue,2003,3.93755
677,kafue,2004,4.2663400000000005
678,kafue,2005,4.00245
679,kafue,2006,3.9559
680,kafue,2007,3.87952
681,kafue,2008,4.05215
682,kafue,2009,4.03852
683,kafue,2010,3.94531
684,kafue,2011,4.01214
685,kafue,2012,4.06083
686,kafue,2013,4.11771
687,kafue,2014,4.002269999999999
688,kafue,2015,3.8887400000000003
689,kafue,2016,3.9427
690,kafue,2017,4.2544900000000005
691,kafue,2018,3.87616
692,kafue,2019,3.7794499999999998
693,kafue,2020,3.97182
694,kafue,2021,4.21534
695,kafue,2022,4.07942
696,kalabo,1999,4.2732600000000005
697,kalabo,2000,4.150110000000001
698,kalabo,2001,4.30144
699,kalabo,2002,4.23813
700,kalabo,2003,3.9808800000000004
701,kalabo,2004,4.285419999999999
702,kalabo,2005,4.04381
703,kalabo,2006,3.97005
704,kalabo,2007,3.8861399999999997
705,kalabo,2008,4.048500000000001
706,kalabo,2009,4.05201
707,kalabo,2010,3.93883
708,kalabo,2011,3.94811
709,kalabo,2012,4.02838
710,kalabo,2013,4.17315
711,kalabo,2014,3.9848199999999996
712,kalabo,2015,3.91896
713,kalabo,2016,4.01202
714,kalabo,2017,4.27843
715,kalabo,2018,3.88748
716,kalabo,2019,3.7671300000000003
717,kalabo,2020,3.97897
718,kalabo,2021,4.21599
719,kalabo,2022,3.821384615384616
720,kalomo,1999,4.2999600000000004
721,kalomo,2000,4.21637
722,kalomo,2001,4.16567
723,kalomo,2002,4.22879
724,kalomo,2003,3.99878
725,kalomo,2004,4.26002
726,kalomo,2005,3.9740699999999998
727,kalomo,2006,3.95282
728,kalomo,2007,3.86656
729,kalomo,2008,4.04157
730,kalomo,2009,4.05964
731,kalomo,2010,3.9099500000000003
732,kalomo,2011,3.99801
733,kalomo,2012,4.018879999999999
734,kalomo,2013,4.13993
735,kalomo,2014,3.98329
736,kalomo,2015,3.9178699999999997
737,kalomo,2016,3.89141
738,kalomo,2017,4.22124
739,kalomo,2018,3.87252
740,kalomo,2019,3.73983
741,kalomo,2020,3.97084
742,kalomo,2021,4.1053500000000005
743,kalomo,2022,3.917576923076923
744,kalulushi,1999,4.25754
745,kalulushi,2000,4.157509999999999
746,kalulushi,2001,4.21299
747,kalulushi,2002,4.03894
748,kalulushi,2003,3.96435
749,kalulushi,2004,4.30014
750,kalulushi,2005,3.968
751,kalulushi,2006,3.97029
752,kalulushi,2007,3.88606
753,kalulushi,2008,4.01857
754,kalulushi,2009,4.04704
755,kalulushi,2010,3.9160899999999996
756,kalulushi,2011,4.01924
757,kalulushi,2012,3.9751800000000004
758,kalulushi,2013,4.10544
759,kalulushi,2014,3.9810399999999997
760,kalulushi,2015,3.9258800000000003
761,kalulushi,2016,3.98456
762,kalulushi,2017,4.28087
763,kalulushi,2018,3.87774
764,kalulushi,2019,3.75798
765,kalulushi,2020,3.9805
766,kalulushi,2021,4.22126
767,kalulushi,2022,3.989843137254902
768,kalumbila,1999,4.246053333333333
769,kalumbila,2000,4.17638
770,kalumbila,2001,4.20799
771,kalumbila,2002,4.250299999999999
772,kalumbila,2003,3.94856
773,kalumbila,2004,4.3129
774,kalumbila,2005,4.00505
775,kalumbila,2006,3.91245
776,kalumbila,2007,3.89548
777,kalumbila,2008,4.0224
778,kalumbila,2009,4.114920000000001
779,kalumbila,2010,3.94666
780,kalumbila,2011,4.00532
781,kalumbila,2012,3.9852999999999996
782,kalumbila,2013,4.10592
783,kalumbila,2014,3.9784800000000002
784,kalumbila,2015,3.93166
785,kalumbila,2016,3.8987
786,kalumbila,2017,4.25134
787,kalumbila,2018,3.79915
788,kalumbila,2019,3.77323
789,kalumbila,2020,3.94497
790,kalumbila,2021,4.1668400000000005
791,kalumbila,2022,3.7119074074074074
792,kanchibiya,1999,4.251766666666667
793,kanchibiya,2000,4.17438
794,kanchibiya,2001,4.20925
795,kanchibiya,2002,4.2704
796,kanchibiya,2003,3.97863
797,kanchibiya,2004,4.29512
798,kanchibiya,2005,3.9482999999999997
799,kanchibiya,2006,3.92948
800,kanchibiya,2007,3.90079
801,kanchibiya,2008,4.03312
802,kanchibiya,2009,4.11243
803,kanchibiya,2010,3.95226
804,kanchibiya,2011,3.9771699999999996
805,kanchibiya,2012,3.99635
806,kanchibiya,2013,4.1717200000000005
807,kanchibiya,2014,3.98694
808,kanchibiya,2015,3.8853899999999997
809,kanchibiya,2016,3.9712
810,kanchibiya,2017,4.298109999999999
811,kanchibiya,2018,3.84362
812,kanchibiya,2019,3.7372300000000003
813,kanchibiya,2020,3.95294
814,kanchibiya,2021,4.19592
815,kanchibiya,2022,3.7043207547169814
816,kaoma,1999,4.30858
817,kaoma,2000,4.17561
818,kaoma,2001,4.16712
819,kaoma,2002,4.23956
820,kaoma,2003,3.95125
821,kaoma,2004,4.3498399999999995
822,kaoma,2005,3.9865399999999998
823,kaoma,2006,3.90286
824,kaoma,2007,3.8872199999999997
825,kaoma,2008,3.99679
826,kaoma,2009,4.08208
827,kaoma,2010,3.9261
828,kaoma,2011,4.02443
829,kaoma,2012,4.02599
830,kaoma,2013,4.16195
831,kaoma,2014,3.99709
832,kaoma,2015,3.89298
833,kaoma,2016,3.92185
834,kaoma,2017,4.24394
835,kaoma,2018,3.7696500000000004
836,kaoma,2019,3.75868
837,kaoma,2020,3.95482
838,kaoma,2021,4.21212
839,kaoma,2022,3.8506346153846156
840,kapirimposhi,1999,4.22014
841,kapirimposhi,2000,4.20925
842,kapirimposhi,2001,4.19585
843,kapirimposhi,2002,4.20504
844,kapirimposhi,2003,4.01604
845,kapirimposhi,2004,4.34257
846,kapirimposhi,2005,3.9742599999999997
847,kapirimposhi,2006,3.9605799999999998
848,kapirimposhi,2007,3.86156
849,kapirimposhi,2008,4.02068
850,kapirimposhi,2009,4.092169999999999
851,kapirimposhi,2010,3.9370100000000003
852,kapirimposhi,2011,3.9997
853,kapirimposhi,2012,4.0162
854,kapirimposhi,2013,4.12176
855,kapirimposhi,2014,3.9941500000000003
856,kapirimposhi,2015,3.90966
857,kapirimposhi,2016,3.94996
858,kapirimposhi,2017,4.24161
859,kapirimposhi,2018,3.84408
860,kapirimposhi,2019,3.79051
861,kapirimposhi,2020,3.9614499999999997
862,kapirimposhi,2021,4.18755
863,kapirimposhi,2022,3.898653846153846
864,kaputa,1999,4.278126666666667
865,kaputa,2000,4.1848
866,kaputa,2001,4.23133
867,kaputa,2002,4.27194
868,kaputa,2003,3.99404
869,kaputa,2004,4.35788
870,kaputa,2005,4.0098199999999995
871,kaputa,2006,3.9081799999999998
872,kaputa,2007,3.8964600000000003
873,kaputa,2008,4.05255
874,kaputa,2009,4.11233
875,kaputa,2010,3.92797
876,kaputa,2011,3.96568
877,kaputa,2012,4.01707
878,kaputa,2013,4.1554899999999995
879,kaputa,2014,4.00967
880,kaputa,2015,3.9312400000000003
881,kaputa,2016,3.9682799999999996
882,kaputa,2017,4.28341
883,kaputa,2018,3.8719799999999998
884,kaputa,2019,3.77956
885,kaputa,2020,3.97834
886,kaputa,2021,4.19589
887,kaputa,2022,3.848773584905661
888,kasama,1999,4.282846666666667
889,kasama,2000,4.16767
890,kasama,2001,4.23052
891,kasama,2002,4.23203
892,kasama,2003,3.9632799999999997
893,kasama,2004,4.28367
894,kasama,2005,3.96769
895,kasama,2006,3.98504
896,kasama,2007,3.89778
897,kasama,2008,4.0336099999999995
898,kasama,2009,4.09416
899,kasama,2010,3.9259
900,kasama,2011,4.01125
901,kasama,2012,3.98128
902,kasama,2013,4.23996
903,kasama,2014,3.98752
904,kasama,2015,3.8912400000000003
905,kasama,2016,3.9473599999999998
906,kasama,2017,4.24648
907,kasama,2018,3.7788299999999997
908,kasama,2019,3.7449500000000002
909,kasama,2020,3.95551
910,kasama,2021,4.16072
911,kasama,2022,3.7463018867924527
912,kasempa,1999,4.26244
913,kasempa,2000,4.17424
914,kasempa,2001,4.2073
915,kasempa,2002,4.1470400000000005
916,kasempa,2003,3.96609
917,kasempa,2004,4.3501900000000004
918,kasempa,2005,3.8881799999999997
919,kasempa,2006,3.9458100000000003
920,kasempa,2007,3.9031000000000002
921,kasempa,2008,4.01309
922,kasempa,2009,4.09253
923,kasempa,2010,3.91724
924,kasempa,2011,3.99593
925,kasempa,2012,3.9881
926,kasempa,2013,4.1866699999999994
927,kasempa,2014,4.01174
928,kasempa,2015,3.90698
929,kasempa,2016,3.94728
930,kasempa,2017,4.21688
931,kasempa,2018,3.85905
932,kasempa,2019,3.7957
933,kasempa,2020,3.98084
934,kasempa,2021,4.19749
935,kasempa,2022,3.7425925925925925
936,kasenengwa,1999,4.215426666666667
937,kasenengwa,2000,4.1566
938,kasenengwa,2001,4.21604
939,kasenengwa,2002,4.18377
940,kasenengwa,2003,3.9884199999999996
941,kasenengwa,2004,4.32286
942,kasenengwa,2005,3.9044299999999996
943,kasenengwa,2006,3.94373
944,kasenengwa,2007,3.8683199999999998
945,kasenengwa,2008,4.04085
946,kasenengwa,2009,4.09131
947,kasenengwa,2010,3.90551
948,kasenengwa,2011,4.01818
949,kasenengwa,2012,4.02384
950,kasenengwa,2013,4.13952
951,kasenengwa,2014,4.0030399999999995
952,kasenengwa,2015,3.9405
953,kasenengwa,2016,3.9770999999999996
954,kasenengwa,2017,4.21818
955,kasenengwa,2018,3.8648200000000004
956,kasenengwa,2019,3.7794499999999998
957,kasenengwa,2020,3.95486
958,kasenengwa,2021,4.1868
959,kasenengwa,2022,3.886269230769231
960,katete,1999,4.261173333333334
961,katete,2000,4.188
962,katete,2001,4.209309999999999
963,katete,2002,4.2943299999999995
964,katete,2003,4.02059
965,katete,2004,4.32801
966,katete,2005,3.9960199999999997
967,katete,2006,3.96314
968,katete,2007,3.88976
969,katete,2008,4.04116
970,katete,2009,4.10412
971,katete,2010,3.9169600000000004
972,katete,2011,4.0154700000000005
973,katete,2012,4.00171
974,katete,2013,4.20405
975,katete,2014,3.99303
976,katete,2015,3.86298
977,katete,2016,3.89529
978,katete,2017,4.240489999999999
979,katete,2018,3.85766
980,katete,2019,3.79576
981,katete,2020,3.9409199999999998
982,katete,2021,4.150980000000001
983,katete,2022,3.6916666666666664
984,kawambwa,1999,4.2392666666666665
985,kawambwa,2000,4.18062
986,kawambwa,2001,4.22772
987,kawambwa,2002,4.2291
988,kawambwa,2003,3.95423
989,kawambwa,2004,4.33612
990,kawambwa,2005,3.98365
991,kawambwa,2006,3.90801
992,kawambwa,2007,3.90203
993,kawambwa,2008,3.9981400000000002
994,kawambwa,2009,4.06621
995,kawambwa,2010,3.94788
996,kawambwa,2011,3.96704
997,kawambwa,2012,4.06996
998,kawambwa,2013,4.14171
999,kawambwa,2014,3.9970100000000004
1000,kawambwa,2015,3.8652499999999996
1001,kawambwa,2016,3.93101
1002,kawambwa,2017,4.26124
1003,kawambwa,2018,3.8531
1004,kawambwa,2019,3.7517
1005,kawambwa,2020,3.9823199999999996
1006,kawambwa,2021,4.19579
1007,kawambwa,2022,3.700537037037037
1008,kazungula,1999,4.290446666666667
1009,kazungula,2000,4.17218
1010,kazungula,2001,4.19693
1011,kazungula,2002,4.235539999999999
1012,kazungula,2003,3.8937299999999997
1013,kazungula,2004,4.31149
1014,kazungula,2005,3.96099
1015,kazungula,2006,3.9190699999999996
1016,kazungula,2007,3.8712400000000002
1017,kazungula,2008,4.03709
1018,kazungula,2009,4.08387
1019,kazungula,2010,3.92825
1020,kazungula,2011,3.94089
1021,kazungula,2012,4.01347
1022,kazungula,2013,4.144909999999999
1023,kazungula,2014,3.9912
1024,kazungula,2015,3.92906
1025,kazungula,2016,3.9636
1026,kazungula,2017,4.25719
1027,kazungula,2018,3.7842599999999997
1028,kazungula,2019,3.76611
1029,kazungula,2020,3.9354
1030,kazungula,2021,4.1823500000000005
1031,kazungula,2022,4.04054
1032,kitwe,1999,4.262346666666667
1033,kitwe,2000,4.15901
1034,kitwe,2001,4.2043
1035,kitwe,2002,4.10988
1036,kitwe,2003,4.0145100000000005
1037,kitwe,2004,4.2645100000000005
1038,kitwe,2005,3.95734
1039,kitwe,2006,3.9272500000000004
1040,kitwe,2007,3.89774
1041,kitwe,2008,4.05035
1042,kitwe,2009,4.09179
1043,kitwe,2010,3.89014
1044,kitwe,2011,3.97416
1045,kitwe,2012,3.9741500000000003
1046,kitwe,2013,4.14684
1047,kitwe,2014,3.99741
1048,kitwe,2015,3.92948
1049,kitwe,2016,3.96502
1050,kitwe,2017,4.26106
1051,kitwe,2018,3.8777600000000003
1052,kitwe,2019,3.76301
1053,kitwe,2020,3.97287
1054,kitwe,2021,4.2307
1055,kitwe,2022,3.4907894736842104
1056,lavushimanda,1999,4.24098
1057,lavushimanda,2000,4.156960000000001
1058,lavushimanda,2001,4.19141
1059,lavushimanda,2002,4.24859
1060,lavushimanda,2003,3.98964
1061,lavushimanda,2004,4.31884
1062,lavushimanda,2005,3.99451
1063,lavushimanda,2006,3.9805
1064,lavushimanda,2007,3.89785
1065,lavushimanda,2008,4.02854
1066,lavushimanda,2009,4.06274
1067,lavushimanda,2010,3.93051
1068,lavushimanda,2011,4.05135
1069,lavushimanda,2012,3.97341
1070,lavushimanda,2013,4.18145
1071,lavushimanda,2014,4.01529
1072,lavushimanda,2015,3.92022
1073,lavushimanda,2016,3.95686
1074,lavushimanda,2017,4.2649799999999995
1075,lavushimanda,2018,3.8348500000000003
1076,lavushimanda,2019,3.7298899999999997
1077,lavushimanda,2020,3.93157
1078,lavushimanda,2021,4.16833
1079,lavushimanda,2022,4.03286274509804
1080,limulunga,1999,4.28396
1081,limulunga,2000,4.19458
1082,limulunga,2001,4.31095
1083,limulunga,2002,4.18758
1084,limulunga,2003,3.95567
1085,limulunga,2004,4.37575
1086,limulunga,2005,3.99872
1087,limulunga,2006,3.8937
1088,limulunga,2007,3.89205
1089,limulunga,2008,3.99681
1090,limulunga,2009,4.07686
1091,limulunga,2010,3.9156400000000002
1092,limulunga,2011,3.9877
1093,limulunga,2012,3.97873
1094,limulunga,2013,4.16796
1095,limulunga,2014,3.98329
1096,limulunga,2015,3.9544599999999996
1097,limulunga,2016,3.98755
1098,limulunga,2017,4.2618599999999995
1099,limulunga,2018,3.82812
1100,limulunga,2019,3.7596600000000002
1101,limulunga,2020,3.97143
1102,limulunga,2021,4.18873
1103,limulunga,2022,3.888549019607843
1104,livingstone,1999,4.3010866666666665
1105,livingstone,2000,4.19836
1106,livingstone,2001,4.18673
1107,livingstone,2002,4.21878
1108,livingstone,2003,3.9498599999999997
1109,livingstone,2004,4.3006400000000005
1110,livingstone,2005,3.97663
1111,livingstone,2006,3.91058
1112,livingstone,2007,3.87166
1113,livingstone,2008,4.01246
1114,livingstone,2009,4.0993900000000005
1115,livingstone,2010,3.9622100000000002
1116,livingstone,2011,4.02327
1117,livingstone,2012,4.01848
1118,livingstone,2013,4.11932
1119,livingstone,2014,3.97454
1120,livingstone,2015,3.91606
1121,livingstone,2016,3.9456599999999997
1122,livingstone,2017,4.2645100000000005
1123,livingstone,2018,3.84126
1124,livingstone,2019,3.73794
1125,livingstone,2020,3.97098
1126,livingstone,2021,4.20513
1127,livingstone,2022,3.8434528301886792
1128,luampa,1999,4.282533333333333
1129,luampa,2000,4.1904
1130,luampa,2001,4.25139
1131,luampa,2002,4.2913
1132,luampa,2003,3.9670300000000003
1133,luampa,2004,4.31241
1134,luampa,2005,4.02679
1135,luampa,2006,3.9483800000000002
1136,luampa,2007,3.8655500000000003
1137,luampa,2008,4.02302
1138,luampa,2009,4.09661
1139,luampa,2010,3.94606
1140,luampa,2011,4.0124
1141,luampa,2012,4.0194600000000005
1142,luampa,2013,4.180009999999999
1143,luampa,2014,3.9954199999999997
1144,luampa,2015,3.91885
1145,luampa,2016,3.97056
1146,luampa,2017,4.2673700000000006
1147,luampa,2018,3.86731
1148,luampa,2019,3.7338299999999998
1149,luampa,2020,3.9946499999999996
1150,luampa,2021,4.1680399999999995
1151,luampa,2022,3.650818181818182
1152,luangwa,1999,4.2523
1153,luangwa,2000,4.15434
1154,luangwa,2001,4.21692
1155,luangwa,2002,4.2447
1156,luangwa,2003,3.97389
1157,luangwa,2004,4.34417
1158,luangwa,2005,3.96611
1159,luangwa,2006,3.9078000000000004
1160,luangwa,2007,3.87475
1161,luangwa,2008,4.01657
1162,luangwa,2009,4.0756
1163,luangwa,2010,3.92969
1164,luangwa,2011,3.95949
1165,luangwa,2012,3.9933899999999998
1166,luangwa,2013,4.1639800000000005
1167,luangwa,2014,3.99199
1168,luangwa,2015,3.8944099999999997
1169,luangwa,2016,3.9732100000000004
1170,luangwa,2017,4.26594
1171,luangwa,2018,3.87522
1172,luangwa,2019,3.75075
1173,luangwa,2020,3.9497500000000003
1174,luangwa,2021,4.19432
1175,luangwa,2022,3.8360377358490565
1176,luano,1999,4.23604
1177,luano,2000,4.20582
1178,luano,2001,4.2620499999999995
1179,luano,2002,4.2567200000000005
1180,luano,2003,3.94505
1181,luano,2004,4.27946
1182,luano,2005,3.9883100000000002
1183,luano,2006,3.89491
1184,luano,2007,3.90658
1185,luano,2008,4.03815
1186,luano,2009,4.04476
1187,luano,2010,3.93356
1188,luano,2011,4.05633
1189,luano,2012,4.08137
1190,luano,2013,4.130199999999999
1191,luano,2014,3.99599
1192,luano,2015,3.89129
1193,luano,2016,3.98177
1194,luano,2017,4.24507
1195,luano,2018,3.84646
1196,luano,2019,3.74077
1197,luano,2020,3.957
1198,luano,2021,4.18991
1199,luano,2022,3.875903846153846
1200,luanshya,1999,4.239813333333333
1201,luanshya,2000,4.17344
1202,luanshya,2001,4.31231
1203,luanshya,2002,4.13805
1204,luanshya,2003,3.94174
1205,luanshya,2004,4.3373
1206,luanshya,2005,3.99149
1207,luanshya,2006,3.9581
1208,luanshya,2007,3.89048
1209,luanshya,2008,4.01957
1210,luanshya,2009,4.06447
1211,luanshya,2010,3.90213
1212,luanshya,2011,4.02673
1213,luanshya,2012,4.04303
1214,luanshya,2013,4.17067
1215,luanshya,2014,3.98341
1216,luanshya,2015,3.90366
1217,luanshya,2016,3.9380200000000003
1218,luanshya,2017,4.2632900000000005
1219,luanshya,2018,3.83159
1220,luanshya,2019,3.7841700000000005
1221,luanshya,2020,3.95915
1222,luanshya,2021,4.21796
1223,luanshya,2022,3.854057692307692
1224,lufwanyama,1999,4.251473333333333
1225,lufwanyama,2000,4.18658
1226,lufwanyama,2001,4.22082
1227,lufwanyama,2002,4.15017
1228,lufwanyama,2003,3.91921
1229,lufwanyama,2004,4.38234
1230,lufwanyama,2005,3.98957
1231,lufwanyama,2006,3.91085
1232,lufwanyama,2007,3.8966000000000003
1233,lufwanyama,2008,4.03946
1234,lufwanyama,2009,4.0953
1235,lufwanyama,2010,3.8940699999999997
1236,lufwanyama,2011,4.03641
1237,lufwanyama,2012,4.00831
1238,lufwanyama,2013,4.1341
1239,lufwanyama,2014,3.99182
1240,lufwanyama,2015,3.91418
1241,lufwanyama,2016,3.98628
1242,lufwanyama,2017,4.26302
1243,lufwanyama,2018,3.86695
1244,lufwanyama,2019,3.78459
1245,lufwanyama,2020,3.97466
1246,lufwanyama,2021,4.16674
1247,lufwanyama,2022,3.693703703703704
1248,lukulu,1999,4.247413333333333
1249,lukulu,2000,4.1715800000000005
1250,lukulu,2001,4.28496
1251,lukulu,2002,4.2428
1252,lukulu,2003,3.95785
1253,lukulu,2004,4.31151
1254,lukulu,2005,4.0006
1255,lukulu,2006,3.9520600000000004
1256,lukulu,2007,3.8774
1257,lukulu,2008,4.034479999999999
1258,lukulu,2009,4.09316
1259,lukulu,2010,3.9219
1260,lukulu,2011,4.0436700000000005
1261,lukulu,2012,3.96428
1262,lukulu,2013,4.10342
1263,lukulu,2014,3.98337
1264,lukulu,2015,3.8671699999999998
1265,lukulu,2016,3.95138
1266,lukulu,2017,4.27719
1267,lukulu,2018,3.85339
1268,lukulu,2019,3.78027
1269,lukulu,2020,3.96988
1270,lukulu,2021,4.13847
1271,lukulu,2022,3.7355094339622643
1272,lumezi,1999,4.2857199999999995
1273,lumezi,2000,4.14015
1274,lumezi,2001,4.19878
1275,lumezi,2002,4.21457
1276,lumezi,2003,3.97589
1277,lumezi,2004,4.26239
1278,lumezi,2005,3.98363
1279,lumezi,2006,4.00087
1280,lumezi,2007,3.88798
1281,lumezi,2008,4.00224
1282,lumezi,2009,4.02681
1283,lumezi,2010,3.9311399999999996
1284,lumezi,2011,3.99582
1285,lumezi,2012,3.96407
1286,lumezi,2013,4.15719
1287,lumezi,2014,4.00026
1288,lumezi,2015,3.90311
1289,lumezi,2016,3.9904
1290,lumezi,2017,4.28074
1291,lumezi,2018,3.79122
1292,lumezi,2019,3.75314
1293,lumezi,2020,3.9567
1294,lumezi,2021,4.176959999999999
1295,lumezi,2022,3.824641509433962
1296,lundazi,1999,4.24816
1297,lundazi,2000,4.17634
1298,lundazi,2001,4.18571
1299,lundazi,2002,4.20995
1300,lundazi,2003,3.9803300000000004
1301,lundazi,2004,4.25859
1302,lundazi,2005,4.05245
1303,lundazi,2006,3.9314400000000003
1304,lundazi,2007,3.8775
1305,lundazi,2008,4.00743
1306,lundazi,2009,4.11255
1307,lundazi,2010,3.8914600000000004
1308,lundazi,2011,4.00197
1309,lundazi,2012,4.01167
1310,lundazi,2013,4.13645
1311,lundazi,2014,3.98889
1312,lundazi,2015,3.87404
1313,lundazi,2016,4.00676
1314,lundazi,2017,4.25961
1315,lundazi,2018,3.82105
1316,lundazi,2019,3.7303
1317,lundazi,2020,3.93834
1318,lundazi,2021,4.10398
1319,lundazi,2022,3.650090909090909
1320,lunga,1999,4.253286666666667
1321,lunga,2000,4.16211
1322,lunga,2001,4.21802
1323,lunga,2002,4.27888
1324,lunga,2003,3.9807
1325,lunga,2004,4.3727
1326,lunga,2005,3.97822
1327,lunga,2006,3.9189300000000005
1328,lunga,2007,3.9229399999999996
1329,lunga,2008,4.00958
1330,lunga,2009,4.07949
1331,lunga,2010,3.88928
1332,lunga,2011,3.98518
1333,lunga,2012,3.96098
1334,lunga,2013,4.12643
1335,lunga,2014,3.9819799999999996
1336,lunga,2015,3.88004
1337,lunga,2016,3.95443
1338,lunga,2017,4.24334
1339,lunga,2018,3.83053
1340,lunga,2019,3.7622899999999997
1341,lunga,2020,3.96476
1342,lunga,2021,4.1794400000000005
1343,lunga,2022,3.8742115384615383
1344,lunte,1999,4.2477
1345,lunte,2000,4.15812
1346,lunte,2001,4.1413
1347,lunte,2002,4.22423
1348,lunte,2003,3.95053
1349,lunte,2004,4.32768
1350,lunte,2005,4.02644
1351,lunte,2006,3.9101299999999997
1352,lunte,2007,3.89081
1353,lunte,2008,3.97601
1354,lunte,2009,4.05386
1355,lunte,2010,3.92449
1356,lunte,2011,3.99245
1357,lunte,2012,3.9559699999999998
1358,lunte,2013,4.17488
1359,lunte,2014,3.98613
1360,lunte,2015,3.93323
1361,lunte,2016,3.93108
1362,lunte,2017,4.28894
1363,lunte,2018,3.8126499999999997
1364,lunte,2019,3.78868
1365,lunte,2020,3.98909
1366,lunte,2021,4.22734
1367,lunte,2022,3.5840892857142856
1368,lupososhi,1999,4.23966
1369,lupososhi,2000,4.162389999999999
1370,lupososhi,2001,4.261550000000001
1371,lupososhi,2002,4.26075
1372,lupososhi,2003,3.95487
1373,lupososhi,2004,4.32369
1374,lupososhi,2005,3.9619099999999996
1375,lupososhi,2006,3.97276
1376,lupososhi,2007,3.91175
1377,lupososhi,2008,4.02671
1378,lupososhi,2009,4.15621
1379,lupososhi,2010,3.93149
1380,lupososhi,2011,3.9863600000000003
1381,lupososhi,2012,3.97586
1382,lupososhi,2013,4.13846
1383,lupososhi,2014,3.9863999999999997
1384,lupososhi,2015,3.9583
1385,lupososhi,2016,3.99883
1386,lupososhi,2017,4.25445
1387,lupososhi,2018,3.90649
1388,lupososhi,2019,3.7592000000000003
1389,lupososhi,2020,3.99097
1390,lupososhi,2021,4.19384
1391,lupososhi,2022,3.769245283018868
1392,lusaka,1999,4.2350200000000005
1393,lusaka,2000,4.15665
1394,lusaka,2001,4.17525
1395,lusaka,2002,4.26666
1396,lusaka,2003,3.9671499999999997
1397,lusaka,2004,4.23229
1398,lusaka,2005,3.98582
1399,lusaka,2006,3.93143
1400,lusaka,2007,3.86455
1401,lusaka,2008,4.02001
1402,lusaka,2009,4.1068
1403,lusaka,2010,3.91007
1404,lusaka,2011,4.01303
1405,lusaka,2012,4.03907
1406,lusaka,2013,4.10409
1407,lusaka,2014,3.9882600000000004
1408,lusaka,2015,3.9179899999999996
1409,lusaka,2016,3.91524
1410,lusaka,2017,4.22448
1411,lusaka,2018,3.84783
1412,lusaka,2019,3.77069
1413,lusaka,2020,3.9598899999999997
1414,lusaka,2021,4.20559
1415,lusaka,2022,3.7818301886792454
1416,lusangazi,1999,4.274353333333334
1417,lusangazi,2000,4.1939
1418,lusangazi,2001,4.21019
1419,lusangazi,2002,4.2779
1420,lusangazi,2003,3.95774
1421,lusangazi,2004,4.34127
1422,lusangazi,2005,4.002079999999999
1423,lusangazi,2006,3.86199
1424,lusangazi,2007,3.89738
1425,lusangazi,2008,4.04052
1426,lusangazi,2009,4.07031
1427,lusangazi,2010,3.93514
1428,lusangazi,2011,4.0111799999999995
1429,lusangazi,2012,3.9948200000000003
1430,lusangazi,2013,4.13861
1431,lusangazi,2014,3.99873
1432,lusangazi,2015,3.9203500000000004
1433,lusangazi,2016,3.95632
1434,lusangazi,2017,4.284
1435,lusangazi,2018,3.88945
1436,lusangazi,2019,3.7744099999999996
1437,lusangazi,2020,3.95317
1438,lusangazi,2021,4.17908
1439,lusangazi,2022,3.8586730769230773
1440,luwingu,1999,4.271446666666667
1441,luwingu,2000,4.15935
1442,luwingu,2001,4.1538
1443,luwingu,2002,4.24433
1444,luwingu,2003,3.91776
1445,luwingu,2004,4.35297
1446,luwingu,2005,4.00503
1447,luwingu,2006,3.95281
1448,luwingu,2007,3.88881
1449,luwingu,2008,4.01773
1450,luwingu,2009,4.07355
1451,luwingu,2010,3.94643
1452,luwingu,2011,3.9760000000000004
1453,luwingu,2012,4.01682
1454,luwingu,2013,4.17766
1455,luwingu,2014,4.01416
1456,luwingu,2015,3.92632
1457,luwingu,2016,3.9390199999999997
1458,luwingu,2017,4.25053
1459,luwingu,2018,3.8306999999999998
1460,luwingu,2019,3.7640100000000003
1461,luwingu,2020,3.9571899999999998
1462,luwingu,2021,4.20453
1463,luwingu,2022,3.7680555555555553
1464,mafinga,1999,4.25734
1465,mafinga,2000,4.16167
1466,mafinga,2001,4.21441
1467,mafinga,2002,4.16809
1468,mafinga,2003,3.98222
1469,mafinga,2004,4.31043
1470,mafinga,2005,3.9882100000000005
1471,mafinga,2006,3.99344
1472,mafinga,2007,3.8930399999999996
1473,mafinga,2008,4.01236
1474,mafinga,2009,4.11853
1475,mafinga,2010,3.9086899999999996
1476,mafinga,2011,4.01013
1477,mafinga,2012,3.94094
1478,mafinga,2013,4.17544
1479,mafinga,2014,3.98854
1480,mafinga,2015,3.91714
1481,mafinga,2016,3.91995
1482,mafinga,2017,4.28114
1483,mafinga,2018,3.81229
1484,mafinga,2019,3.75923
1485,mafinga,2020,3.98218
1486,mafinga,2021,4.187250000000001
1487,mafinga,2022,3.687796296296296
1488,mambwe,1999,4.267633333333333
1489,mambwe,2000,4.14051
1490,mambwe,2001,4.23007
1491,mambwe,2002,4.27381
1492,mambwe,2003,3.918
1493,mambwe,2004,4.30968
1494,mambwe,2005,3.95435
1495,mambwe,2006,3.96671
1496,mambwe,2007,3.8671699999999998
1497,mambwe,2008,3.9906099999999998
1498,mambwe,2009,4.05736
1499,mambwe,2010,3.94039
1500,mambwe,2011,3.99173
1501,mambwe,2012,3.96811
1502,mambwe,2013,4.145849999999999
1503,mambwe,2014,3.98561
1504,mambwe,2015,3.9646600000000003
1505,mambwe,2016,3.95879
1506,mambwe,2017,4.20859
1507,mambwe,2018,3.7743700000000002
1508,mambwe,2019,3.74693
1509,mambwe,2020,3.95873
1510,mambwe,2021,4.19406
1511,mambwe,2022,3.793849056603774
1512,mansa,1999,4.293699999999999
1513,mansa,2000,4.1752
1514,mansa,2001,4.22555
1515,mansa,2002,4.24439
1516,mansa,2003,3.9555900000000004
1517,mansa,2004,4.35311
1518,mansa,2005,3.9776499999999997
1519,mansa,2006,3.96035
1520,mansa,2007,3.8950799999999997
1521,mansa,2008,4.0314499999999995
1522,mansa,2009,4.06943
1523,mansa,2010,3.9329
1524,mansa,2011,3.97984
1525,mansa,2012,3.97148
1526,mansa,2013,4.18004
1527,mansa,2014,4.0059499999999995
1528,mansa,2015,3.8862099999999997
1529,mansa,2016,3.9750600000000005
1530,mansa,2017,4.26013
1531,mansa,2018,3.86876
1532,mansa,2019,3.73137
1533,mansa,2020,3.9513499999999997
1534,mansa,2021,4.22595
1535,mansa,2022,3.74812962962963
1536,manyinga,1999,4.310813333333333
1537,manyinga,2000,4.20032
1538,manyinga,2001,4.18726
1539,manyinga,2002,4.23536
1540,manyinga,2003,3.99639
1541,manyinga,2004,4.34062
1542,manyinga,2005,4.01853
1543,manyinga,2006,4.01538
1544,manyinga,2007,3.90067
1545,manyinga,2008,4.02296
1546,manyinga,2009,4.09664
1547,manyinga,2010,3.8777
1548,manyinga,2011,3.97287
1549,manyinga,2012,4.02182
1550,manyinga,2013,4.16937
1551,manyinga,2014,3.9996199999999997
1552,manyinga,2015,3.96165
1553,manyinga,2016,4.01508
1554,manyinga,2017,4.27876
1555,manyinga,2018,3.83028
1556,manyinga,2019,3.78849
1557,manyinga,2020,4.0042599999999995
1558,manyinga,2021,4.20428
1559,manyinga,2022,3.6880185185185184
1560,masaiti,1999,4.268806666666666
1561,masaiti,2000,4.16531
1562,masaiti,2001,4.22245
1563,masaiti,2002,4.06065
1564,masaiti,2003,3.97596
1565,masaiti,2004,4.3216399999999995
1566,masaiti,2005,3.9937
1567,masaiti,2006,3.9195499999999996
1568,masaiti,2007,3.89976
1569,masaiti,2008,3.9869600000000003
1570,masaiti,2009,4.12632
1571,masaiti,2010,3.9305900000000005
1572,masaiti,2011,4.04139
1573,masaiti,2012,3.96966
1574,masaiti,2013,4.13068
1575,masaiti,2014,3.97538
1576,masaiti,2015,3.91022
1577,masaiti,2016,3.9219100000000005
1578,masaiti,2017,4.21674
1579,masaiti,2018,3.8285500000000003
1580,masaiti,2019,3.77632
1581,masaiti,2020,3.94509
1582,masaiti,2021,4.23529
1583,masaiti,2022,3.812423076923077
1584,mazabuka,1999,4.2917266666666665
1585,mazabuka,2000,4.18552
1586,mazabuka,2001,4.13243
1587,mazabuka,2002,4.2208
1588,mazabuka,2003,3.99147
1589,mazabuka,2004,4.291329999999999
1590,mazabuka,2005,4.0064
1591,mazabuka,2006,3.9178100000000002
1592,mazabuka,2007,3.9403300000000003
1593,mazabuka,2008,4.03385
1594,mazabuka,2009,4.09283
1595,mazabuka,2010,3.9345100000000004
1596,mazabuka,2011,3.98353
1597,mazabuka,2012,4.02651
1598,mazabuka,2013,4.11672
1599,mazabuka,2014,3.9892399999999997
1600,mazabuka,2015,3.96683
1601,mazabuka,2016,4.00068
1602,mazabuka,2017,4.25451
1603,mazabuka,2018,3.81899
1604,mazabuka,2019,3.7635
1605,mazabuka,2020,3.9684399999999997
1606,mazabuka,2021,4.137490000000001
1607,mazabuka,2022,3.547285714285714
1608,mbala,1999,4.25514
1609,mbala,2000,4.16902
1610,mbala,2001,4.18609
1611,mbala,2002,4.27379
1612,mbala,2003,3.94266
1613,mbala,2004,4.3303
1614,mbala,2005,3.95093
1615,mbala,2006,3.99982
1616,mbala,2007,3.89063
1617,mbala,2008,4.0593200000000005
1618,mbala,2009,4.09506
1619,mbala,2010,3.8980799999999998
1620,mbala,2011,3.9748200000000002
1621,mbala,2012,4.00303
1622,mbala,2013,4.1828899999999996
1623,mbala,2014,4.020779999999999
1624,mbala,2015,3.91241
1625,mbala,2016,3.95021
1626,mbala,2017,4.23878
1627,mbala,2018,3.87981
1628,mbala,2019,3.7650400000000004
1629,mbala,2020,3.9669499999999998
1630,mbala,2021,4.21134
1631,mbala,2022,3.7895192307692307
1632,milengi,1999,4.246906666666667
1633,milengi,2000,4.15964
1634,milengi,2001,4.1291
1635,milengi,2002,4.26877
1636,milengi,2003,4.043690000000001
1637,milengi,2004,4.3590800000000005
1638,milengi,2005,3.95976
1639,milengi,2006,3.9044600000000003
1640,milengi,2007,3.87402
1641,milengi,2008,4.01207
1642,milengi,2009,4.09495
1643,milengi,2010,3.93581
1644,milengi,2011,4.01286
1645,milengi,2012,4.0908999999999995
1646,milengi,2013,4.1961
1647,milengi,2014,3.98914
1648,milengi,2015,3.92981
1649,milengi,2016,3.92527
1650,milengi,2017,4.28681
1651,milengi,2018,3.81619
1652,milengi,2019,3.74111
1653,milengi,2020,3.96747
1654,milengi,2021,4.239599999999999
1655,milengi,2022,3.906843137254902
1656,mitete,1999,4.285853333333334
1657,mitete,2000,4.1782
1658,mitete,2001,4.13949
1659,mitete,2002,4.32836
1660,mitete,2003,4.01004
1661,mitete,2004,4.31005
1662,mitete,2005,3.9957499999999997
1663,mitete,2006,3.98273
1664,mitete,2007,3.88845
1665,mitete,2008,4.01396
1666,mitete,2009,4.10931
1667,mitete,2010,3.95115
1668,mitete,2011,4.00245
1669,mitete,2012,3.9742200000000003
1670,mitete,2013,4.13986
1671,mitete,2014,3.9731
1672,mitete,2015,3.8900900000000003
1673,mitete,2016,4.00435
1674,mitete,2017,4.24772
1675,mitete,2018,3.80336
1676,mitete,2019,3.76469
1677,mitete,2020,3.9286700000000003
1678,mitete,2021,4.16252
1679,mitete,2022,3.9020588235294116
1680,mkushi,1999,4.305146666666667
1681,mkushi,2000,4.20582
1682,mkushi,2001,4.176089999999999
1683,mkushi,2002,4.26405
1684,mkushi,2003,3.9570300000000005
1685,mkushi,2004,4.29505
1686,mkushi,2005,4.00305
1687,mkushi,2006,3.9926999999999997
1688,mkushi,2007,3.9256900000000003
1689,mkushi,2008,4.01112
1690,mkushi,2009,4.10581
1691,mkushi,2010,3.9236899999999997
1692,mkushi,2011,4.00372
1693,mkushi,2012,4.04379
1694,mkushi,2013,4.11214
1695,mkushi,2014,3.99122
1696,mkushi,2015,3.9286700000000003
1697,mkushi,2016,3.9333
1698,mkushi,2017,4.25984
1699,mkushi,2018,3.77584
1700,mkushi,2019,3.7459100000000003
1701,mkushi,2020,3.9558299999999997
1702,mkushi,2021,4.22673
1703,mkushi,2022,3.785547169811321
1704,mongu,1999,4.358406666666666
1705,mongu,2000,4.141360000000001
1706,mongu,2001,4.103759999999999
1707,mongu,2002,4.274
1708,mongu,2003,3.97457
1709,mongu,2004,4.31783
1710,mongu,2005,4.00176
1711,mongu,2006,3.93036
1712,mongu,2007,3.90304
1713,mongu,2008,4.01766
1714,mongu,2009,4.10324
1715,mongu,2010,3.93234
1716,mongu,2011,3.9807799999999998
1717,mongu,2012,3.9696
1718,mongu,2013,4.19365
1719,mongu,2014,3.97212
1720,mongu,2015,3.90341
1721,mongu,2016,3.9653500000000004
1722,mongu,2017,4.27131
1723,mongu,2018,3.8469700000000002
1724,mongu,2019,3.76388
1725,mongu,2020,3.96409
1726,mongu,2021,4.1872300000000005
1727,mongu,2022,3.8943725490196077
1728,monze,1999,4.233146666666666
1729,monze,2000,4.1955599999999995
1730,monze,2001,4.1716500000000005
1731,monze,2002,4.2287799999999995
1732,monze,2003,3.96504
1733,monze,2004,4.25507
1734,monze,2005,3.96953
1735,monze,2006,3.96146
1736,monze,2007,3.88293
1737,monze,2008,4.02293
1738,monze,2009,4.07949
1739,monze,2010,3.9246
1740,monze,2011,4.0348500000000005
1741,monze,2012,3.97285
1742,monze,2013,4.08691
1743,monze,2014,3.98046
1744,monze,2015,3.95608
1745,monze,2016,3.94264
1746,monze,2017,4.23932
1747,monze,2018,3.9686900000000005
1748,monze,2019,3.75353
1749,monze,2020,3.96658
1750,monze,2021,4.16624
1751,monze,2022,3.929764705882353
1752,mpika,1999,4.342733333333333
1753,mpika,2000,4.18875
1754,mpika,2001,4.1439699999999995
1755,mpika,2002,4.3174
1756,mpika,2003,3.94699
1757,mpika,2004,4.29932
1758,mpika,2005,4.01904
1759,mpika,2006,3.9322199999999996
1760,mpika,2007,3.8968000000000003
1761,mpika,2008,4.04723
1762,mpika,2009,4.10849
1763,mpika,2010,3.91963
1764,mpika,2011,4.02045
1765,mpika,2012,4.00901
1766,mpika,2013,4.13117
1767,mpika,2014,3.98467
1768,mpika,2015,3.91067
1769,mpika,2016,3.97137
1770,mpika,2017,4.232749999999999
1771,mpika,2018,3.82878
1772,mpika,2019,3.7971
1773,mpika,2020,3.9531799999999997
1774,mpika,2021,4.2016
1775,mpika,2022,3.5643571428571432
1776,mpongwe,1999,4.25416
1777,mpongwe,2000,4.14481
1778,mpongwe,2001,4.13524
1779,mpongwe,2002,4.19067
1780,mpongwe,2003,3.97808
1781,mpongwe,2004,4.27696
1782,mpongwe,2005,3.9670799999999997
1783,mpongwe,2006,3.99282
1784,mpongwe,2007,3.8847899999999997
1785,mpongwe,2008,4.05361
1786,mpongwe,2009,4.1150400000000005
1787,mpongwe,2010,3.9522000000000004
1788,mpongwe,2011,3.99753
1789,mpongwe,2012,3.99776
1790,mpongwe,2013,4.162850000000001
1791,mpongwe,2014,3.9916199999999997
1792,mpongwe,2015,3.8438299999999996
1793,mpongwe,2016,3.93462
1794,mpongwe,2017,4.27606
1795,mpongwe,2018,3.82526
1796,mpongwe,2019,3.79942
1797,mpongwe,2020,3.95785
1798,mpongwe,2021,4.16097
1799,mpongwe,2022,3.704148148148148
1800,mporokoso,1999,4.335999999999999
1801,mporokoso,2000,4.167339999999999
1802,mporokoso,2001,4.19564
1803,mporokoso,2002,4.26339
1804,mporokoso,2003,3.91198
1805,mporokoso,2004,4.28444
1806,mporokoso,2005,3.97201
1807,mporokoso,2006,3.98209
1808,mporokoso,2007,3.88592
1809,mporokoso,2008,4.038399999999999
1810,mporokoso,2009,4.07432
1811,mporokoso,2010,3.96123
1812,mporokoso,2011,3.9799
1813,mporokoso,2012,4.05885
1814,mporokoso,2013,4.14577
1815,mporokoso,2014,3.97341
1816,mporokoso,2015,3.91615
1817,mporokoso,2016,3.94807
1818,mporokoso,2017,4.223450000000001
1819,mporokoso,2018,3.84898
1820,mporokoso,2019,3.73994
1821,mporokoso,2020,3.95596
1822,mporokoso,2021,4.22625
1823,mporokoso,2022,3.8368490566037736
1824,mpulungu,1999,4.29946
1825,mpulungu,2000,4.19012
1826,mpulungu,2001,4.11628
1827,mpulungu,2002,4.29438
1828,mpulungu,2003,3.93239
1829,mpulungu,2004,4.38209
1830,mpulungu,2005,3.9571199999999997
1831,mpulungu,2006,3.9429399999999997
1832,mpulungu,2007,3.89142
1833,mpulungu,2008,4.05417
1834,mpulungu,2009,4.07592
1835,mpulungu,2010,3.9356099999999996
1836,mpulungu,2011,4.00764
1837,mpulungu,2012,4.03277
1838,mpulungu,2013,4.12389
1839,mpulungu,2014,3.99887
1840,mpulungu,2015,3.9179500000000003
1841,mpulungu,2016,4.04244
1842,mpulungu,2017,4.2055299999999995
1843,mpulungu,2018,3.8120999999999996
1844,mpulungu,2019,3.78829
1845,mpulungu,2020,3.97942
1846,mpulungu,2021,4.1959100000000005
1847,mpulungu,2022,4.03116
1848,mufulira,1999,4.281053333333333
1849,mufulira,2000,4.18888
1850,mufulira,2001,4.22962
1851,mufulira,2002,4.01837
1852,mufulira,2003,3.96586
1853,mufulira,2004,4.3071
1854,mufulira,2005,4.00361
1855,mufulira,2006,3.9227
1856,mufulira,2007,3.90012
1857,mufulira,2008,4.05234
1858,mufulira,2009,4.0578199999999995
1859,mufulira,2010,3.91132
1860,mufulira,2011,3.96646
1861,mufulira,2012,3.9248199999999995
1862,mufulira,2013,4.0857
1863,mufulira,2014,3.97736
1864,mufulira,2015,3.8950099999999996
1865,mufulira,2016,3.9439699999999998
1866,mufulira,2017,4.25505
1867,mufulira,2018,3.76391
1868,mufulira,2019,3.77763
1869,mufulira,2020,3.9333
1870,mufulira,2021,4.1906099999999995
1871,mufulira,2022,3.592527272727273
1872,mufumbwe,1999,4.275853333333334
1873,mufumbwe,2000,4.19175
1874,mufumbwe,2001,4.20343
1875,mufumbwe,2002,4.23705
1876,mufumbwe,2003,3.98192
1877,mufumbwe,2004,4.33474
1878,mufumbwe,2005,3.99237
1879,mufumbwe,2006,3.90164
1880,mufumbwe,2007,3.86462
1881,mufumbwe,2008,4.0269900000000005
1882,mufumbwe,2009,4.0342899999999995
1883,mufumbwe,2010,3.92043
1884,mufumbwe,2011,4.0147
1885,mufumbwe,2012,3.9526499999999998
1886,mufumbwe,2013,4.13665
1887,mufumbwe,2014,3.9785199999999996
1888,mufumbwe,2015,3.88452
1889,mufumbwe,2016,4.00673
1890,mufumbwe,2017,4.2632200000000005
1891,mufumbwe,2018,3.85631
1892,mufumbwe,2019,3.7706999999999997
1893,mufumbwe,2020,3.9436899999999997
1894,mufumbwe,2021,4.17833
1895,mufumbwe,2022,3.793169811320755
1896,mulobezi,1999,4.225293333333333
1897,mulobezi,2000,4.18413
1898,mulobezi,2001,4.2316199999999995
1899,mulobezi,2002,4.20222
1900,mulobezi,2003,3.9614800000000003
1901,mulobezi,2004,4.23949
1902,mulobezi,2005,3.9855099999999997
1903,mulobezi,2006,3.96318
1904,mulobezi,2007,3.90314
1905,mulobezi,2008,4.00579
1906,mulobezi,2009,4.1149700000000005
1907,mulobezi,2010,3.94251
1908,mulobezi,2011,4.0031
1909,mulobezi,2012,4.03481
1910,mulobezi,2013,4.12356
1911,mulobezi,2014,4.01264
1912,mulobezi,2015,3.90671
1913,mulobezi,2016,3.9519900000000003
1914,mulobezi,2017,4.27134
1915,mulobezi,2018,3.7932
1916,mulobezi,2019,3.77173
1917,mulobezi,2020,3.98124
1918,mulobezi,2021,4.12472
1919,mulobezi,2022,3.706888888888889
1920,mumbwa,1999,4.240146666666667
1921,mumbwa,2000,4.20836
1922,mumbwa,2001,4.19181
1923,mumbwa,2002,4.22563
1924,mumbwa,2003,4.01072
1925,mumbwa,2004,4.34763
1926,mumbwa,2005,3.97193
1927,mumbwa,2006,3.95045
1928,mumbwa,2007,3.89222
1929,mumbwa,2008,4.00514
1930,mumbwa,2009,4.09305
1931,mumbwa,2010,3.94213
1932,mumbwa,2011,3.97596
1933,mumbwa,2012,3.9943299999999997
1934,mumbwa,2013,4.13819
1935,mumbwa,2014,3.9996300000000002
1936,mumbwa,2015,3.9272899999999997
1937,mumbwa,2016,3.9785500000000003
1938,mumbwa,2017,4.24765
1939,mumbwa,2018,3.88384
1940,mumbwa,2019,3.7441199999999997
1941,mumbwa,2020,3.97248
1942,mumbwa,2021,4.20467
1943,mumbwa,2022,3.698072727272727
1944,mungwi,1999,4.202233333333334
1945,mungwi,2000,4.17782
1946,mungwi,2001,4.192769999999999
1947,mungwi,2002,4.27538
1948,mungwi,2003,3.93603
1949,mungwi,2004,4.328810000000001
1950,mungwi,2005,3.8914400000000002
1951,mungwi,2006,3.93197
1952,mungwi,2007,3.88391
1953,mungwi,2008,4.00633
1954,mungwi,2009,4.05245
1955,mungwi,2010,3.9335199999999997
1956,mungwi,2011,4.00192
1957,mungwi,2012,4.04704
1958,mungwi,2013,4.16048
1959,mungwi,2014,4.00572
1960,mungwi,2015,3.92188
1961,mungwi,2016,3.9159
1962,mungwi,2017,4.2593700000000005
1963,mungwi,2018,3.83563
1964,mungwi,2019,3.76964
1965,mungwi,2020,3.9912799999999997
1966,mungwi,2021,4.164750000000001
1967,mungwi,2022,3.670090909090909
1968,mushindano,1999,4.28502
1969,mushindano,2000,4.15649
1970,mushindano,2001,4.18194
1971,mushindano,2002,4.20068
1972,mushindano,2003,3.98666
1973,mushindano,2004,4.39009
1974,mushindano,2005,3.99139
1975,mushindano,2006,3.9345499999999998
1976,mushindano,2007,3.9005099999999997
1977,mushindano,2008,4.03683
1978,mushindano,2009,4.06356
1979,mushindano,2010,3.92412
1980,mushindano,2011,3.95887
1981,mushindano,2012,4.01289
1982,mushindano,2013,4.0920499999999995
1983,mushindano,2014,3.98866
1984,mushindano,2015,3.9127199999999998
1985,mushindano,2016,3.9929200000000002
1986,mushindano,2017,4.21092
1987,mushindano,2018,3.83387
1988,mushindano,2019,3.76939
1989,mushindano,2020,3.98209
1990,mushindano,2021,4.2226
1991,mushindano,2022,3.7713018867924526
1992,mwandi,1999,4.263606666666666
1993,mwandi,2000,4.17468
1994,mwandi,2001,4.17417
1995,mwandi,2002,4.28608
1996,mwandi,2003,3.94277
1997,mwandi,2004,4.32536
1998,mwandi,2005,4.00489
1999,mwandi,2006,3.89764
2000,mwandi,2007,3.88671
2001,mwandi,2008,4.01415
2002,mwandi,2009,4.09401
2003,mwandi,2010,3.9526600000000003
2004,mwandi,2011,4.00264
2005,mwandi,2012,4.03294
2006,mwandi,2013,4.17279
2007,mwandi,2014,3.97867
2008,mwandi,2015,3.94272
2009,mwandi,2016,3.97363
2010,mwandi,2017,4.27819
2011,mwandi,2018,3.86211
2012,mwandi,2019,3.7484300000000004
2013,mwandi,2020,3.9648699999999995
2014,mwandi,2021,4.1555599999999995
2015,mwandi,2022,3.837596153846154
2016,mwansabombwe,1999,4.238866666666667
2017,mwansabombwe,2000,4.17864
2018,mwansabombwe,2001,4.19964
2019,mwansabombwe,2002,4.302350000000001
2020,mwansabombwe,2003,4.0069799999999995
2021,mwansabombwe,2004,4.26226
2022,mwansabombwe,2005,4.00598
2023,mwansabombwe,2006,3.9739
2024,mwansabombwe,2007,3.9299
2025,mwansabombwe,2008,4.02437
2026,mwansabombwe,2009,4.08633
2027,mwansabombwe,2010,3.9282099999999995
2028,mwansabombwe,2011,3.9911000000000003
2029,mwansabombwe,2012,4.0564100000000005
2030,mwansabombwe,2013,4.12678
2031,mwansabombwe,2014,3.9786599999999996
2032,mwansabombwe,2015,3.8956299999999997
2033,mwansabombwe,2016,3.97489
2034,mwansabombwe,2017,4.27688
2035,mwansabombwe,2018,3.90847
2036,mwansabombwe,2019,3.76663
2037,mwansabombwe,2020,3.96155
2038,mwansabombwe,2021,4.1174
2039,mwansabombwe,2022,3.804169811320755
2040,mwense,1999,4.292653333333334
2041,mwense,2000,4.1921800000000005
2042,mwense,2001,4.21642
2043,mwense,2002,4.257610000000001
2044,mwense,2003,3.9688499999999998
2045,mwense,2004,4.3702499999999995
2046,mwense,2005,4.00612
2047,mwense,2006,4.00779
2048,mwense,2007,3.8670600000000004
2049,mwense,2008,4.0216899999999995
2050,mwense,2009,4.07222
2051,mwense,2010,3.91289
2052,mwense,2011,4.01342
2053,mwense,2012,4.00858
2054,mwense,2013,4.17058
2055,mwense,2014,4.012029999999999
2056,mwense,2015,3.90769
2057,mwense,2016,3.99195
2058,mwense,2017,4.2592
2059,mwense,2018,3.8408800000000003
2060,mwense,2019,3.77763
2061,mwense,2020,3.97577
2062,mwense,2021,4.19192
2063,mwense,2022,3.8101730769230766
2064,mwinilunga,1999,4.25744
2065,mwinilunga,2000,4.17012
2066,mwinilunga,2001,4.19063
2067,mwinilunga,2002,4.32832
2068,mwinilunga,2003,4.01682
2069,mwinilunga,2004,4.34264
2070,mwinilunga,2005,3.9658100000000003
2071,mwinilunga,2006,3.96777
2072,mwinilunga,2007,3.86801
2073,mwinilunga,2008,4.0311900000000005
2074,mwinilunga,2009,4.0733
2075,mwinilunga,2010,3.92848
2076,mwinilunga,2011,4.01508
2077,mwinilunga,2012,4.056979999999999
2078,mwinilunga,2013,4.09992
2079,mwinilunga,2014,4.0065800000000005
2080,mwinilunga,2015,3.9247199999999998
2081,mwinilunga,2016,3.90483
2082,mwinilunga,2017,4.2272
2083,mwinilunga,2018,3.8461900000000004
2084,mwinilunga,2019,3.78332
2085,mwinilunga,2020,3.95078
2086,mwinilunga,2021,4.16304
2087,mwinilunga,2022,3.7842641509433963
2088,nakonde,1999,4.265674418604651
2089,nakonde,2000,4.15855
2090,nakonde,2001,4.169564356435643
2091,nakonde,2002,4.361969072164948
2092,nakonde,2003,3.967724489795918
2093,nakonde,2004,4.391125000000001
2094,nakonde,2005,4.049408602150537
2095,nakonde,2006,4.129867924528302
2096,nakonde,2007,3.857504761904762
2097,nakonde,2008,4.081031578947369
2098,nakonde,2009,4.098552083333334
2099,nakonde,2010,3.679090909090909
2100,nakonde,2011,3.965320754716981
2101,nakonde,2012,4.213069306930693
2102,nakonde,2013,4.366752475247525
2103,nakonde,2014,4.188857142857143
2104,nakonde,2015,3.8960204081632654
2105,nakonde,2016,3.9737247706422014
2106,nakonde,2017,4.267224489795918
2107,nakonde,2018,3.963694736842105
2108,nakonde,2019,3.8215578947368423
2109,nakonde,2020,3.988038095238095
2110,nakonde,2021,4.167947368421053
2111,nakonde,2022,3.9241710526315794
2112,nalolo,1999,4.231446666666667
2113,nalolo,2000,4.18111
2114,nalolo,2001,4.1787
2115,nalolo,2002,4.29795
2116,nalolo,2003,3.98426
2117,nalolo,2004,4.32627
2118,nalolo,2005,3.9814800000000004
2119,nalolo,2006,3.9306600000000005
2120,nalolo,2007,3.91573
2121,nalolo,2008,4.03573
2122,nalolo,2009,4.02332
2123,nalolo,2010,3.90032
2124,nalolo,2011,3.998
2125,nalolo,2012,3.9986599999999997
2126,nalolo,2013,4.1992
2127,nalolo,2014,4.006600000000001
2128,nalolo,2015,3.87734
2129,nalolo,2016,3.93521
2130,nalolo,2017,4.22009
2131,nalolo,2018,3.78637
2132,nalolo,2019,3.7714499999999997
2133,nalolo,2020,3.9486000000000003
2134,nalolo,2021,4.15353
2135,nalolo,2022,3.7845370370370373
2136,namwala,1999,4.255333333333333
2137,namwala,2000,4.17373
2138,namwala,2001,4.21262
2139,namwala,2002,4.21772
2140,namwala,2003,3.9521300000000004
2141,namwala,2004,4.30048
2142,namwala,2005,3.9515499999999997
2143,namwala,2006,3.9112299999999998
2144,namwala,2007,3.8789999999999996
2145,namwala,2008,4.02276
2146,namwala,2009,4.07148
2147,namwala,2010,3.9325900000000003
2148,namwala,2011,3.997
2149,namwala,2012,4.01387
2150,namwala,2013,4.1025
2151,namwala,2014,3.9930000000000003
2152,namwala,2015,3.88914
2153,namwala,2016,3.95512
2154,namwala,2017,4.244940000000001
2155,namwala,2018,3.8170699999999997
2156,namwala,2019,3.80004
2157,namwala,2020,3.94692
2158,namwala,2021,4.1893
2159,namwala,2022,3.693690909090909
2160,nchelenge,1999,4.320939999999999
2161,nchelenge,2000,4.1709499999999995
2162,nchelenge,2001,4.16693
2163,nchelenge,2002,4.21693
2164,nchelenge,2003,3.94005
2165,nchelenge,2004,4.36179
2166,nchelenge,2005,4.0574
2167,nchelenge,2006,3.91323
2168,nchelenge,2007,3.8893
2169,nchelenge,2008,4.03614
2170,nchelenge,2009,4.0789800000000005
2171,nchelenge,2010,3.9360500000000003
2172,nchelenge,2011,4.01563
2173,nchelenge,2012,3.99851
2174,nchelenge,2013,4.12277
2175,nchelenge,2014,4.0079
2176,nchelenge,2015,3.92188
2177,nchelenge,2016,3.95954
2178,nchelenge,2017,4.2434899999999995
2179,nchelenge,2018,3.86247
2180,nchelenge,2019,3.77472
2181,nchelenge,2020,3.96018
2182,nchelenge,2021,4.21574
2183,nchelenge,2022,3.970823529411765
2184,ndola,1999,4.217866666666667
2185,ndola,2000,4.12319
2186,ndola,2001,4.231120000000001
2187,ndola,2002,4.3117
2188,ndola,2003,4.10588
2189,ndola,2004,4.37751
2190,ndola,2005,4.04469
2191,ndola,2006,4.11995
2192,ndola,2007,4.06357
2193,ndola,2008,4.15056
2194,ndola,2009,4.04471
2195,ndola,2010,4.05079
2196,ndola,2011,3.94522
2197,ndola,2012,4.1224799999999995
2198,ndola,2013,4.23271
2199,ndola,2014,4.07407
2200,ndola,2015,3.8894
2201,ndola,2016,4.06359
2202,ndola,2017,4.25077
2203,ndola,2018,3.96701
2204,ndola,2019,3.76594
2205,ndola,2020,3.9447699999999997
2206,ndola,2021,4.13882
2207,ndola,2022,3.98382
2208,ngabwe,1999,4.25394
2209,ngabwe,2000,4.18518
2210,ngabwe,2001,4.17679
2211,ngabwe,2002,4.15391
2212,ngabwe,2003,3.92075
2213,ngabwe,2004,4.34664
2214,ngabwe,2005,3.99729
2215,ngabwe,2006,3.9526100000000004
2216,ngabwe,2007,3.89267
2217,ngabwe,2008,4.05486
2218,ngabwe,2009,4.07094
2219,ngabwe,2010,3.9293299999999998
2220,ngabwe,2011,4.0006900000000005
2221,ngabwe,2012,3.96662
2222,ngabwe,2013,4.124
2223,ngabwe,2014,3.99379
2224,ngabwe,2015,3.9297199999999997
2225,ngabwe,2016,3.9522399999999998
2226,ngabwe,2017,4.23248
2227,ngabwe,2018,3.83443
2228,ngabwe,2019,3.7455900000000004
2229,ngabwe,2020,3.9184300000000003
2230,ngabwe,2021,4.185709999999999
2231,ngabwe,2022,4.0018
2232,nkeyema,1999,4.274666666666667
2233,nkeyema,2000,4.17752
2234,nkeyema,2001,4.1603
2235,nkeyema,2002,4.21723
2236,nkeyema,2003,3.9695300000000002
2237,nkeyema,2004,4.2992099999999995
2238,nkeyema,2005,4.00439
2239,nkeyema,2006,3.9497500000000003
2240,nkeyema,2007,3.89823
2241,nkeyema,2008,4.00494
2242,nkeyema,2009,4.11778
2243,nkeyema,2010,3.8757
2244,nkeyema,2011,4.00147
2245,nkeyema,2012,4.0582400000000005
2246,nkeyema,2013,4.192
2247,nkeyema,2014,4.013
2248,nkeyema,2015,3.85
2249,nkeyema,2016,3.94964
2250,nkeyema,2017,4.27031
2251,nkeyema,2018,3.80013
2252,nkeyema,2019,3.75821
2253,nkeyema,2020,3.94351
2254,nkeyema,2021,4.2155000000000005
2255,nkeyema,2022,3.3143499999999997
2256,nsama,1999,4.236866666666667
2257,nsama,2000,4.15915
2258,nsama,2001,4.21107
2259,nsama,2002,4.232
2260,nsama,2003,3.97913
2261,nsama,2004,4.35198
2262,nsama,2005,3.99668
2263,nsama,2006,3.9806299999999997
2264,nsama,2007,3.89665
2265,nsama,2008,4.0369600000000005
2266,nsama,2009,4.0711
2267,nsama,2010,3.94803
2268,nsama,2011,4.01729
2269,nsama,2012,3.96371
2270,nsama,2013,4.1895
2271,nsama,2014,3.99947
2272,nsama,2015,3.89974
2273,nsama,2016,3.97108
2274,nsama,2017,4.24783
2275,nsama,2018,3.81951
2276,nsama,2019,3.76815
2277,nsama,2020,4.0172
2278,nsama,2021,4.17417
2279,nsama,2022,3.9777199999999997
2280,nyimba,1999,4.26622
2281,nyimba,2000,4.14309
2282,nyimba,2001,4.18091
2283,nyimba,2002,4.15394
2284,nyimba,2003,3.9563900000000003
2285,nyimba,2004,4.3168299999999995
2286,nyimba,2005,3.92758
2287,nyimba,2006,3.93097
2288,nyimba,2007,3.89285
2289,nyimba,2008,3.99684
2290,nyimba,2009,4.09809
2291,nyimba,2010,3.92089
2292,nyimba,2011,4.02006
2293,nyimba,2012,4.02254
2294,nyimba,2013,4.14893
2295,nyimba,2014,3.99659
2296,nyimba,2015,3.8947000000000003
2297,nyimba,2016,3.9664699999999997
2298,nyimba,2017,4.23818
2299,nyimba,2018,3.8314600000000003
2300,nyimba,2019,3.75263
2301,nyimba,2020,3.96325
2302,nyimba,2021,4.2885
2303,nyimba,2022,3.9693333333333336
2304,pemba,1999,4.210833333333333
2305,pemba,2000,4.1575
2306,pemba,2001,4.24174
2307,pemba,2002,4.1885699999999995
2308,pemba,2003,3.9938100000000003
2309,pemba,2004,4.3251100000000005
2310,pemba,2005,3.98928
2311,pemba,2006,3.92228
2312,pemba,2007,3.88457
2313,pemba,2008,4.03527
2314,pemba,2009,4.0462299999999995
2315,pemba,2010,3.93724
2316,pemba,2011,3.9697500000000003
2317,pemba,2012,3.95376
2318,pemba,2013,4.13848
2319,pemba,2014,3.99057
2320,pemba,2015,3.9258499999999996
2321,pemba,2016,3.97673
2322,pemba,2017,4.223
2323,pemba,2018,3.8371
2324,pemba,2019,3.7396
2325,pemba,2020,3.96109
2326,pemba,2021,4.15343
2327,pemba,2022,3.735351851851852
2328,petauke,1999,4.3264466666666666
2329,petauke,2000,4.20149
2330,petauke,2001,4.26126
2331,petauke,2002,4.18555
2332,petauke,2003,4.00605
2333,petauke,2004,4.29896
2334,petauke,2005,3.97954
2335,petauke,2006,3.9356
2336,petauke,2007,3.87536
2337,petauke,2008,4.04314
2338,petauke,2009,4.09689
2339,petauke,2010,3.92422
2340,petauke,2011,4.00667
2341,petauke,2012,3.9892899999999996
2342,petauke,2013,4.19445
2343,petauke,2014,3.99828
2344,petauke,2015,3.92905
2345,petauke,2016,3.95249
2346,petauke,2017,4.24656
2347,petauke,2018,3.78295
2348,petauke,2019,3.75728
2349,petauke,2020,3.96657
2350,petauke,2021,4.13743
2351,petauke,2022,3.922470588235294
2352,rufunsa,1999,4.25614
2353,rufunsa,2000,4.2049
2354,rufunsa,2001,4.19318
2355,rufunsa,2002,4.31632
2356,rufunsa,2003,3.9935500000000004
2357,rufunsa,2004,4.29066
2358,rufunsa,2005,4.00828
2359,rufunsa,2006,3.9246600000000003
2360,rufunsa,2007,3.86719
2361,rufunsa,2008,4.05349
2362,rufunsa,2009,4.09772
2363,rufunsa,2010,3.9208499999999997
2364,rufunsa,2011,3.9599900000000003
2365,rufunsa,2012,3.9769900000000002
2366,rufunsa,2013,4.1014800000000005
2367,rufunsa,2014,3.99925
2368,rufunsa,2015,3.9135500000000003
2369,rufunsa,2016,3.97642
2370,rufunsa,2017,4.24579
2371,rufunsa,2018,3.85594
2372,rufunsa,2019,3.76219
2373,rufunsa,2020,3.95695
2374,rufunsa,2021,4.16099
2375,rufunsa,2022,3.705074074074074
2376,samfya,1999,4.288286666666667
2377,samfya,2000,4.18307
2378,samfya,2001,4.20406
2379,samfya,2002,4.22973
2380,samfya,2003,3.9425299999999996
2381,samfya,2004,4.37504
2382,samfya,2005,3.97538
2383,samfya,2006,3.9248700000000003
2384,samfya,2007,3.91332
2385,samfya,2008,4.04263
2386,samfya,2009,4.08706
2387,samfya,2010,3.88321
2388,samfya,2011,4.00169
2389,samfya,2012,3.99267
2390,samfya,2013,4.19939
2391,samfya,2014,4.00675
2392,samfya,2015,3.89931
2393,samfya,2016,3.95378
2394,samfya,2017,4.25002
2395,samfya,2018,3.86009
2396,samfya,2019,3.76823
2397,samfya,2020,3.9413799999999997
2398,samfya,2021,4.15317
2399,samfya,2022,3.5465087719298247
2400,senanga,1999,4.287493333333334
2401,senanga,2000,4.16528
2402,senanga,2001,4.24002
2403,senanga,2002,4.23704
2404,senanga,2003,3.9844
2405,senanga,2004,4.32594
2406,senanga,2005,4.0094
2407,senanga,2006,3.98973
2408,senanga,2007,3.93042
2409,senanga,2008,4.013380000000001
2410,senanga,2009,4.09892
2411,senanga,2010,3.88706
2412,senanga,2011,4.01707
2413,senanga,2012,4.00917
2414,senanga,2013,4.15736
2415,senanga,2014,3.99496
2416,senanga,2015,3.90233
2417,senanga,2016,4.00492
2418,senanga,2017,4.22522
2419,senanga,2018,3.8299900000000004
2420,senanga,2019,3.7856599999999996
2421,senanga,2020,3.96918
2422,senanga,2021,4.221909999999999
2423,senanga,2022,3.709036363636364
2424,sengahill,1999,4.2551266666666665
2425,sengahill,2000,4.15824
2426,sengahill,2001,4.17085
2427,sengahill,2002,4.21987
2428,sengahill,2003,4.000710000000001
2429,sengahill,2004,4.3249200000000005
2430,sengahill,2005,3.99954
2431,sengahill,2006,3.94706
2432,sengahill,2007,3.88797
2433,sengahill,2008,4.02145
2434,sengahill,2009,4.07561
2435,sengahill,2010,3.9588400000000004
2436,sengahill,2011,4.00179
2437,sengahill,2012,4.02533
2438,sengahill,2013,4.18951
2439,sengahill,2014,3.9867000000000004
2440,sengahill,2015,3.94492
2441,sengahill,2016,4.01448
2442,sengahill,2017,4.26847
2443,sengahill,2018,3.8720499999999998
2444,sengahill,2019,3.78142
2445,sengahill,2020,3.98976
2446,sengahill,2021,4.2110199999999995
2447,sengahill,2022,3.6186785714285716
2448,serenje,1999,4.247446666666667
2449,serenje,2000,4.20317
2450,serenje,2001,4.23266
2451,serenje,2002,4.26917
2452,serenje,2003,3.9586200000000002
2453,serenje,2004,4.289680000000001
2454,serenje,2005,3.97199
2455,serenje,2006,3.95236
2456,serenje,2007,3.8701999999999996
2457,serenje,2008,4.00592
2458,serenje,2009,4.10024
2459,serenje,2010,3.93052
2460,serenje,2011,4.00962
2461,serenje,2012,3.9851
2462,serenje,2013,4.18113
2463,serenje,2014,3.9920299999999997
2464,serenje,2015,3.91919
2465,serenje,2016,3.97833
2466,serenje,2017,4.27444
2467,serenje,2018,3.80989
2468,serenje,2019,3.78881
2469,serenje,2020,3.95938
2470,serenje,2021,4.185350000000001
2471,serenje,2022,3.5796315789473687
2472,sesheke,1999,4.263733333333333
2473,sesheke,2000,4.15076
2474,sesheke,2001,4.3007
2475,sesheke,2002,4.28226
2476,sesheke,2003,3.98291
2477,sesheke,2004,4.340590000000001
2478,sesheke,2005,3.96897
2479,sesheke,2006,3.9583999999999997
2480,sesheke,2007,3.89331
2481,sesheke,2008,4.03902
2482,sesheke,2009,4.1036399999999995
2483,sesheke,2010,3.89069
2484,sesheke,2011,3.95001
2485,sesheke,2012,4.02352
2486,sesheke,2013,4.15741
2487,sesheke,2014,3.98743
2488,sesheke,2015,3.92023
2489,sesheke,2016,3.9974000000000003
2490,sesheke,2017,4.197900000000001
2491,sesheke,2018,3.89823
2492,sesheke,2019,3.77369
2493,sesheke,2020,3.97831
2494,sesheke,2021,4.1931
2495,sesheke,2022,3.677563636363636
2496,shangombo,1999,4.251939999999999
2497,shangombo,2000,4.1983999999999995
2498,shangombo,2001,4.1855
2499,shangombo,2002,4.274100000000001
2500,shangombo,2003,4.00162
2501,shangombo,2004,4.32423
2502,shangombo,2005,4.006460000000001
2503,shangombo,2006,3.99383
2504,shangombo,2007,3.88373
2505,shangombo,2008,3.99454
2506,shangombo,2009,4.08159
2507,shangombo,2010,3.94394
2508,shangombo,2011,4.01593
2509,shangombo,2012,4.0
2510,shangombo,2013,4.116960000000001
2511,shangombo,2014,3.9981099999999996
2512,shangombo,2015,3.8802
2513,shangombo,2016,3.9417
2514,shangombo,2017,4.25189
2515,shangombo,2018,3.87137
2516,shangombo,2019,3.77543
2517,shangombo,2020,3.95737
2518,shangombo,2021,4.21185
2519,shangombo,2022,3.7055555555555553
2520,shibuyunji,1999,4.2337
2521,shibuyunji,2000,4.16551
2522,shibuyunji,2001,4.17176
2523,shibuyunji,2002,4.2868200000000005
2524,shibuyunji,2003,3.98065
2525,shibuyunji,2004,4.3457799999999995
2526,shibuyunji,2005,4.00496
2527,shibuyunji,2006,3.9156099999999996
2528,shibuyunji,2007,3.8695800000000005
2529,shibuyunji,2008,3.98601
2530,shibuyunji,2009,4.09096
2531,shibuyunji,2010,3.8746899999999997
2532,shibuyunji,2011,4.03118
2533,shibuyunji,2012,4.00807
2534,shibuyunji,2013,4.1634199999999995
2535,shibuyunji,2014,4.01974
2536,shibuyunji,2015,3.9081099999999998
2537,shibuyunji,2016,3.89914
2538,shibuyunji,2017,4.2335199999999995
2539,shibuyunji,2018,3.7960000000000003
2540,shibuyunji,2019,3.76054
2541,shibuyunji,2020,3.95923
2542,shibuyunji,2021,4.14591
2543,shibuyunji,2022,3.6979444444444445
2544,shiwang'andu,1999,4.28466
2545,shiwang'andu,2000,4.1983999999999995
2546,shiwang'andu,2001,4.159940000000001
2547,shiwang'andu,2002,4.2266699999999995
2548,shiwang'andu,2003,3.9027800000000004
2549,shiwang'andu,2004,4.32051
2550,shiwang'andu,2005,4.02431
2551,shiwang'andu,2006,3.98007
2552,shiwang'andu,2007,3.88253
2553,shiwang'andu,2008,3.99652
2554,shiwang'andu,2009,4.10253
2555,shiwang'andu,2010,3.9383800000000004
2556,shiwang'andu,2011,3.98453
2557,shiwang'andu,2012,3.95001
2558,shiwang'andu,2013,4.08645
2559,shiwang'andu,2014,4.00242
2560,shiwang'andu,2015,3.9579700000000004
2561,shiwang'andu,2016,3.96779
2562,shiwang'andu,2017,4.22273
2563,shiwang'andu,2018,3.8501999999999996
2564,shiwang'andu,2019,3.77724
2565,shiwang'andu,2020,3.93036
2566,shiwang'andu,2021,4.21709
2567,shiwang'andu,2022,3.8346538461538464
2568,siavonga,1999,4.23922
2569,siavonga,2000,4.1803300000000005
2570,siavonga,2001,4.18529
2571,siavonga,2002,4.2955000000000005
2572,siavonga,2003,3.98894
2573,siavonga,2004,4.36155
2574,siavonga,2005,3.9761
2575,siavonga,2006,3.94697
2576,siavonga,2007,3.89039
2577,siavonga,2008,4.04955
2578,siavonga,2009,4.02817
2579,siavonga,2010,3.9268799999999997
2580,siavonga,2011,4.01087
2581,siavonga,2012,3.98724
2582,siavonga,2013,4.12357
2583,siavonga,2014,3.98774
2584,siavonga,2015,3.92786
2585,siavonga,2016,3.9302300000000003
2586,siavonga,2017,4.220899999999999
2587,siavonga,2018,3.8359000000000005
2588,siavonga,2019,3.78001
2589,siavonga,2020,3.96137
2590,siavonga,2021,4.21199
2591,siavonga,2022,3.839115384615385
2592,sikongo,1999,4.313486666666667
2593,sikongo,2000,4.19049
2594,sikongo,2001,4.19062
2595,sikongo,2002,4.30456
2596,sikongo,2003,3.94197
2597,sikongo,2004,4.317130000000001
2598,sikongo,2005,4.04086
2599,sikongo,2006,3.98538
2600,sikongo,2007,3.90312
2601,sikongo,2008,3.99596
2602,sikongo,2009,4.113980000000001
2603,sikongo,2010,3.93409
2604,sikongo,2011,3.94932
2605,sikongo,2012,4.00046
2606,sikongo,2013,4.15145
2607,sikongo,2014,3.9999399999999996
2608,sikongo,2015,3.82882
2609,sikongo,2016,3.9889300000000003
2610,sikongo,2017,4.25309
2611,sikongo,2018,3.86444
2612,sikongo,2019,3.76375
2613,sikongo,2020,3.95275
2614,sikongo,2021,4.21725
2615,sikongo,2022,3.923627450980392
2616,sinazongwe,1999,4.286213333333333
2617,sinazongwe,2000,4.17728
2618,sinazongwe,2001,4.18544
2619,sinazongwe,2002,4.28528
2620,sinazongwe,2003,3.9849400000000004
2621,sinazongwe,2004,4.3595
2622,sinazongwe,2005,3.96901
2623,sinazongwe,2006,3.93193
2624,sinazongwe,2007,3.87796
2625,sinazongwe,2008,3.9820100000000003
2626,sinazongwe,2009,4.10954
2627,sinazongwe,2010,3.9131299999999998
2628,sinazongwe,2011,3.98956
2629,sinazongwe,2012,4.0180299999999995
2630,sinazongwe,2013,4.18019
2631,sinazongwe,2014,3.9908699999999997
2632,sinazongwe,2015,3.9029399999999996
2633,sinazongwe,2016,3.94012
2634,sinazongwe,2017,4.23145
2635,sinazongwe,2018,3.87541
2636,sinazongwe,2019,3.7836200000000004
2637,sinazongwe,2020,3.94169
2638,sinazongwe,2021,4.11125
2639,sinazongwe,2022,3.8188461538461542
2640,sinda,1999,4.264233333333333
2641,sinda,2000,4.15916
2642,sinda,2001,4.18852
2643,sinda,2002,4.19222
2644,sinda,2003,3.98914
2645,sinda,2004,4.27304
2646,sinda,2005,3.9732499999999997
2647,sinda,2006,3.8882999999999996
2648,sinda,2007,3.8793400000000005
2649,sinda,2008,4.02347
2650,sinda,2009,4.066190000000001
2651,sinda,2010,3.9161599999999996
2652,sinda,2011,3.9761
2653,sinda,2012,3.98471
2654,sinda,2013,4.19586
2655,sinda,2014,3.99201
2656,sinda,2015,3.89422
2657,sinda,2016,3.96293
2658,sinda,2017,4.2526
2659,sinda,2018,3.87238
2660,sinda,2019,3.71611
2661,sinda,2020,3.9732299999999996
2662,sinda,2021,4.18419
2663,sinda,2022,3.619581818181818
2664,sioma,1999,4.262973333333334
2665,sioma,2000,4.189699999999999
2666,sioma,2001,4.29883
2667,sioma,2002,4.23006
2668,sioma,2003,3.91509
2669,sioma,2004,4.38417
2670,sioma,2005,4.00535
2671,sioma,2006,3.94673
2672,sioma,2007,3.9107600000000002
2673,sioma,2008,4.02785
2674,sioma,2009,4.08267
2675,sioma,2010,3.93636
2676,sioma,2011,3.98657
2677,sioma,2012,3.99494
2678,sioma,2013,4.12112
2679,sioma,2014,4.00553
2680,sioma,2015,3.93239
2681,sioma,2016,4.00437
2682,sioma,2017,4.30046
2683,sioma,2018,3.90087
2684,sioma,2019,3.76878
2685,sioma,2020,3.9543
2686,sioma,2021,4.20141
2687,sioma,2022,3.620890909090909
2688,solwezi,1999,4.2528733333333335
2689,solwezi,2000,4.16897
2690,solwezi,2001,4.12605
2691,solwezi,2002,4.152699999999999
2692,solwezi,2003,3.9101100000000004
2693,solwezi,2004,4.30273
2694,solwezi,2005,4.0098899999999995
2695,solwezi,2006,3.88527
2696,solwezi,2007,3.91235
2697,solwezi,2008,4.02133
2698,solwezi,2009,4.06249
2699,solwezi,2010,3.90716
2700,solwezi,2011,3.94898
2701,solwezi,2012,3.99198
2702,solwezi,2013,4.17288
2703,solwezi,2014,4.00997
2704,solwezi,2015,3.90471
2705,solwezi,2016,3.9199599999999997
2706,solwezi,2017,4.24788
2707,solwezi,2018,3.80144
2708,solwezi,2019,3.75793
2709,solwezi,2020,3.98154
2710,solwezi,2021,4.25276
2711,solwezi,2022,3.8628823529411767
2712,vubwi,1999,4.214646666666667
2713,vubwi,2000,4.14098
2714,vubwi,2001,4.17844
2715,vubwi,2002,4.2528500000000005
2716,vubwi,2003,4.0382
2717,vubwi,2004,4.28345
2718,vubwi,2005,4.02705
2719,vubwi,2006,4.1291
2720,vubwi,2007,4.04486
2721,vubwi,2008,4.1342
2722,vubwi,2009,4.13669
2723,vubwi,2010,4.07234
2724,vubwi,2011,4.03598
2725,vubwi,2012,4.1737
2726,vubwi,2013,4.24142
2727,vubwi,2014,4.10119
2728,vubwi,2015,3.88717
2729,vubwi,2016,3.98058
2730,vubwi,2017,4.28467
2731,vubwi,2018,3.8851999999999998
2732,vubwi,2019,3.7148000000000003
2733,vubwi,2020,3.92238
2734,vubwi,2021,4.11815
2735,vubwi,2022,4.0143200000000006
2736,zambezi,1999,4.2569333333333335
2737,zambezi,2000,4.17022
2738,zambezi,2001,4.22801
2739,zambezi,2002,4.2164600000000005
2740,zambezi,2003,3.9560500000000003
2741,zambezi,2004,4.30558
2742,zambezi,2005,3.9473399999999996
2743,zambezi,2006,3.94685
2744,zambezi,2007,3.8797800000000002
2745,zambezi,2008,4.06471
2746,zambezi,2009,4.08589
2747,zambezi,2010,3.9209500000000004
2748,zambezi,2011,4.02862
2749,zambezi,2012,3.97827
2750,zambezi,2013,4.12726
2751,zambezi,2014,4.01596
2752,zambezi,2015,3.92299
2753,zambezi,2016,3.99095
2754,zambezi,2017,4.279
2755,zambezi,2018,3.8691000000000004
2756,zambezi,2019,3.74676
2757,zambezi,2020,3.94387
2758,zambezi,2021,4.18628
2759,zambezi,2022,3.6801481481481484
2760,zimba,1999,4.265373333333334
2761,zimba,2000,4.19195
2762,zimba,2001,4.22902
2763,zimba,2002,4.28847
2764,zimba,2003,3.98053
2765,zimba,2004,4.3131
2766,zimba,2005,3.9765499999999996
2767,zimba,2006,3.98319
2768,zimba,2007,3.9053199999999997
2769,zimba,2008,4.03628
2770,zimba,2009,4.07477
2771,zimba,2010,3.8955
2772,zimba,2011,4.002079999999999
2773,zimba,2012,4.01975
2774,zimba,2013,4.19098
2775,zimba,2014,3.97518
2776,zimba,2015,3.95943
2777,zimba,2016,4.027950000000001
2778,zimba,2017,4.24838
2779,zimba,2018,3.80788
2780,zimba,2019,3.7428500000000002
2781,zimba,2020,3.99101
2782,zimba,2021,4.16769
2783,zimba,2022,3.96254
