district,season,area_planted,production(mt),year
Chadiza,2000-2001,15141.5,13259.61,2000
Chama,2000-2001,6276,8590.05,2000
Chavuma,2000-2001,488,503.1,2000
Chibombo,2000-2001,32706.62208,61975.45853,2000
Chienge,2000-2001,1818,2334.33,2000
Chililabombwe,2000-2001,1217,1275.39,2000
Chilubi,2000-2001,247,170.64,2000
Chingola,2000-2001,1344.285714,3526.817143,2000
Chinsali,2000-2001,2105,1968.57,2000
Chipata,2000-2001,39543.5,42622.56,2000
Choma,2000-2001,23102.83333,48716.7,2000
Chongwe,2000-2001,17471.25,32623.2225,2000
Gwembe,2000-2001,2365,3273.57,2000
Isoka,2000-2001,5206,4267.89,2000
Itezhi-tezhi,2000-2001,2404,2646,2000
Kabompo,2000-2001,3027,3246.48,2000
Kabwe Urban,2000-2001,4131.862188,12343.56188,2000
Kafue,2000-2001,9330.045455,25006.39364,2000
Kalabo,2000-2001,5760,1764.63,2000
Kalomo,2000-2001,22040.88966,33333.37759,2000
Kalulushi,2000-2001,2064,2287.71,2000
Kaoma,2000-2001,8103.321429,6047.132143,2000
Kapiri Mposhi,2000-2001,11290.40089,12506.67321,2000
Kaputa,2000-2001,4860,5316.75,2000
Kasama,2000-2001,2349.8,2802.645,2000
Kasempa,2000-2001,3964,3837.15,2000
Katete,2000-2001,35896,38185.29,2000
Kawambwa,2000-2001,2413,2960.1,2000
Kazungula,2000-2001,8403,2029.23,2000
Kitwe,2000-2001,887.4,1697.13,2000
Livingstone,2000-2001,1213,1092.949412,2000
Luangwa,2000-2001,1681,497.79,2000
Luanshya,2000-2001,2250,3551.94,2000
Lufwanyama,2000-2001,5893,5963.67,2000
Lukulu,2000-2001,4889,2591.01,2000
Lundazi,2000-2001,26359,29532.33,2000
Luwingu,2000-2001,1056,1282.41,2000
Mambwe,2000-2001,7400,7742.7,2000
Mansa,2000-2001,1245.16,2366.79,2000
Masaiti,2000-2001,7972.025,6485.58,2000
Mazabuka,2000-2001,24365,52373.43,2000
Mbala,2000-2001,10698.21875,12345.12,2000
Milenge,2000-2001,1073,1620.54,2000
Mkushi,2000-2001,13927.34127,40140.57857,2000
Mongu,2000-2001,8156,2913.39,2000
Monze,2000-2001,26672,38873.07,2000
Mpika,2000-2001,7798.4,6811.08,2000
Mpongwe,2000-2001,10956,42221.25,2000
Mporokoso,2000-2001,2287,2479.5,2000
Mpulungu,2000-2001,1696,959.85,2000
Mufumbwe,2000-2001,1094,929.7,2000
Mufurila,2000-2001,608,772.11,2000
Mumbwa,2000-2001,17642,23782.59,2000
Mungwi,2000-2001,1687,2632.05,2000
Mwense,2000-2001,2190,2196.9,2000
Mwinilunga,2000-2001,1829,2627.04,2000
Nakonde,2000-2001,1543,2459.97,2000
Namwala,2000-2001,12515,19964.97,2000
Nchelenge,2000-2001,3423,2101.77,2000
Ndola,2000-2001,81,298.08,2000
Nyimba,2000-2001,10458,10770.3,2000
Petauke,2000-2001,37614,45614.43,2000
Samfya,2000-2001,706.75,1417.23,2000
Senanga,2000-2001,7549,4475.07,2000
Serenje,2000-2001,9796,11523.24,2000
Sesheke,2000-2001,9071,3986.64,2000
Shang'ombo,2000-2001,5674,6342.48,2000
Siavonga,2000-2001,3233,3212.28,2000
Sinazongwe,2000-2001,5526,5765.85,2000
Solwezi,2000-2001,6334,6544.89,2000
Zambezi,2000-2001,1738,1507.95,2000
Chibombo,2001-2002,28018,45981,2001
Kabwe Urban,2001-2002,7520,9444,2001
Kapiri Mposhi,2001-2002,9670,16813,2001
Mkushi,2001-2002,14014,28909,2001
Mumbwa,2001-2002,18189,23155,2001
Serenje,2001-2002,5636,6353,2001
Chililabombwe,2001-2002,778,707,2001
Chingola,2001-2002,880,1355,2001
Kalulushi,2001-2002,1648,2931,2001
Kitwe,2001-2002,758,1261,2001
Luanshya,2001-2002,1311,1718,2001
Lufwanyama,2001-2002,7571,7415,2001
Masaiti,2001-2002,6081,4984,2001
Mpongwe,2001-2002,16421,43092,2001
Mufulira,2001-2002,817,538,2001
Ndola Urban,2001-2002,145,298,2001
Chadiza,2001-2002,12894,15162,2001
Chama,2001-2002,6174,6555,2001
Chipata,2001-2002,37645,46104,2001
Katete,2001-2002,30223,35837,2001
Lundazi,2001-2002,27241,31374,2001
Mambwe,2001-2002,6041,7484,2001
Nyimba,2001-2002,10684,8005,2001
Petauke,2001-2002,39399,51863,2001
Chienge,2001-2002,1079,1656,2001
Kawambwa,2001-2002,2357,3944,2001
Mansa,2001-2002,499,998,2001
Milenge,2001-2002,841,1446,2001
Mwense,2001-2002,841,1203,2001
Nchelenge,2001-2002,3545,4762,2001
Samfya,2001-2002,890,1706,2001
Chongwe,2001-2002,14383,28957,2001
Kafue,2001-2002,9735,19261,2001
Luangwa,2001-2002,1511,136,2001
Chilubi,2001-2002,193,120,2001
Chinsali,2001-2002,1804,1621,2001
Isoka,2001-2002,5923,6213,2001
Kaputa,2001-2002,1662,2066,2001
Kasama,2001-2002,2018,2009,2001
Luwingu,2001-2002,1145,1048,2001
Mbala,2001-2002,8172,8668,2001
Mpika,2001-2002,3483,6094,2001
Mporokoso,2001-2002,2341,2694,2001
Mpulungu,2001-2002,958,1591,2001
Mungwi,2001-2002,1779,2656,2001
Nakonde,2001-2002,1917,3243,2001
Chavuma,2001-2002,307,202,2001
Kabompo,2001-2002,2915,3251,2001
Kasempa,2001-2002,3413,3705,2001
Mufumbwe,2001-2002,1132,1406,2001
Mwinilunga,2001-2002,2202,2750,2001
Solwezi,2001-2002,6301,6544,2001
Zambezi,2001-2002,1918,1700,2001
Choma,2001-2002,27426,17543,2001
Gwembe,2001-2002,2515,88,2001
Itezhi-tezhi,2001-2002,2543,980,2001
Kalomo,2001-2002,31656,13410,2001
Kazungula,2001-2002,7409,560,2001
Livingstone,2001-2002,1214,11,2001
Mazabuka,2001-2002,19679,12221,2001
Monze,2001-2002,27955,9807,2001
Namwala,2001-2002,16945,7596,2001
Siavonga,2001-2002,5997,228,2001
Sinazongwe,2001-2002,5383,646,2001
Kalabo,2001-2002,4326,2230,2001
Kaoma,2001-2002,7547,4487,2001
Lukulu,2001-2002,4351,3038,2001
Mongu,2001-2002,7942,2395,2001
Senanga,2001-2002,12882,3783,2001
Sesheke,2001-2002,6158,1432,2001
Shangombo,2001-2002,8733,2159,2001
Chibombo,2002-2003,38325.24,113831.98,2002
Kabwe,2002-2004,3354,10771.05,2002
Kabwe Urban,2002-2005,270.56,204.47,2002
Kapiri Mposhi,2002-2006,23701,52687.66,2002
Mkushi,2002-2007,32101.91,121315.55,2002
Mumbwa,2002-2008,21985.36,29860.06,2002
Serenje,2002-2009,9524,14185.51,2002
Chililabombwe,2002-2010,1845.93,3411.41,2002
Chingola,2002-2011,5454.13,17468.88,2002
Kalulushi,2002-2012,2498.28,3491.08,2002
Kitwe,2002-2013,4003.47,14273.14,2002
Luanshya,2002-2014,3091.25,3103.13,2002
Lufwanyama,2002-2015,12156.61,18255.28,2002
Masaiti,2002-2016,10681,16061.79,2002
Mpongwe,2002-2017,20941.23,65368.59,2002
Mufulira,2002-2018,1240,2081.38,2002
Ndola,2002-2019,210,943.75,2002
Chadiza,2002-2020,13467.76,21685.48,2002
Chama,2002-2021,4738.35,3438.21,2002
Chipata,2002-2022,41495.03,52317.99,2002
Katete,2002-2023,35453.69,31042.71,2002
Lundazi,2002-2024,31278,31630.1,2002
Mambwe,2002-2025,8875.29,10454.89,2002
Nyimba,2002-2026,12989.62,11918.07,2002
Petauke,2002-2027,38491.11,39033.3,2002
Chienge,2002-2028,1430.63,1294.45,2002
Kawambwa,2002-2029,1449.35,2233.52,2002
Mansa,2002-2030,1731.21,2824.95,2002
Milenge,2002-2031,548.24,1035.99,2002
Mwense,2002-2032,914.11,1033.91,2002
Nchelenge,2002-2033,1841.56,2216.28,2002
Samfya,2002-2034,2348.65,4220.69,2002
Chongwe,2002-2035,27029.93,94015.16,2002
Kafue,2002-2036,16649.25,52623.38,2002
Luangwa,2002-2037,671.64,524.17,2002
Lusaka,2002-2038,6167,30702.2,2002
Chilubi,2002-2039,963.56,1496.86,2002
Chinsali,2002-2040,1895.54,2392.26,2002
Isoka,2002-2041,8523.42,10897.15,2002
Kaputa,2002-2042,3048,3979.1,2002
Kasama,2002-2043,3645.72,8536.57,2002
Luwingu,2002-2044,1180,1795.21,2002
Mbala,2002-2045,12228.73,19086.27,2002
Mpika,2002-2046,5368.38,9354.65,2002
Mporokoso,2002-2047,4430.98,6954.32,2002
Mpulungu,2002-2048,1449.96,1666.01,2002
Mungwi,2002-2049,4012.53,8179.24,2002
Nakonde,2002-2050,4112,5543.72,2002
Chavuma,2002-2051,524.73,542.63,2002
Kabompo,2002-2052,2378.67,3260.28,2002
Kasempa,2002-2053,3307.71,5802.48,2002
Mufumbwe,2002-2054,1973.17,3204.49,2002
Mwinilunga,2002-2055,2645.44,3142.37,2002
Solwezi,2002-2056,9695,15484,2002
Zambezi,2002-2057,2210.93,1677.98,2002
Choma,2002-2058,25749.38,24597.2,2002
Gwembe,2002-2059,3107.16,1595.98,2002
Itezhi-tezhi,2002-2060,2402.91,1643.82,2002
Kalomo,2002-2061,33797.71,23788.47,2002
Kazungula,2002-2062,5495.75,3882.82,2002
Livingstone,2002-2063,1154.44,1368.52,2002
Mazabuka,2002-2064,18885.44,29643.72,2002
Monze,2002-2065,20340.84,16794.27,2002
Namwala,2002-2066,19763.01,20444.63,2002
Siavonga,2002-2067,3457.25,2504.54,2002
Sinazongwe,2002-2068,5313.61,1013.28,2002
Kalabo,2002-2069,6035,3678.15,2002
Kaoma,2002-2070,10261,9170.21,2002
Lukulu,2002-2071,3488.35,2725.14,2002
Mongu,2002-2072,8792.07,9714.66,2002
Senanga,2002-2073,7077.49,4668.42,2002
Sesheke,2002-2074,6671,2674.19,2002
Shangombo,2002-2075,4934.42,3396.97,2002
Chibombo,2003-2004,40285,29435.04,2003
Chibombo,2003-2004,2532,13571.45,2003
Kabwe Urban,2003-2004,5213,17543.81,2003
Kapiri mposhi,2003-2004,19995,13711.47,2003
Kapiri mposhi,2003-2004,4204,13674.49,2003
Mkushi,2003-2004,10576,6233.76,2003
Mkushi,2003-2004,16769,83074.74,2003
Mumbwa,2003-2004,18731,13674.01,2003
Mumbwa,2003-2004,871,1797.57,2003
Serenje,2003-2004,10955,11513.45,2003
Chililabombwe,2003-2004,3102,4776.96,2003
Chililabombwe,2003-2004,16,17.1,2003
Chingola,2003-2004,2122,1081.04,2003
Chingola,2003-2004,2103,9708.89,2003
Kalulushi,2003-2004,1613,1524.24,2003
Kalulushi,2003-2004,188,770.35,2003
Kitwe,2003-2004,1727,1743.99,2003
Kitwe,2003-2004,60,453.86,2003
Luanshya,2003-2004,7688,6741.56,2003
Luanshya,2003-2004,20,68.4,2003
Lufwanyama,2003-2004,8064,6271.84,2003
Masaiti,2003-2004,9919,8094.12,2003
Masaiti,2003-2004,988,2765.93,2003
Mpongwe,2003-2004,11497,14224.89,2003
Mpongwe,2003-2004,7644,51761.8,2003
Mufulira,2003-2004,2872,1534.44,2003
Mufulira,2003-2004,105,307.8,2003
Ndola,2003-2004,167,510.2,2003
Ndola Urban,2003-2004,4704,6379.9,2003
Chadiza,2003-2004,23543,19466.42,2003
Chadiza,2003-2004,21,80.94,2003
Chama,2003-2004,6261,5440.33,2003
Chipata,2003-2004,49742,49117.86,2003
Chipata,2003-2004,189,301.23,2003
Katete,2003-2004,32086,19268.49,2003
Katete,2003-2004,872,2279.89,2003
Lundazi,2003-2004,29502,31415.19,2003
Lundazi,2003-2004,231,902.73,2003
Mambwe,2003-2004,6529,2566.72,2003
Mambwe,2003-2004,12,5.7,2003
Nyimba,2003-2004,13435,9050.47,2003
Nyimba,2003-2004,111,275.65,2003
Petauke,2003-2004,39766,28861.06,2003
Petauke,2003-2004,75,281.92,2003
Chienge,2003-2004,2460,4936.25,2003
Chienge,2003-2004,16,53.86,2003
Kawambwa,2003-2004,4832,5283.44,2003
Kawambwa,2003-2004,29,45.37,2003
Mansa,2003-2004,5669,6932.5,2003
Mansa,2003-2004,225,656.97,2003
Milenge,2003-2004,1143,1562.86,2003
Mwense,2003-2004,4379,4486.37,2003
Mwense,2003-2004,166,745.79,2003
Nchelenge,2003-2004,2243,3923.57,2003
Nchelenge,2003-2004,28,68,2003
Samfya,2003-2004,1996,3127.49,2003
Samfya,2003-2004,65,60.48,2003
Chongwe,2003-2004,12423,5863,2003
Chongwe,2003-2004,4058,10730.74,2003
Kafue,2003-2004,8716,4528.22,2003
Kafue,2003-2004,1536,7355.91,2003
Luangwa,2003-2004,1589,553.9,2003
Lusaka,2003-2004,372,225.17,2003
Lusaka,2003-2004,628,3804.18,2003
Chilubi,2003-2004,379,809.15,2003
Chinsali,2003-2004,10271,12713.39,2003
Chinsali,2003-2004,68,200.07,2003
Isoka,2003-2004,8632,11958.18,2003
Isoka,2003-2004,92,206.34,2003
Kaputa,2003-2004,3218,4493.44,2003
Kasama,2003-2004,8493,14516.46,2003
Kasama,2003-2004,244,584.63,2003
Luwingu,2003-2004,9306,11551.73,2003
Luwingu,2003-2004,46,104.99,2003
Mbala,2003-2004,25411,26340.54,2003
Mbala,2003-2004,60,105.6,2003
Mpika,2003-2004,7105,9037.56,2003
Mpika,2003-2004,120,396.72,2003
Mporokoso,2003-2004,4627,4418.67,2003
Mporokoso,2003-2004,55,181.6,2003
Mpulungu,2003-2004,1635,3066.21,2003
Mungwi,2003-2004,10421,12069.67,2003
Mungwi,2003-2004,2,5.13,2003
Nakonde,2003-2004,2494,5231.66,2003
Nakonde,2003-2004,10,25.37,2003
Chavuma,2003-2004,1148,978.37,2003
Kabompo,2003-2004,6335,6076.46,2003
Kasempa,2003-2004,2893,3150.33,2003
Mufumbwe,2003-2004,4225,4891.16,2003
Mwinilunga,2003-2004,4505,8836.79,2003
Mwinilunga,2003-2004,10,17.1,2003
Solwezi,2003-2004,14052,14293.21,2003
Solwezi,2003-2004,70,122.66,2003
Zambezi,2003-2004,1738,2448,2003
Choma,2003-2004,37113,26423.64,2003
Choma,2003-2004,510,1573.25,2003
Gwembe,2003-2004,1873,729.89,2003
Itezhi_tezhi,2003-2004,6962,2840.44,2003
Kalomo,2003-2004,45219,25241.06,2003
Kalomo,2003-2004,1056,1755.21,2003
Kazungula,2003-2004,7643,3865.96,2003
Kazungula,2003-2004,87,73.76,2003
Livingstone,2003-2004,397,102.44,2003
Livingstone,2003-2004,60,35.7,2003
Mazabuka,2003-2004,22056,12478.29,2003
Mazabuka,2003-2004,5273,22691.34,2003
Monze,2003-2004,16146,12102.08,2003
Monze,2003-2004,2167,2478.17,2003
Namwala,2003-2004,16362,7452.28,2003
Siavonga,2003-2004,2855,353.54,2003
Sinazongwe,2003-2004,6967,320.58,2003
Kalabo,2003-2004,12506,2490.64,2003
Kaoma,2003-2004,15011,12860.32,2003
Kaoma,2003-2004,315,567.95,2003
Lukulu,2003-2004,5281,3979.08,2003
Mongu,2003-2004,11909,4598.1,2003
Mongu,2003-2004,2,2.74,2003
Senanga,2003-2004,11893,1478.44,2003
Sesheke,2003-2004,16976,2297.5,2003
Shangombo,2003-2004,11005,1337.19,2003
Chibombo,2004-2005,40285,29435.04,2004
Chibombo,2004-2005,2532,13571.45,2004
Kabwe Urban,2004-2005,5213,17543.81,2004
Kapiri mposhi,2004-2005,19995,13711.47,2004
Kapiri mposhi,2004-2005,4204,13674.49,2004
Mkushi,2004-2005,10576,6233.76,2004
Mkushi,2004-2005,16769,83074.74,2004
Mumbwa,2004-2005,18731,13674.01,2004
Mumbwa,2004-2005,871,1797.57,2004
Serenje,2004-2005,10955,11513.45,2004
Chililabombwe,2004-2005,3102,4776.96,2004
Chililabombwe,2004-2005,16,17.1,2004
Chingola,2004-2005,2122,1081.04,2004
Chingola,2004-2005,2103,9708.89,2004
Kalulushi,2004-2005,1613,1524.24,2004
Kalulushi,2004-2005,188,770.35,2004
Kitwe,2004-2005,1727,1743.99,2004
Kitwe,2004-2005,60,453.86,2004
Luanshya,2004-2005,7688,6741.56,2004
Luanshya,2004-2005,20,68.4,2004
Lufwanyama,2004-2005,8064,6271.84,2004
Masaiti,2004-2005,9919,8094.12,2004
Masaiti,2004-2005,988,2765.93,2004
Mpongwe,2004-2005,11497,14224.89,2004
Mpongwe,2004-2005,7644,51761.8,2004
Mufulira,2004-2005,2872,1534.44,2004
Mufulira,2004-2005,105,307.8,2004
Ndola,2004-2005,167,510.2,2004
Ndola Urban,2004-2005,4704,6379.9,2004
Chadiza,2004-2005,23543,19466.42,2004
Chadiza,2004-2005,21,80.94,2004
Chama,2004-2005,6261,5440.33,2004
Chipata,2004-2005,49742,49117.86,2004
Chipata,2004-2005,189,301.23,2004
Katete,2004-2005,32086,19268.49,2004
Katete,2004-2005,872,2279.89,2004
Lundazi,2004-2005,29502,31415.19,2004
Lundazi,2004-2005,231,902.73,2004
Mambwe,2004-2005,6529,2566.72,2004
Mambwe,2004-2005,12,5.7,2004
Nyimba,2004-2005,13435,9050.47,2004
Nyimba,2004-2005,111,275.65,2004
Petauke,2004-2005,39766,28861.06,2004
Petauke,2004-2005,75,281.92,2004
Chienge,2004-2005,2460,4936.25,2004
Chienge,2004-2005,16,53.86,2004
Kawambwa,2004-2005,4832,5283.44,2004
Kawambwa,2004-2005,29,45.37,2004
Mansa,2004-2005,5669,6932.5,2004
Mansa,2004-2005,225,656.97,2004
Milenge,2004-2005,1143,1562.86,2004
Mwense,2004-2005,4379,4486.37,2004
Mwense,2004-2005,166,745.79,2004
Nchelenge,2004-2005,2243,3923.57,2004
Nchelenge,2004-2005,28,68,2004
Samfya,2004-2005,1996,3127.49,2004
Samfya,2004-2005,65,60.48,2004
Chongwe,2004-2005,12423,5863,2004
Chongwe,2004-2005,4058,10730.74,2004
Kafue,2004-2005,8716,4528.22,2004
Kafue,2004-2005,1536,7355.91,2004
Luangwa,2004-2005,1589,553.9,2004
Lusaka,2004-2005,372,225.17,2004
Lusaka,2004-2005,628,3804.18,2004
Chilubi,2004-2005,379,809.15,2004
Chinsali,2004-2005,10271,12713.39,2004
Chinsali,2004-2005,68,200.07,2004
Isoka,2004-2005,8632,11958.18,2004
Isoka,2004-2005,92,206.34,2004
Kaputa,2004-2005,3218,4493.44,2004
Kasama,2004-2005,8493,14516.46,2004
Kasama,2004-2005,244,584.63,2004
Luwingu,2004-2005,9306,11551.73,2004
Luwingu,2004-2005,46,104.99,2004
Mbala,2004-2005,25411,26340.54,2004
Mbala,2004-2005,60,105.6,2004
Mpika,2004-2005,7105,9037.56,2004
Mpika,2004-2005,120,396.72,2004
Mporokoso,2004-2005,4627,4418.67,2004
Mporokoso,2004-2005,55,181.6,2004
Mpulungu,2004-2005,1635,3066.21,2004
Mungwi,2004-2005,10421,12069.67,2004
Mungwi,2004-2005,2,5.13,2004
Nakonde,2004-2005,2494,5231.66,2004
Nakonde,2004-2005,10,25.37,2004
Chavuma,2004-2005,1148,978.37,2004
Kabompo,2004-2005,6335,6076.46,2004
Kasempa,2004-2005,2893,3150.33,2004
Mufumbwe,2004-2005,4225,4891.16,2004
Mwinilunga,2004-2005,4505,8836.79,2004
Mwinilunga,2004-2005,10,17.1,2004
Solwezi,2004-2005,14052,14293.21,2004
Solwezi,2004-2005,70,122.66,2004
Zambezi,2004-2005,1738,2448,2004
Choma,2004-2005,37113,26423.64,2004
Choma,2004-2005,510,1573.25,2004
Gwembe,2004-2005,1873,729.89,2004
Itezhi_tezhi,2004-2005,6962,2840.44,2004
Kalomo,2004-2005,45219,25241.06,2004
Kalomo,2004-2005,1056,1755.21,2004
Kazungula,2004-2005,7643,3865.96,2004
Kazungula,2004-2005,87,73.76,2004
Livingstone,2004-2005,397,102.44,2004
Livingstone,2004-2005,60,35.7,2004
Mazabuka,2004-2005,22056,12478.29,2004
Mazabuka,2004-2005,5273,22691.34,2004
Monze,2004-2005,16146,12102.08,2004
Monze,2004-2005,2167,2478.17,2004
Namwala,2004-2005,16362,7452.28,2004
Siavonga,2004-2005,2855,353.54,2004
Sinazongwe,2004-2005,6967,320.58,2004
Kalabo,2004-2005,12506,2490.64,2004
Kaoma,2004-2005,15011,12860.32,2004
Kaoma,2004-2005,315,567.95,2004
Lukulu,2004-2005,5281,3979.08,2004
Mongu,2004-2005,11909,4598.1,2004
Mongu,2004-2005,2,2.74,2004
Senanga,2004-2005,11893,1478.44,2004
Sesheke,2004-2005,16976,2297.5,2004
Shangombo,2004-2005,11005,1337.19,2004
Chibombo,2005-2006,42031,74932,2005
Chibombo,2005-2006,2940,15493,2005
Chibombo,2005-2006,44971,90424,2005
Kabwe,2005-2006,1060,1329,2005
Kabwe,2005-2006,1214,4192,2005
Kabwe,2005-2006,2274,5521,2005
Kapiri Mposhi,2005-2006,34853,67704,2005
Kapiri Mposhi,2005-2006,1631,6460,2005
Kapiri Mposhi,2005-2006,36483,74163,2005
Mkushi,2005-2006,9634,15697,2005
Mkushi,2005-2006,25426,180084,2005
Mkushi,2005-2006,35060,195781,2005
Mumbwa,2005-2006,18008,27177,2005
Mumbwa,2005-2006,18008,27177,2005
Serenje,2005-2006,11119,23769,2005
Serenje,2005-2006,11119,23769,2005
Chililabombwe,2005-2006,2746,5909,2005
Chililabombwe,2005-2006,2746,5909,2005
Chingola,2005-2006,3341,7539,2005
Chingola,2005-2006,55,239,2005
Chingola,2005-2006,3396,7778,2005
Kalulushi,2005-2006,1585,5366,2005
Kalulushi,2005-2006,262,1091,2005
Kalulushi,2005-2006,1847,6457,2005
Kitwe,2005-2006,2419,3476,2005
Kitwe,2005-2006,27,108,2005
Kitwe,2005-2006,2446,3584,2005
Luanshya,2005-2006,11359,17875,2005
Luanshya,2005-2006,86,239,2005
Luanshya,2005-2006,11445,18114,2005
Lufwanyama,2005-2006,8545,17110,2005
Lufwanyama,2005-2006,8545,17110,2005
Masaiti,2005-2006,12147,16967,2005
Masaiti,2005-2006,272,1287,2005
Masaiti,2005-2006,12418,18253,2005
Mpongwe,2005-2006,10597,14959,2005
Mpongwe,2005-2006,7151,48735,2005
Mpongwe,2005-2006,17748,63694,2005
Mufulira,2005-2006,4134,8821,2005
Mufulira,2005-2006,4134,8821,2005
Ndola,2005-2006,6167,14975,2005
Ndola,2005-2006,155,633,2005
Ndola,2005-2006,6322,15608,2005
Chadiza,2005-2006,20257,26274,2005
Chadiza,2005-2006,26,175,2005
Chadiza,2005-2006,20283,26449,2005
Chama,2005-2006,5384,6584,2005
Chama,2005-2006,5384,6584,2005
Chipata,2005-2006,47487,71382,2005
Chipata,2005-2006,229,812,2005
Chipata,2005-2006,47716,72195,2005
Katete,2005-2006,28107,45448,2005
Katete,2005-2006,970,2114,2005
Katete,2005-2006,29076,47562,2005
Lundazi,2005-2006,33453,46493,2005
Lundazi,2005-2006,194,658,2005
Lundazi,2005-2006,33647,47150,2005
Mambwe,2005-2006,5386,4985,2005
Mambwe,2005-2006,7,12,2005
Mambwe,2005-2006,5393,4997,2005
Nyimba,2005-2006,17048,21964,2005
Nyimba,2005-2006,110,458,2005
Nyimba,2005-2006,17158,22422,2005
Petauke,2005-2006,47864,57920,2005
Petauke,2005-2006,50,239,2005
Petauke,2005-2006,47914,58160,2005
Chienge,2005-2006,2507,3345,2005
Chienge,2005-2006,15,30,2005
Chienge,2005-2006,2522,3375,2005
Kawambwa,2005-2006,4237,7565,2005
Kawambwa,2005-2006,25,81,2005
Kawambwa,2005-2006,4261,7646,2005
Mansa,2005-2006,1877,3621,2005
Mansa,2005-2006,110,407,2005
Mansa,2005-2006,1987,4028,2005
Milenge,2005-2006,1966,6126,2005
Milenge,2005-2006,1966,6126,2005
Mwense,2005-2006,1264,2169,2005
Mwense,2005-2006,17,57,2005
Mwense,2005-2006,1280,2226,2005
Nchelenge,2005-2006,4944,7247,2005
Nchelenge,2005-2006,15,53,2005
Nchelenge,2005-2006,4959,7300,2005
Samfya,2005-2006,2174,6783,2005
Samfya,2005-2006,56,289,2005
Samfya,2005-2006,2230,7072,2005
Chongwe,2005-2006,13248,23950,2005
Chongwe,2005-2006,1583,7754,2005
Chongwe,2005-2006,14831,31704,2005
Kafue,2005-2006,7907,11502,2005
Kafue,2005-2006,2647,15973,2005
Kafue,2005-2006,10554,27475,2005
Luangwa,2005-2006,923,1082,2005
Luangwa,2005-2006,923,1082,2005
Lusaka urban,2005-2006,479,920,2005
Lusaka urban,2005-2006,479,920,2005
Chavuma,2005-2006,804,885,2005
Chavuma,2005-2006,804,885,2005
Kabompo,2005-2006,8751,14916,2005
Kabompo,2005-2006,8751,14916,2005
Kasempa,2005-2006,3912,8358,2005
Kasempa,2005-2006,3912,8358,2005
Mufumbwe,2005-2006,5916,10868,2005
Mufumbwe,2005-2006,5916,10868,2005
Mwinilunga,2005-2006,5547,13989,2005
Mwinilunga,2005-2006,5547,13989,2005
Solwezi,2005-2006,14785,20414,2005
Solwezi,2005-2006,14785,20414,2005
Zambezi,2005-2006,2799,2541,2005
Zambezi,2005-2006,2799,2541,2005
Chilubi,2005-2006,560,1347,2005
Chilubi,2005-2006,560,1347,2005
Chinsali,2005-2006,4150,8316,2005
Chinsali,2005-2006,19,69,2005
Chinsali,2005-2006,4169,8385,2005
Isoka,2005-2006,8345,14029,2005
Isoka,2005-2006,11,35,2005
Isoka,2005-2006,8356,14064,2005
Kaputa,2005-2006,4524,4665,2005
Kaputa,2005-2006,4524,4665,2005
Kasama,2005-2006,4419,10609,2005
Kasama,2005-2006,107,568,2005
Kasama,2005-2006,4525,11176,2005
Luwingu,2005-2006,1813,4431,2005
Luwingu,2005-2006,30,111,2005
Luwingu,2005-2006,1843,4542,2005
Mbala,2005-2006,18267,24087,2005
Mbala,2005-2006,15,76,2005
Mbala,2005-2006,18282,24163,2005
Mpika,2005-2006,8547,17112,2005
Mpika,2005-2006,126,495,2005
Mpika,2005-2006,8673,17607,2005
Mporokoso,2005-2006,4539,7151,2005
Mporokoso,2005-2006,40,108,2005
Mporokoso,2005-2006,4578,7259,2005
Mpulungu,2005-2006,5096,12893,2005
Mpulungu,2005-2006,5096,12893,2005
Mungwi,2005-2006,3232,7344,2005
Mungwi,2005-2006,10,22,2005
Mungwi,2005-2006,3242,7366,2005
Nakonde,2005-2006,4742,9745,2005
Nakonde,2005-2006,9,28,2005
Nakonde,2005-2006,4751,9773,2005
Choma,2005-2006,27322,45177,2005
Choma,2005-2006,545,2173,2005
Choma,2005-2006,27867,47349,2005
Gwembe,2005-2006,3002,2865,2005
Gwembe,2005-2006,3002,2865,2005
Itezhi_tezhi,2005-2006,5560,8916,2005
Itezhi_tezhi,2005-2006,5560,8916,2005
Kalomo,2005-2006,39540,48854,2005
Kalomo,2005-2006,930,2471,2005
Kalomo,2005-2006,40470,51325,2005
Kazungula,2005-2006,16918,5310,2005
Kazungula,2005-2006,75,217,2005
Kazungula,2005-2006,16993,5527,2005
Livingstone,2005-2006,165,296,2005
Livingstone,2005-2006,14,16,2005
Livingstone,2005-2006,179,312,2005
Mazabuka,2005-2006,22952,46416,2005
Mazabuka,2005-2006,2715,14881,2005
Mazabuka,2005-2006,25666,61297,2005
Monze,2005-2006,15528,31504,2005
Monze,2005-2006,1064,2472,2005
Monze,2005-2006,16591,33976,2005
Namwala,2005-2006,9815,14669,2005
Namwala,2005-2006,35,23,2005
Namwala,2005-2006,9850,14692,2005
Saivonga,2005-2006,642,494,2005
Saivonga,2005-2006,642,494,2005
Sinazongwe,2005-2006,4055,3353,2005
Sinazongwe,2005-2006,4055,3353,2005
Kalabo,2005-2006,4369,1783,2005
Kalabo,2005-2006,4369,1783,2005
Kaoma,2005-2006,9638,10284,2005
Kaoma,2005-2006,594,2084,2005
Kaoma,2005-2006,10232,12368,2005
Lukulu,2005-2006,3724,3204,2005
Lukulu,2005-2006,3724,3204,2005
Mongu,2005-2006,10501,5060,2005
Mongu,2005-2006,0,0,2005
Mongu,2005-2006,10501,5060,2005
Senanga,2005-2006,9461,3325,2005
Senanga,2005-2006,9461,3325,2005
Sesheke,2005-2006,8820,3693,2005
Sesheke,2005-2006,8820,3693,2005
Shangombo,2005-2006,3903,3055,2005
Shangombo,2005-2006,3903,3055,2005
Chibombo,2008-2009,63232.51,119896.1726,2008
Kabwe,2008-2009,5907.67,19725.00815,2008
Kapiri Mposhi,2008-2009,45669.41,85640.57384,2008
Mkushi,2008-2009,22550.65,87956.25245,2008
Mumbwa,2008-2009,35774.34,51769.11331,2008
Serenje,2008-2009,15618.14,34732.14109,2008
Chililabombwe,2008-2009,2795.09,4292.88919,2008
Chingola,2008-2009,2874.28,5298.16544,2008
Kalulushi,2008-2009,3099.13,6472.92919,2008
Kitwe,2008-2009,2290.35,3448.54748,2008
Luanshya,2008-2009,3476.77,8786.81875,2008
Lufwanyama,2008-2009,15463.19,20338.26489,2008
Masaiti,2008-2009,17864.41,27257.47722,2008
Mpongwe,2008-2009,26338.1,83809.77656,2008
Mufulira,2008-2009,2320.29,3511.02681,2008
Ndola,2008-2009,6506.7,14412.9824,2008
Chadiza,2008-2009,20981.37,28127.67362,2008
Chama,2008-2009,7906.24,11037.64075,2008
Chipata,2008-2009,63349.55,98979.17808,2008
Katete,2008-2009,45915.03,50619.01514,2008
Lundazi,2008-2009,60850.96,105698.5826,2008
Mambwe,2008-2009,6663.82,10335.68729,2008
Nyimba,2008-2009,15851.99,16204.32295,2008
Petauke,2008-2009,69912.34,80341.34567,2008
Chienge,2008-2009,4044.62,7029.79394,2008
Kawambwa,2008-2009,7674.73,18233.28275,2008
Mansa,2008-2009,5200.08,11840.37413,2008
Milenge,2008-2009,1083.16,2933.87133,2008
Mwense,2008-2009,4038.51,7333.42789,2008
Nchelenge,2008-2009,4239.17,5329.30277,2008
Samfya,2008-2009,1802.29,4304.45345,2008
Chongwe,2008-2009,21802.85,47744.46561,2008
Kafue,2008-2009,10597.16,20039.92354,2008
Luangwa,2008-2009,2094.15,1611.45499,2008
Lusaka,2008-2009,1074.14,2823.32791,2008
Chilubi,2008-2009,604.95,1702.78634,2008
Chinsali,2008-2009,6849.84,23154.97039,2008
Isoka,2008-2009,11592.06,32620.90151,2008
Kaputa,2008-2009,5201.83,7187.16166,2008
Kasama,2008-2009,7325.87,24493.18749,2008
Luwingu,2008-2009,4905.81,15577.72352,2008
Mbala,2008-2009,22566.81,49324.15593,2008
Mpika,2008-2009,12635.93,36968.68668,2008
Mporokoso,2008-2009,6383.79,13051.81073,2008
Mpulungu,2008-2009,5915.8,10658.54421,2008
Mungwi,2008-2009,7573.14,13957.42642,2008
Nakonde,2008-2009,11533.92,29539.12397,2008
Chavuma,2008-2009,2712.61,3231.98142,2008
Kabompo,2008-2009,8297.24,9116.24572,2008
Kasempa,2008-2009,7533.25,15193.03369,2008
Mufumbwe,2008-2009,8674.24,13356.43647,2008
Mwinilunga,2008-2009,5216.54,8524.81532,2008
Solwezi,2008-2009,22766.99,44500.2501,2008
Zambezi,2008-2009,4791.73,4881.59007,2008
Choma,2008-2009,27809.71,47413.05329,2008
Gwembe,2008-2009,4561.39,4599.22523,2008
Itezhi-tezhi,2008-2009,10752,10325.82425,2008
Kalomo,2008-2009,59445.84,122346.5405,2008
Kazungula,2008-2009,22114.66,12114.49931,2008
Livingstone,2008-2009,1648.06,1224.51164,2008
Mazabuka,2008-2009,38859.2,65292.33114,2008
Monze,2008-2009,41318.62,63054.31353,2008
Namwala,2008-2009,23416.28,23340.02264,2008
Siavonga,2008-2009,4924.35,3097.6538,2008
Sinazongwe,2008-2009,10248.76,12417.79502,2008
Kalabo,2008-2009,12072.07,3891.26914,2008
Kaoma,2008-2009,18067.41,18481.75686,2008
Lukulu,2008-2009,6752.78,5335.34747,2008
Mongu,2008-2009,10218.97,6190.35292,2008
Senanga,2008-2009,13537.65,3563.09,2008
Sesheke,2008-2009,17706.8,13723.68838,2008
Shang'ombo,2008-2009,12065.89,5642.66448,2008
Chibombo,2009-2010,9642.713793,57405.14368,2009
Kabwe urban,2009-2010,5213.372093,20467.32558,2009
Kapiri Mposhi,2009-2010,3530.961538,17737.59615,2009
Mkushi,2009-2010,13151.20771,65697.27711,2009
Mumbwa,2009-2010,1213.276842,3851.473684,2009
Serenje,2009-2010,144,442.5,2009
Chingola,2009-2010,37.25,122,2009
Kalulushi,2009-2010,78.75,161.875,2009
Kitwe,2009-2010,152.004,966.0566719,2009
Luanshya,2009-2010,156.7777778,682.2666667,2009
Masaiti,2009-2010,271.8098182,723.8413636,2009
Mpongwe,2009-2010,7344.3,47319.7,2009
Mufulira,2009-2010,93,651,2009
Ndola urban,2009-2010,109.69,574.2333333,2009
Chadiza,2009-2010,66.66666667,300,2009
Chipata,2009-2010,1055.452536,2802.347262,2009
Katete,2009-2010,614.2857143,2604.571429,2009
Lundazi,2009-2010,415.475,1955,2009
Nyimba,2009-2010,132,361.5,2009
Petauke,2009-2010,240,720,2009
Chienge,2009-2010,30,119.5,2009
Kawambwa,2009-2010,22.5,92.25,2009
Mansa,2009-2010,187.7884615,718.4846154,2009
Mwense,2009-2010,18,58,2009
Nchelenge,2009-2010,20.0004,52.50105,2009
Samfya,2009-2010,73.66666667,403,2009
Chongwe,2009-2010,2777.811321,17535.99245,2009
Kafue,2009-2010,2577.678,14543.7,2009
Lusaka urban,2009-2010,17.5,75,2009
Chinsali,2009-2010,13.5,41.25,2009
Isoka,2009-2010,36.8,130.4,2009
Kasama,2009-2010,112.05,440.1,2009
Luwingu,2009-2010,5,12.5,2009
Mbala,2009-2010,78.4,256,2009
Mpika,2009-2010,168.196976,766.9389808,2009
Mporokoso,2009-2010,37,109.25,2009
Mungwi,2009-2010,18,90,2009
Nakonde,2009-2010,9.5,15.3,2009
Kasempa,2009-2010,120,600,2009
Mwinilunga,2009-2010,200,890,2009
Solwezi,2009-2010,42,133,2009
Choma,2009-2010,684.5931383,2765.288181,2009
Kalomo,2009-2010,885.4520548,2776.446575,2009
Kazungula,2009-2010,129.075,310.2,2009
Livingstone,2009-2010,4.165333333,5.066666667,2009
Mazabuka,2009-2010,4824.240909,27215.31818,2009
Monze,2009-2010,1556.538462,4714.192308,2009
Namwala,2009-2010,60,210,2009
Sinazongwe,2009-2010,765,3480.75,2009
Kaoma,2009-2010,583.6004805,2434.022621,2009
Chibombo,2009-2010,9642.713793,57405.14368,2009
Kabwe urban,2009-2010,5213.372093,20467.32558,2009
Kapiri Mposhi,2009-2010,3530.961538,17737.59615,2009
Mkushi,2009-2010,13151.20771,65697.27711,2009
Mumbwa,2009-2010,1213.276842,3851.473684,2009
Serenje,2009-2010,144,442.5,2009
Chingola,2009-2010,37.25,122,2009
Kalulushi,2009-2010,78.75,161.875,2009
Kitwe,2009-2010,152.004,966.0566719,2009
Luanshya,2009-2010,156.7777778,682.2666667,2009
Masaiti,2009-2010,271.8098182,723.8413636,2009
Mpongwe,2009-2010,7344.3,47319.7,2009
Mufulira,2009-2010,93,651,2009
Ndola urban,2009-2010,109.69,574.2333333,2009
Chadiza,2009-2010,66.66666667,300,2009
Chipata,2009-2010,1055.452536,2802.347262,2009
Katete,2009-2010,614.2857143,2604.571429,2009
Lundazi,2009-2010,415.475,1955,2009
Nyimba,2009-2010,132,361.5,2009
Petauke,2009-2010,240,720,2009
Chienge,2009-2010,30,119.5,2009
Kawambwa,2009-2010,22.5,92.25,2009
Mansa,2009-2010,187.7884615,718.4846154,2009
Mwense,2009-2010,18,58,2009
Nchelenge,2009-2010,20.0004,52.50105,2009
Samfya,2009-2010,73.66666667,403,2009
Chongwe,2009-2010,2777.811321,17535.99245,2009
Kafue,2009-2010,2577.678,14543.7,2009
Lusaka urban,2009-2010,17.5,75,2009
Chinsali,2009-2010,13.5,41.25,2009
Isoka,2009-2010,36.8,130.4,2009
Kasama,2009-2010,112.05,440.1,2009
Luwingu,2009-2010,5,12.5,2009
Mbala,2009-2010,78.4,256,2009
Mpika,2009-2010,168.196976,766.9389808,2009
Mporokoso,2009-2010,37,109.25,2009
Mungwi,2009-2010,18,90,2009
Nakonde,2009-2010,9.5,15.3,2009
Kasempa,2009-2010,120,600,2009
Mwinilunga,2009-2010,200,890,2009
Solwezi,2009-2010,42,133,2009
Choma,2009-2010,684.5931383,2765.288181,2009
Kalomo,2009-2010,885.4520548,2776.446575,2009
Kazungula,2009-2010,129.075,310.2,2009
Livingstone,2009-2010,4.165333333,5.066666667,2009
Mazabuka,2009-2010,4824.240909,27215.31818,2009
Monze,2009-2010,1556.538462,4714.192308,2009
Namwala,2009-2010,60,210,2009
Sinazongwe,2009-2010,765,3480.75,2009
Kaoma,2009-2010,583.6004805,2434.022621,2009
Chibombo,2010-2011,69253.7654,148887.9848,2010
Kabwe,2010-2011,5526.367787,25636.93055,2010
Kapiri-Mposhi,2010-2011,48650.85378,103335.3735,2010
Mkushi,2010-2011,34535.89447,130000.2009,2010
Mumbwa,2010-2011,35944.08474,95567.6564,2010
Serenje,2010-2011,17273.73029,55064.66674,2010
Chililabombwe,2010-2011,3255.329527,6803.62887,2010
Chingola,2010-2011,7117.321026,15909.79892,2010
Kalulushi,2010-2011,2562.753613,7788.242371,2010
Kitwe,2010-2011,3397.396744,6095.038417,2010
Luanshya,2010-2011,2508.096289,5082.047115,2010
Lufwanyama,2010-2011,17680.92427,25559.71391,2010
Masaiti,2010-2011,24471.68266,55103.53701,2010
Mpongwe,2010-2011,30484.37729,92076.39911,2010
Mufulira,2010-2011,3081.873823,9086.619165,2010
Ndola,2010-2011,8093.052253,26684.81839,2010
Chadiza,2010-2011,21878.69855,42951.03989,2010
Chama,2010-2011,9936.86929,26810.63413,2010
Chipata,2010-2011,69679.74496,140357.8247,2010
Katete,2010-2011,43465.25362,67081.92008,2010
Lundazi,2010-2011,62337.07713,127437.0402,2010
Mambwe,2010-2011,7537.096808,11459.92627,2010
Nyimba,2010-2011,16491.90615,23828.66215,2010
Petauke,2010-2011,78716.84373,144487.7377,2010
Chienge,2010-2011,6666.653724,16551.80699,2010
Kawambwa,2010-2011,10674.29637,32814.62835,2010
Mansa,2010-2011,12189.16364,41551.80569,2010
Milenge,2010-2011,3179.233662,7913.347378,2010
Mwense,2010-2011,4272.197528,9640.057376,2010
Nchelenge,2010-2011,4233.001873,8098.576628,2010
Samfya,2010-2011,3068.441378,8314.886787,2010
Chongwe,2010-2011,27465.33099,61928.66979,2010
Kafue,2010-2011,18796.58947,40872.19818,2010
Luangwa,2010-2011,1828.567421,1309.290967,2010
Lusaka,2010-2011,1790.333629,5412.95183,2010
Chilubi,2010-2011,1200.59932,2972.565533,2010
Chinsali,2010-2011,9420.443528,32059.44103,2010
Isoka,2010-2011,25012.46582,73569.71364,2010
Kaputa,2010-2011,5931.257442,5577.549244,2010
Kasama,2010-2011,11531.73722,38877.60497,2010
Luwingu,2010-2011,5884.330031,23424.03521,2010
Mbala,2010-2011,27956.78662,97248.50077,2010
Mpika,2010-2011,19611.57127,78000.31582,2010
Mporokoso,2010-2011,10446.4307,29400.00136,2010
Mpulungu,2010-2011,9303.013078,34764.66003,2010
Mungwi,2010-2011,6967.883968,23120.61772,2010
Nakonde,2010-2011,18677.18464,67974.14186,2010
Chavuma,2010-2011,2917.111995,4412.021595,2010
Kabompo,2010-2011,10819.38061,25021.40725,2010
Kasempa,2010-2011,10408.93017,31025.41153,2010
Mufumbwe,2010-2011,10365.91909,17770.83276,2010
Mwinilunga,2010-2011,5180.51483,14726.06752,2010
Solwezi,2010-2011,25391.57984,43445.79169,2010
Zambezi,2010-2011,7920.071331,14418.26648,2010
Choma,2010-2011,38043.18481,100268.0192,2010
Gwembe,2010-2011,5314.264481,6813.529432,2010
Itezhi-tezhi,2010-2011,14110.20096,15876.03195,2010
Kalomo,2010-2011,75923.18579,173068.5207,2010
Kazungula,2010-2011,23826.80186,40400.81868,2010
Livingstone,2010-2011,1319.668242,1601.731351,2010
Mazabuka,2010-2011,53503.24128,134190.2455,2010
Monze,2010-2011,57669.42744,102186.4445,2010
Namwala,2010-2011,26802.93631,44292.21623,2010
Siavonga,2010-2011,6670.281485,6677.913331,2010
Sinazongwe,2010-2011,12472.11887,14165.43375,2010
Kalabo,2010-2011,7162.961131,8019.883469,2010
Kaoma,2010-2011,19530.20643,39881.6261,2010
Lukulu,2010-2011,7144.386741,12808.66104,2010
Mongu,2010-2011,7869.055159,5726.411122,2010
Senanga,2010-2011,13541.12116,5884.301387,2010
Sesheke,2010-2011,25734.99609,10723.33082,2010
Shang'ombo,2010-2011,16134.05707,12480.16775,2010
Chibombo,2010-2011,69253.7654,148887.9848,2010
Kabwe,2010-2011,5526.367787,25636.93055,2010
Kapiri-Mposhi,2010-2011,48650.85378,103335.3735,2010
Mkushi,2010-2011,34535.89447,130000.2009,2010
Mumbwa,2010-2011,35944.08474,95567.6564,2010
Serenje,2010-2011,17273.73029,55064.66674,2010
Chililabombwe,2010-2011,3255.329527,6803.62887,2010
Chingola,2010-2011,7117.321026,15909.79892,2010
Kalulushi,2010-2011,2562.753613,7788.242371,2010
Kitwe,2010-2011,3397.396744,6095.038417,2010
Luanshya,2010-2011,2508.096289,5082.047115,2010
Lufwanyama,2010-2011,17680.92427,25559.71391,2010
Masaiti,2010-2011,24471.68266,55103.53701,2010
Mpongwe,2010-2011,30484.37729,92076.39911,2010
Mufulira,2010-2011,3081.873823,9086.619165,2010
Ndola,2010-2011,8093.052253,26684.81839,2010
Chadiza,2010-2011,21878.69855,42951.03989,2010
Chama,2010-2011,9936.86929,26810.63413,2010
Chipata,2010-2011,69679.74496,140357.8247,2010
Katete,2010-2011,43465.25362,67081.92008,2010
Lundazi,2010-2011,62337.07713,127437.0402,2010
Mambwe,2010-2011,7537.096808,11459.92627,2010
Nyimba,2010-2011,16491.90615,23828.66215,2010
Petauke,2010-2011,78716.84373,144487.7377,2010
Chienge,2010-2011,6666.653724,16551.80699,2010
Kawambwa,2010-2011,10674.29637,32814.62835,2010
Mansa,2010-2011,12189.16364,41551.80569,2010
Milenge,2010-2011,3179.233662,7913.347378,2010
Mwense,2010-2011,4272.197528,9640.057376,2010
Nchelenge,2010-2011,4233.001873,8098.576628,2010
Samfya,2010-2011,3068.441378,8314.886787,2010
Chongwe,2010-2011,27465.33099,61928.66979,2010
Kafue,2010-2011,18796.58947,40872.19818,2010
Luangwa,2010-2011,1828.567421,1309.290967,2010
Lusaka,2010-2011,1790.333629,5412.95183,2010
Chilubi,2010-2011,1200.59932,2972.565533,2010
Chinsali,2010-2011,9420.443528,32059.44103,2010
Isoka,2010-2011,25012.46582,73569.71364,2010
Kaputa,2010-2011,5931.257442,5577.549244,2010
Kasama,2010-2011,11531.73722,38877.60497,2010
Luwingu,2010-2011,5884.330031,23424.03521,2010
Mbala,2010-2011,27956.78662,97248.50077,2010
Mpika,2010-2011,19611.57127,78000.31582,2010
Mporokoso,2010-2011,10446.4307,29400.00136,2010
Mpulungu,2010-2011,9303.013078,34764.66003,2010
Mungwi,2010-2011,6967.883968,23120.61772,2010
Nakonde,2010-2011,18677.18464,67974.14186,2010
Chavuma,2010-2011,2917.111995,4412.021595,2010
Kabompo,2010-2011,10819.38061,25021.40725,2010
Kasempa,2010-2011,10408.93017,31025.41153,2010
Mufumbwe,2010-2011,10365.91909,17770.83276,2010
Mwinilunga,2010-2011,5180.51483,14726.06752,2010
Solwezi,2010-2011,25391.57984,43445.79169,2010
Zambezi,2010-2011,7920.071331,14418.26648,2010
Choma,2010-2011,38043.18481,100268.0192,2010
Gwembe,2010-2011,5314.264481,6813.529432,2010
Itezhi-tezhi,2010-2011,14110.20096,15876.03195,2010
Kalomo,2010-2011,75923.18579,173068.5207,2010
Kazungula,2010-2011,23826.80186,40400.81868,2010
Livingstone,2010-2011,1319.668242,1601.731351,2010
Mazabuka,2010-2011,53503.24128,134190.2455,2010
Monze,2010-2011,57669.42744,102186.4445,2010
Namwala,2010-2011,26802.93631,44292.21623,2010
Siavonga,2010-2011,6670.281485,6677.913331,2010
Sinazongwe,2010-2011,12472.11887,14165.43375,2010
Kalabo,2010-2011,7162.961131,8019.883469,2010
Kaoma,2010-2011,19530.20643,39881.6261,2010
Lukulu,2010-2011,7144.386741,12808.66104,2010
Mongu,2010-2011,7869.055159,5726.411122,2010
Senanga,2010-2011,13541.12116,5884.301387,2010
Sesheke,2010-2011,25734.99609,10723.33082,2010
Shang'omo,2010-2011,16134.05707,12480.16775,2010
Chibombo,2012-2013,75405.1789,143426.3974,2012
Kabwe,2012-2013,7158.486232,18638.59042,2012
Kapiri-Mposhi,2012-2013,45744.04616,117359.9515,2012
Mkushi,2012-2013,25181.69374,81880.01982,2012
Mumbwa,2012-2013,48546.51561,73162.28033,2012
Serenje,2012-2013,14964.83372,44266.56421,2012
Chililabombwe,2012-2013,1407.955108,2798.54665,2012
Chingola,2012-2013,4896.732842,18602.80822,2012
Kalulushi,2012-2013,3396.022073,9720.412729,2012
Kitwe,2012-2013,2646.287821,6569.092167,2012
Luanshya,2012-2013,3548.037322,9680.554642,2012
Lufwanyama,2012-2013,16075.9271,39885.80395,2012
Masaiti,2012-2013,18483.83534,42984.92384,2012
Mpongwe,2012-2013,23670.51647,63934.55664,2012
Mufulira,2012-2013,2237.86754,5728.206182,2012
Ndola,2012-2013,3832.525567,8639.208426,2012
Chadiza,2012-2013,24901.46399,50022.22546,2012
Chipata,2012-2013,67752.72393,143271.7818,2012
Katete,2012-2013,52832.62944,90022.32456,2012
Lundazi,2012-2013,57974.40362,123504.0272,2012
Mambwe,2012-2013,7400.182211,9598.451945,2012
Nyimba,2012-2013,18619.15412,36066.19466,2012
Petauke,2012-2013,67913.67742,119804.3583,2012
Chienge,2012-2013,4995.424891,10719.98614,2012
Kawambwa,2012-2013,9469.749725,27697.74883,2012
Mansa,2012-2013,6130.634107,15945.30133,2012
Milenge,2012-2013,2827.040535,8047.050081,2012
Mwense,2012-2013,2696.580839,5693.895048,2012
Nchelenge,2012-2013,5512.161211,11692.48473,2012
Samfya,2012-2013,5484.58404,14236.18356,2012
Chongwe,2012-2013,25117.82265,54263.07856,2012
Kafue,2012-2013,16036.72779,40698.20986,2012
Luangwa,2012-2013,2290.639607,1600.831467,2012
Lusaka,2012-2013,221.549383,345.0134159,2012
Chama,2012-2013,8906.751347,14749.67794,2012
Chinsali,2012-2013,11484.42183,40442.58273,2012
Isoka,2012-2013,9996.368767,29203.22508,2012
Mafinga,2012-2013,10359.23181,31661.86556,2012
Mpika,2012-2013,14742.26365,48009.69694,2012
Nakonde,2012-2013,15577.00418,41345.07272,2012
Chilubi,2012-2013,619.6676134,1353.040644,2012
Kaputa,2012-2013,4805.683874,6289.089496,2012
Kasama,2012-2013,9304.178353,29892.03245,2012
Luwingu,2012-2013,6293.846541,19623.85777,2012
Mbala,2012-2013,30522.9794,78676.17072,2012
Mporokoso,2012-2013,7421.993146,18601.43261,2012
Mpulungu,2012-2013,8481.708796,15276.84694,2012
Mungwi,2012-2013,12979.17728,40766.25519,2012
Chavuma,2012-2013,2067.280103,5415.939271,2012
Ikelenge,2012-2013,592.4671336,1542.412366,2012
Kabompo,2012-2013,7318.675897,15100.86302,2012
Kasempa,2012-2013,7935.056802,22323.6609,2012
Mufumbwe,2012-2013,10464.67555,24492.25106,2012
Mwinilunga,2012-2013,7311.657697,25327.6123,2012
Solwezi,2012-2013,18109.34694,28192.64066,2012
Zambezi,2012-2013,5399.192584,10131.99051,2012
Choma,2012-2013,50457.08745,88100.37826,2012
Gwembe,2012-2013,8597.68549,10360.28368,2012
Itezhi-tezhi,2012-2013,17018.58639,14658.57186,2012
Kalomo,2012-2013,95477.39805,152433.577,2012
Kazungula,2012-2013,31711.53752,31498.74288,2012
Livingstone,2012-2013,565.8423664,287.7461476,2012
Mazabuka,2012-2013,24085.35392,47862.72585,2012
Monze,2012-2013,44410.77706,57941.97957,2012
Namwala,2012-2013,36772.0695,30019.55366,2012
Siavonga,2012-2013,9100.380197,8031.012645,2012
Sinazongwe,2012-2013,12036.96435,12337.3455,2012
Kalabo,2012-2013,7742.200676,3084.798778,2012
Kaoma,2012-2013,24550.50278,46584.22969,2012
Lukulu,2012-2013,6347.666467,4911.045312,2012
Mongu,2012-2013,8053.415761,2987.30225,2012
Senanga,2012-2013,12880.96821,6813.404592,2012
Sesheke,2012-2013,13809.94482,6793.73559,2012
Shang'ombo,2012-2013,22716.5789,9168.529863,2012
Chibombo,2012-2013,75405.1789,143426.3974,2012
Kabwe,2012-2013,7158.486232,18638.59042,2012
Kapiri-Mposhi,2012-2013,45744.04616,117359.9515,2012
Mkushi,2012-2013,25181.69374,81880.01982,2012
Mumbwa,2012-2013,48546.51561,73162.28033,2012
Serenje,2012-2013,14964.83372,44266.56421,2012
Chililabombwe,2012-2013,1407.955108,2798.54665,2012
Chingola,2012-2013,4896.732842,18602.80822,2012
Kalulushi,2012-2013,3396.022073,9720.412729,2012
Kitwe,2012-2013,2646.287821,6569.092167,2012
Luanshya,2012-2013,3548.037322,9680.554642,2012
Lufwanyama,2012-2013,16075.9271,39885.80395,2012
Masaiti,2012-2013,18483.83534,42984.92384,2012
Mpongwe,2012-2013,23670.51647,63934.55664,2012
Mufulira,2012-2013,2237.86754,5728.206182,2012
Ndola,2012-2013,3832.525567,8639.208426,2012
Chadiza,2012-2013,24901.46399,50022.22546,2012
Chipata,2012-2013,67752.72393,143271.7818,2012
Katete,2012-2013,52832.62944,90022.32456,2012
Lundazi,2012-2013,57974.40362,123504.0272,2012
Mambwe,2012-2013,7400.182211,9598.451945,2012
Nyimba,2012-2013,18619.15412,36066.19466,2012
Petauke,2012-2013,67913.67742,119804.3583,2012
Chienge,2012-2013,4995.424891,10719.98614,2012
Kawambwa,2012-2013,9469.749725,27697.74883,2012
Mansa,2012-2013,6130.634107,15945.30133,2012
Milenge,2012-2013,2827.040535,8047.050081,2012
Mwense,2012-2013,2696.580839,5693.895048,2012
Nchelenge,2012-2013,5512.161211,11692.48473,2012
Samfya,2012-2013,5484.58404,14236.18356,2012
Chongwe,2012-2013,25117.82265,54263.07856,2012
Kafue,2012-2013,16036.72779,40698.20986,2012
Luangwa,2012-2013,2290.639607,1600.831467,2012
Lusaka,2012-2013,221.549383,345.0134159,2012
Chama,2012-2013,8906.751347,14749.67794,2012
Chinsali,2012-2013,11484.42183,40442.58273,2012
Isoka,2012-2013,9996.368767,29203.22508,2012
Mafinga,2012-2013,10359.23181,31661.86556,2012
Mpika,2012-2013,14742.26365,48009.69694,2012
Nakonde,2012-2013,15577.00418,41345.07272,2012
Chilubi,2012-2013,619.6676134,1353.040644,2012
Kaputa,2012-2013,4805.683874,6289.089496,2012
Kasama,2012-2013,9304.178353,29892.03245,2012
Luwingu,2012-2013,6293.846541,19623.85777,2012
Mbala,2012-2013,30522.9794,78676.17072,2012
Mporokoso,2012-2013,7421.993146,18601.43261,2012
Mpulungu,2012-2013,8481.708796,15276.84694,2012
Mungwi,2012-2013,12979.17728,40766.25519,2012
Chavuma,2012-2013,2067.280103,5415.939271,2012
Ikelenge,2012-2013,592.4671336,1542.412366,2012
Kabompo,2012-2013,7318.675897,15100.86302,2012
Kasempa,2012-2013,7935.056802,22323.6609,2012
Mufumbwe,2012-2013,10464.67555,24492.25106,2012
Mwinilunga,2012-2013,7311.657697,25327.6123,2012
Solwezi,2012-2013,18109.34694,28192.64066,2012
Zambezi,2012-2013,5399.192584,10131.99051,2012
Choma,2012-2013,50457.08745,88100.37826,2012
Gwembe,2012-2013,8597.68549,10360.28368,2012
Itezhi-tezhi,2012-2013,17018.58639,14658.57186,2012
Kalomo,2012-2013,95477.39805,152433.577,2012
Kazungula,2012-2013,31711.53752,31498.74288,2012
Livingstone,2012-2013,565.8423664,287.7461476,2012
Mazabuka,2012-2013,24085.35392,47862.72585,2012
Monze,2012-2013,44410.77706,57941.97957,2012
Namwala,2012-2013,36772.0695,30019.55366,2012
Siavonga,2012-2013,9100.380197,8031.012645,2012
Sinazongwe,2012-2013,12036.96435,12337.3455,2012
Kalabo,2012-2013,7742.200676,3084.798778,2012
Kaoma,2012-2013,24550.50278,46584.22969,2012
Lukulu,2012-2013,6347.666467,4911.045312,2012
Mongu,2012-2013,8053.415761,2987.30225,2012
Senanga,2012-2013,12880.96821,6813.404592,2012
Sesheke,2012-2013,13809.94482,6793.73559,2012
Shang'ombo,2012-2013,22716.5789,9168.529863,2012
Shang'ombo,2012-2013,1312402.2,2532800.244,2012
Chibombo,2014-2015,81528.09468,127328.8591,2014
Kabwe,2014-2015,10206.34519,23644.86903,2014
Kapiri-Mposhi,2014-2015,75868.33174,139226.5745,2014
Mkushi,2014-2015,26793.11975,94241.9894,2014
Mumbwa,2014-2015,59346.63842,60167.1912,2014
Serenje,2014-2015,19265.99234,40113.49844,2014
Chililabombwe,2014-2015,1591.230893,3921.481928,2014
Chingola,2014-2015,4069.3612,9397.070047,2014
Kalulushi,2014-2015,3191.313928,7388.124374,2014
Kitwe,2014-2015,3482.197362,7456.048259,2014
Luanshya,2014-2015,3693.891691,8289.58234,2014
Lufwanyama,2014-2015,23150.76811,40556.33675,2014
Masaiti,2014-2015,17397.34329,25662.76316,2014
Mpongwe,2014-2015,26980.56723,85046.67787,2014
Mufulira,2014-2015,3052.738178,11871.71583,2014
Ndola,2014-2015,3863.978374,8218.698074,2014
Chadiza,2014-2015,25378.74316,51344.65768,2014
Chipata,2014-2015,73849.66417,126265.2415,2014
Katete,2014-2015,57158.64374,64364.00372,2014
Lundazi,2014-2015,68621.56777,154188.7609,2014
Mambwe,2014-2015,9299.145952,11068.40452,2014
Nyimba,2014-2015,17076.4773,22392.80749,2014
Petauke,2014-2015,73138.57068,122174.6526,2014
Chienge,2014-2015,7280.823753,13705.51772,2014
Kawambwa,2014-2015,12430.16567,42061.25547,2014
Mansa,2014-2015,10381.67159,24249.86216,2014
Milenge,2014-2015,2917.490263,5600.166353,2014
Mwense,2014-2015,5995.831031,11787.79112,2014
Nchelenge,2014-2015,7508.785983,22062.61711,2014
Samfya,2014-2015,7558.357746,21425.00424,2014
Chongwe,2014-2015,25881.9557,49301.88679,2014
Kafue,2014-2015,19151.99571,44411.50281,2014
Luangwa,2014-2015,2356.158595,2353.903873,2014
Lusaka,2014-2015,117.9294808,265.2692871,2014
Chama,2014-2015,8789.696976,16782.14711,2014
Chinsali,2014-2015,13944.31142,51477.87585,2014
Isoka,2014-2015,9666.146805,30328.48813,2014
Mafinga,2014-2015,7860.975425,30086.5337,2014
Mpika,2014-2015,22458.80938,71256.56469,2014
Nakonde,2014-2015,14676.71576,45159.05952,2014
Chilubi,2014-2015,1225.414753,3564.500393,2014
Kaputa,2014-2015,6606.461056,11676.58357,2014
Kasama,2014-2015,14898.80163,56813.08005,2014
Luwingu,2014-2015,7369.799489,27268.81596,2014
Mbala,2014-2015,39830.30852,76145.38818,2014
Mporokoso,2014-2015,11322.29865,31089.8421,2014
Mpulungu,2014-2015,9475.813252,17160.57955,2014
Mungwi,2014-2015,14568.81742,52480.30435,2014
Chavuma,2014-2015,1750.834588,4431.22802,2014
Ikelenge,2014-2015,1118.846195,3482.454618,2014
Kabompo,2014-2015,10262.65932,29722.42963,2014
Kasempa,2014-2015,13795.82489,39684.25109,2014
Mufumbwe,2014-2015,10046.07675,26884.63545,2014
Mwinilunga,2014-2015,9384.897661,30702.77468,2014
Solwezi,2014-2015,20622.1396,41018.69625,2014
Zambezi,2014-2015,6949.608117,14506.99574,2014
Choma,2014-2015,49772.33214,75634.79943,2014
Gwembe,2014-2015,9927.129711,14296.92605,2014
Itezhi-tezhi,2014-2015,15739.25723,9236.449931,2014
Kalomo,2014-2015,97518.22701,106763.9649,2014
Kazungula,2014-2015,32847.67968,15278.50131,2014
Livingstone,2014-2015,642.9915218,43.89457156,2014
Mazabuka,2014-2015,28275.22009,51271.467,2014
Monze,2014-2015,42946.41471,43088.93261,2014
Namwala,2014-2015,36697.71711,39742.73359,2014
Siavonga,2014-2015,12636.92193,7890.926258,2014
Sinazongwe,2014-2015,17004.97344,9200.964538,2014
Kalabo,2014-2015,9294.645623,2092.287443,2014
Kaoma,2014-2015,25280.54639,34329.089,2014
Lukulu,2014-2015,7017.12794,3380.179179,2014
Mongu,2014-2015,8258.853012,2297.1055,2014
Senanga,2014-2015,12016.49963,2247.753078,2014
Sesheke,2014-2015,23077.19632,6647.306202,2014
Shang'ombo,2014-2015,19286.35105,1499.855381,2014
Chibombo,2014-2015,81528.09468,127328.8591,2014
Kabwe,2014-2015,10206.34519,23644.86903,2014
Kapiri-Mposhi,2014-2015,75868.33174,139226.5745,2014
Mkushi,2014-2015,26793.11975,94241.9894,2014
Mumbwa,2014-2015,59346.63842,60167.1912,2014
Serenje,2014-2015,19265.99234,40113.49844,2014
Chililabombwe,2014-2015,1591.230893,3921.481928,2014
Chingola,2014-2015,4069.3612,9397.070047,2014
Kalulushi,2014-2015,3191.313928,7388.124374,2014
Kitwe,2014-2015,3482.197362,7456.048259,2014
Luanshya,2014-2015,3693.891691,8289.58234,2014
Lufwanyama,2014-2015,23150.76811,40556.33675,2014
Masaiti,2014-2015,17397.34329,25662.76316,2014
Mpongwe,2014-2015,26980.56723,85046.67787,2014
Mufulira,2014-2015,3052.738178,11871.71583,2014
Ndola,2014-2015,3863.978374,8218.698074,2014
Chadiza,2014-2015,25378.74316,51344.65768,2014
Chipata,2014-2015,73849.66417,126265.2415,2014
Katete,2014-2015,57158.64374,64364.00372,2014
Lundazi,2014-2015,68621.56777,154188.7609,2014
Mambwe,2014-2015,9299.145952,11068.40452,2014
Nyimba,2014-2015,17076.4773,22392.80749,2014
Petauke,2014-2015,73138.57068,122174.6526,2014
Chienge,2014-2015,7280.823753,13705.51772,2014
Kawambwa,2014-2015,12430.16567,42061.25547,2014
Mansa,2014-2015,10381.67159,24249.86216,2014
Milenge,2014-2015,2917.490263,5600.166353,2014
Mwense,2014-2015,5995.831031,11787.79112,2014
Nchelenge,2014-2015,7508.785983,22062.61711,2014
Samfya,2014-2015,7558.357746,21425.00424,2014
Chongwe,2014-2015,25881.9557,49301.88679,2014
Kafue,2014-2015,19151.99571,44411.50281,2014
Luangwa,2014-2015,2356.158595,2353.903873,2014
Lusaka,2014-2015,117.9294808,265.2692871,2014
Chama,2014-2015,8789.696976,16782.14711,2014
Chinsali,2014-2015,13944.31142,51477.87585,2014
Isoka,2014-2015,9666.146805,30328.48813,2014
Mafinga,2014-2015,7860.975425,30086.5337,2014
Mpika,2014-2015,22458.80938,71256.56469,2014
Nakonde,2014-2015,14676.71576,45159.05952,2014
Chilubi,2014-2015,1225.414753,3564.500393,2014
Kaputa,2014-2015,6606.461056,11676.58357,2014
Kasama,2014-2015,14898.80163,56813.08005,2014
Luwingu,2014-2015,7369.799489,27268.81596,2014
Mbala,2014-2015,39830.30852,76145.38818,2014
Mporokoso,2014-2015,11322.29865,31089.8421,2014
Mpulungu,2014-2015,9475.813252,17160.57955,2014
Mungwi,2014-2015,14568.81742,52480.30435,2014
Chavuma,2014-2015,1750.834588,4431.22802,2014
Ikelenge,2014-2015,1118.846195,3482.454618,2014
Kabompo,2014-2015,10262.65932,29722.42963,2014
Kasempa,2014-2015,13795.82489,39684.25109,2014
Mufumbwe,2014-2015,10046.07675,26884.63545,2014
Mwinilunga,2014-2015,9384.897661,30702.77468,2014
Solwezi,2014-2015,20622.1396,41018.69625,2014
Zambezi,2014-2015,6949.608117,14506.99574,2014
Choma,2014-2015,49772.33214,75634.79943,2014
Gwembe,2014-2015,9927.129711,14296.92605,2014
Itezhi-tezhi,2014-2015,15739.25723,9236.449931,2014
Kalomo,2014-2015,97518.22701,106763.9649,2014
Kazungula,2014-2015,32847.67968,15278.50131,2014
Livingstone,2014-2015,642.9915218,43.89457156,2014
Mazabuka,2014-2015,28275.22009,51271.467,2014
Monze,2014-2015,42946.41471,43088.93261,2014
Namwala,2014-2015,36697.71711,39742.73359,2014
Siavonga,2014-2015,12636.92193,7890.926258,2014
Sinazongwe,2014-2015,17004.97344,9200.964538,2014
Kalabo,2014-2015,9294.645623,2092.287443,2014
Kaoma,2014-2015,25280.54639,34329.089,2014
Lukulu,2014-2015,7017.12794,3380.179179,2014
Mongu,2014-2015,8258.853012,2297.1055,2014
Senanga,2014-2015,12016.49963,2247.753078,2014
Sesheke,2014-2015,23077.19632,6647.306202,2014
Shang'ombo,2014-2015,19286.35105,1499.855381,2014
Chibombo,2016-2017,94121.43733,182746.7684,2016
Kabwe,2016-2017,8912.144589,27955.51149,2016
Kapiri-Mposhi,2016-2017,82936.40384,212549.6821,2016
Mkushi,2016-2017,29422.9796,96130.69604,2016
Mumbwa,2016-2017,61196.38354,111278.797,2016
Serenje,2016-2017,22195.44842,54037.56792,2016
Chililabombwe,2016-2017,1364.184078,2789.994581,2016
Chingola,2016-2017,4135.148136,10598.60107,2016
Kalulushi,2016-2017,3900.72481,10818.19421,2016
Kitwe,2016-2017,2862.113663,7047.546904,2016
Luanshya,2016-2017,3085.650044,7735.659164,2016
Lufwanyama,2016-2017,20248.51127,47176.48758,2016
Masaiti,2016-2017,21052.17407,43060.0294,2016
Mpongwe,2016-2017,29310.46066,106592.2081,2016
Mufulira,2016-2017,2193.434606,6195.231476,2016
Ndola,2016-2017,2859.463765,6781.456114,2016
Chadiza,2016-2017,26701.57441,76979.20752,2016
Chipata,2016-2017,89177.95511,193549.3213,2016
Katete,2016-2017,64418.84704,112937.9544,2016
Lundazi,2016-2017,90769.74888,296474.0043,2016
Mambwe,2016-2017,10932.50969,18900.27682,2016
Nyimba,2016-2017,27126.21762,48857.56412,2016
Petauke,2016-2017,81680.41322,133714.9729,2016
Chienge,2016-2017,7034.627724,12916.13307,2016
Kawambwa,2016-2017,8829.327969,26992.47128,2016
Mansa,2016-2017,8972.290928,23148.24331,2016
Milenge,2016-2017,4357.84251,13350.71324,2016
Mwense,2016-2017,7593.656404,19312.49529,2016
Nchelenge,2016-2017,5292.889114,11711.56805,2016
Samfya,2016-2017,5543.565352,17258.96284,2016
Chongwe,2016-2017,33067.17175,85132.16937,2016
Kafue,2016-2017,20033.56753,54319.03691,2016
Luangwa,2016-2017,2549.774319,871.2982631,2016
Lusaka,2016-2017,1140.730736,2359.819488,2016
Chama,2016-2017,11589.83086,26749.42466,2016
Chinsali,2016-2017,21459.85107,82032.11257,2016
Isoka,2016-2017,9349.486688,31661.56349,2016
Mafinga,2016-2017,10554.81858,37740.79556,2016
Mpika,2016-2017,28572.48153,102751.5914,2016
Nakonde,2016-2017,16897.90533,43982.60398,2016
Chilubi,2016-2017,1150.202597,3748.5581,2016
Kaputa,2016-2017,6781.229343,9122.066515,2016
Kasama,2016-2017,11681.83285,36190.85028,2016
Luwingu,2016-2017,9290.066254,32984.10364,2016
Mbala,2016-2017,42843.12463,116045.8754,2016
Mporokoso,2016-2017,10185.13499,29543.98748,2016
Mpulungu,2016-2017,11052.87944,30060.94635,2016
Mungwi,2016-2017,16889.72163,50758.77296,2016
Chavuma,2016-2017,2319.840877,5081.70874,2016
Ikelenge,2016-2017,840.8821735,2643.202667,2016
Kabompo,2016-2017,10971.29911,28289.84881,2016
Kasempa,2016-2017,13371.19682,29129.39067,2016
Mufumbwe,2016-2017,12500.06667,26265.26851,2016
Mwinilunga,2016-2017,7094.139925,23136.38085,2016
Solwezi,2016-2017,24288.61799,29057.01522,2016
Zambezi,2016-2017,6649.534879,9910.836424,2016
Choma,2016-2017,43274.89137,83414.57765,2016
Gwembe,2016-2017,9313.789855,17739.68109,2016
Itezhi-tezhi,2016-2017,22068.71947,40043.39826,2016
Kalomo,2016-2017,107194.8597,187864.2908,2016
Kazungula,2016-2017,45835.05891,83331.40279,2016
Livingstone,2016-2017,195.3197973,161.5635086,2016
Mazabuka,2016-2017,27104.56572,76536.99106,2016
Monze,2016-2017,40323.4169,87466.00867,2016
Namwala,2016-2017,44321.13498,46352.10113,2016
Siavonga,2016-2017,12483.45217,12520.51843,2016
Sinazongwe,2016-2017,16170.3278,16842.18857,2016
Kalabo,2016-2017,12272.41303,6219.282721,2016
Kaoma,2016-2017,23561.57404,36294.72535,2016
Lukulu,2016-2017,6515.606942,7144.549509,2016
Mongu,2016-2017,9827.386261,5315.465877,2016
Senanga,2016-2017,13277.13483,7906.187302,2016
Sesheke,2016-2017,26261.01748,13807.1069,2016
Shang'ombo,2016-2017,13386.48919,8421.410224,2016
Chibombo,2016-2017,634.2553191,3190,2016
Kabwe,2016-2017,861.25,4606.75,2016
Kapiri-Mposhi,2016-2017,63.63636364,201.5151515,2016
Mkushi,2016-2017,3549.456522,25125,2016
Mpongwe,2016-2017,245,868,2016
Chongwe,2016-2017,521.25,346.75,2016
Kafue,2016-2017,333.1525424,898.9830508,2016
Choma,2016-2017,107.6923077,420,2016
Kalomo,2016-2017,194.7826087,1015.652174,2016
Mazabuka,2016-2017,498.2142857,2025.803571,2016
Monze,2016-2017,89.50980392,375.7254902,2016
Sinazongwe,2016-2017,75,9.375,2016
