district,year,planted_ha,harvested_ha,production_mt,yield(mt/ha),yield,zyield,flag
chadiza,2011,21879,21293,42951,1.96,1.9631153160564925,-0.5134176039117009,0
chadiza,2012,23894,21453,51340,2.15,2.1486565665020505,-0.05032542348527202,0
chadiza,2013,24901,23476,50022,2.01,2.008834986546725,-0.39930593416248744,0
chadiza,2014,25395,22957,61135,2.41,2.40736365426265,0.5953812809544561,0
chadiza,2015,25379,21825,51345,2.02,2.023129358918791,-0.3636286276136144,0
chadiza,2016,21652,13568,40629,1.88,1.8764548309624978,-0.7297134028384502,0
chadiza,2017,26702,26565,76979,2.88,2.882892667215939,1.7822535637257841,0
chadiza,2018,18486,10822,24018,1.3,1.2992534891269067,-2.1703495271171076,1
chadiza,2019,22368,18897,47666,2.13,2.1309907010014304,-0.09441763561684142,0
chadiza,2020,22041,18985,57891,2.63,2.626514223492582,1.14235891909515,0
chadiza,2021,21732,20080,56880,2.62,2.6173384870237437,1.1194572096468813,0
chadiza,2022,19204,19040,39201,2.04,2.0412934805248906,-0.3182928186767894,0
chama,2011,9937,9552,26811,2.7,2.698098017510315,1.54190024063007,0
chama,2012,7729,5703,16859,2.18,2.1812653642127056,0.2596446078653001,0
chama,2013,8907,8625,14750,1.66,1.6560008981699788,-1.0435302514960505,0
chama,2014,8809,8073,21850,2.48,2.480417754569191,1.0018381112017944,0
chama,2015,8790,6292,16782,1.91,1.9092150170648463,-0.4153090503453801,0
chama,2016,9103,6884,11447,1.26,1.2574975282873777,-2.032212347039783,1
chama,2017,11590,7698,26749,2.31,2.3079378774805868,0.5739175985864962,0
chama,2018,9888,7265,16494,1.67,1.6680825242718447,-1.0135558816043038,0
chama,2019,9010,6109,16555,1.84,1.8374028856825748,-0.5934740896056564,0
chama,2020,12777,11903,30736,2.41,2.405572513109494,0.8161479621080748,0
chama,2021,11829,9482,28788,2.43,2.4336799391326402,0.8858821499747711,0
chama,2022,10265,6910,21394,2.08,2.084169508037019,0.018750949724663832,0
chavuma,2011,2917,2599,4412,1.51,1.5125128556736374,-1.45811559848793,0
chavuma,2012,1787,1694,3403,1.9,1.9043088975937326,-0.7397530965508039,0
chavuma,2013,2067,1741,5416,2.62,2.6202225447508467,0.5728827234088151,0
chavuma,2014,1887,1760,4563,2.42,2.4181240063593004,0.2023327531607841,0
chavuma,2015,1751,1371,4431,2.53,2.5305539691604797,0.40847436953531835,0
chavuma,2016,1953,1915,5482,2.81,2.806963645673323,0.9152746572725118,0
chavuma,2017,2320,1936,5082,2.19,2.19051724137931,-0.21498684084927244,0
chavuma,2018,1448,1236,2900,2.0,2.0027624309392267,-0.5592374226506488,0
chavuma,2019,1959,1194,2522,1.29,1.2873915262889228,-1.870878118047015,0
chavuma,2020,2209,1935,5398,2.44,2.4436396559529197,0.24911598708728094,0
chavuma,2021,1883,1771,6323,3.36,3.3579394583112054,1.925495080464311,0
chavuma,2022,1834,1597,4802,2.62,2.618320610687023,0.5693955056566599,0
chibombo,2011,69254,52256,148888,2.15,2.1498830392468307,0.5449870185356306,0
chibombo,2012,57508,47214,133562,2.32,2.322494261667942,0.9529235333470979,0
chibombo,2013,75405,52995,143426,1.9,1.9020754591870566,-0.040662970703331885,0
chibombo,2014,81502,71286,209535,2.57,2.57091850506736,1.5400308988218463,0
chibombo,2015,81528,50823,127329,1.56,1.5617824551074477,-0.8448861269491795,0
chibombo,2016,71007,58741,173366,2.44,2.4415339332741843,1.2342530325431649,0
chibombo,2017,94121,75930,182747,1.94,1.941617704869264,0.052788229428170276,0
chibombo,2018,77295,55641,144181,1.87,1.8653341095801799,-0.12749474153415957,0
chibombo,2019,77778,41986,74836,0.96,0.9621743937874463,-2.26195518744745,1
chibombo,2020,83036,66296,140635,1.69,1.6936629895467026,-0.5332094883388997,0
chibombo,2021,95574,77500,195700,2.05,2.0476280159876117,0.3033251078832352,0
chibombo,2022,71938,49404,113106,1.57,1.5722705663209986,-0.8200993055861224,0
chienge,2011,6667,6620,16552,2.48,2.4826758662066895,0.8130236012983572,0
chienge,2012,5773,5467,16717,2.9,2.8957214619781744,2.076010510654483,1
chienge,2013,4995,4209,10720,2.15,2.146146146146146,-0.2159974932175486,0
chienge,2014,5728,4697,11820,2.06,2.0635474860335195,-0.4685628940366837,0
chienge,2015,7281,4265,13706,1.88,1.8824337316302706,-1.02236204661788,0
chienge,2016,9325,8780,24668,2.65,2.6453619302949063,1.3104756293106954,0
chienge,2017,7035,5142,12916,1.84,1.8359630419331912,-1.1644574311396239,0
chienge,2018,6209,5398,11553,1.86,1.8606861008213884,-1.0888606930199207,0
chienge,2019,6275,5912,12787,2.04,2.0377689243027888,-0.5473870876396442,0
chienge,2020,9088,7778,22854,2.51,2.514744718309859,0.9110818806239854,0
chienge,2021,8122,7571,16483,2.03,2.029426249692194,-0.5728968350623677,0
chienge,2022,6156,5039,13586,2.21,2.2069525666016894,-0.03006714115384209,0
chililabombwe,2011,3255,2882,6804,2.09,2.0903225806451613,-0.9658275127696933,0
chililabombwe,2012,1609,1321,3716,2.31,2.3095090118085766,-0.5372146926221052,0
chililabombwe,2013,1408,1323,2799,1.99,1.9879261363636365,-1.166060841647011,0
chililabombwe,2014,1354,1165,3311,2.45,2.445347119645495,-0.2715871436243933,0
chililabombwe,2015,1591,1357,3921,2.46,2.464487743557511,-0.23415819900054813,0
chililabombwe,2016,1009,998,2676,2.65,2.6521308225966305,0.13277249493538987,0
chililabombwe,2017,1364,1127,2790,2.05,2.0454545454545454,-1.0535656770139632,0
chililabombwe,2018,1218,1173,3145,2.58,2.5821018062397374,-0.0041672509857956725,0
chililabombwe,2019,763,713,2034,2.67,2.6657929226736568,0.15948834231732492,0
chililabombwe,2020,1045,875,2875,2.75,2.751196172248804,0.3264919631887335,0
chililabombwe,2021,2010,1957,7942,3.95,3.9512437810945276,2.6731508654236777,2
chililabombwe,2022,1011,967,3099,3.07,3.065281899109792,0.9406776517983807,0
chilubi,2011,1201,1010,2973,2.48,2.475437135720233,-0.2662096210506195,0
chilubi,2012,1255,1152,3282,2.61,2.615139442231076,0.10253249820395546,0
chilubi,2013,620,577,1353,2.18,2.182258064516129,-1.0400513330233478,0
chilubi,2014,681,650,1945,2.86,2.8560939794419973,0.7385283447597502,0
chilubi,2015,1225,1183,3565,2.91,2.910204081632653,0.8813511388366352,0
chilubi,2016,1325,1232,2969,2.24,2.240754716981132,-0.8856503060254898,0
chilubi,2017,1150,1118,3749,3.26,3.26,1.8046321602231,0
chilubi,2018,270,255,695,2.58,2.574074074074074,-0.0058589182327299675,0
chilubi,2019,1585,1552,4893,3.09,3.087066246056782,1.348176139472132,0
chilubi,2020,1030,887,2121,2.06,2.059223300970874,-1.364799725406846,0
chilubi,2021,2151,2025,5563,2.59,2.586238958623896,0.02625011003904374,0
chilubi,2022,1970,1686,4076,2.07,2.0690355329949237,-1.3389004877955832,0
chingola,2011,7117,6484,15910,2.24,2.2354924827876914,-0.9541243322017222,0
chingola,2012,3923,3269,10393,2.65,2.649248024471068,-0.44165474065696797,0
chingola,2013,4897,4780,18603,3.8,3.798856442720033,0.9822279562116407,0
chingola,2014,4230,3954,12772,3.02,3.0193853427895982,0.016790165150051786,0
chingola,2015,4069,3283,9397,2.31,2.309412632096338,-0.8625682685197568,0
chingola,2016,3382,3350,10363,3.06,3.0641632170313424,0.0722511719792226,0
chingola,2017,4135,3406,10599,2.56,2.5632406287787184,-0.5481818333478868,0
chingola,2018,2423,2389,5837,2.41,2.4089971110193975,-0.7392248637879092,0
chingola,2019,3241,2821,8163,2.52,2.5186670780623266,-0.6033897690202236,0
chingola,2020,3651,3282,10814,2.96,2.9619282388386745,-0.05437508975693136,0
chingola,2021,4861,4767,25613,5.27,5.269080436124255,2.8032188879916617,2
chingola,2022,3282,3012,10737,3.27,3.2714808043875685,0.32903071595882094,0
chinsali,2011,9420,8919,32059,3.4,3.403290870488323,0.41974713612203024,0
chinsali,2012,12225,11755,42563,3.48,3.481635991820041,0.6203751803731218,0
chinsali,2013,11484,10428,40443,3.52,3.5216823406478577,0.7229268199411252,0
chinsali,2014,14691,14007,49713,3.38,3.3839085154176027,0.3701123417057442,0
chinsali,2015,13944,12832,51478,3.69,3.6917670682730925,1.1584838231136434,0
chinsali,2016,13841,12714,40873,2.95,2.953038075283578,-0.7332708972286143,0
chinsali,2017,21460,20779,82032,3.82,3.8225535880708295,1.4934050439300255,0
chinsali,2018,13446,12777,41104,3.06,3.056968615201547,-0.4671231064374546,0
chinsali,2019,14503,13104,38953,2.69,2.6858580983244846,-1.417471717001332,0
chinsali,2020,20074,18215,59707,2.97,2.9743449237820068,-0.6787078144133547,0
chinsali,2021,18809,17859,64267,3.42,3.4168217342761444,0.4543972929235554,0
chinsali,2022,12195,10887,30252,2.48,2.480688806888069,-1.9428741030284695,0
chipata,2011,69680,58806,140358,2.01,2.0143226176808264,-0.3874925646489449,0
chipata,2012,66501,63152,152824,2.3,2.2980707057036738,0.7230896759595299,0
chipata,2013,67753,59784,143272,2.11,2.11462223074993,0.005077372264529509,0
chipata,2014,71610,65570,176988,2.47,2.4715542521994136,1.4020995227516242,0
chipata,2015,73850,60005,126265,1.71,1.7097494922139471,-1.579583431118138,0
chipata,2016,63168,58752,121017,1.92,1.915795972644377,-0.773123153269529,0
chipata,2017,89178,84846,193549,2.17,2.170367130906726,0.22326138382920058,0
chipata,2018,62073,51552,118866,1.91,1.9149388623072834,-0.7764778596404188,0
chipata,2019,64869,56649,115910,1.79,1.786831922798255,-1.2778849101999112,0
chipata,2020,65172,57461,158776,2.44,2.4362609709691276,1.2639625872033573,0
chipata,2021,64082,61880,160122,2.5,2.498704784494866,1.50836596211515,0
chipata,2022,59238,49918,120175,2.03,2.0286809142779973,-0.33129458524644356,0
choma,2011,38043,26006,100268,2.64,2.635649133874826,1.669690280010035,0
choma,2012,51431,42763,110156,2.14,2.1418210806711904,0.8580241086247847,0
choma,2013,50457,31534,88100,1.75,1.74604118358206,0.2075119481722161,0
choma,2014,45115,34309,94530,2.1,2.0953119804942926,0.781580773682067,0
choma,2015,49772,25834,75635,1.52,1.519629510568191,-0.1646230380844605,0
choma,2016,42965,30596,73643,1.71,1.7140230420109392,0.1548862574782409,0
choma,2017,43275,37124,83415,1.93,1.9275563258232236,0.5058540524644998,0
choma,2018,50629,37842,57382,1.13,1.1333820537636532,-0.7994674792578991,0
choma,2019,53094,9022,7365,0.14,0.13871623912306474,-2.434321125865544,1
choma,2020,45561,39108,73334,1.61,1.6095783674634008,-0.016781205643019822,0
choma,2021,53412,37658,92784,1.74,1.7371377218602562,0.19287803128367592,0
choma,2022,50424,28760,52371,1.04,1.0386125654450262,-0.9552326028645968,0
chongwe,2011,27465,22609,61929,2.25,2.2548334243582744,0.06883813178127378,0
chongwe,2012,20843,19868,57752,2.77,2.7708103440003837,1.0181800235722225,0
chongwe,2013,25118,20724,54263,2.16,2.1603232741460308,-0.10505035311097907,0
chongwe,2014,27132,23719,75552,2.78,2.784608580274215,1.043567290383814,0
chongwe,2015,25882,17395,49302,1.9,1.9048759755814852,-0.5750458363204992,0
chongwe,2016,24899,21598,65906,2.65,2.646933611791638,0.790260194550603,0
chongwe,2017,33067,27834,85132,2.57,2.574530498684489,0.6570462740202606,0
chongwe,2018,30965,20555,61477,1.99,1.9853705796867431,-0.42694444489924516,0
chongwe,2019,30211,9139,20336,0.67,0.6731323028036146,-2.841321369201997,2
chongwe,2020,32143,29612,74820,2.33,2.3277229878978316,0.20294706865088444,0
chongwe,2021,36735,35141,88794,2.42,2.4171498570845245,0.36748286461153035,0
chongwe,2022,39112,25360,82477,2.11,2.1087390059316835,-0.19995984403787428,0
gwembe,2011,5314,4216,6814,1.28,1.282273240496801,0.016364408205961616,0
gwembe,2012,5892,4088,8704,1.48,1.4772572980312288,0.36169702366307527,0
gwembe,2013,8598,4005,10360,1.21,1.2049313793905558,-0.1206143146592374,0
gwembe,2014,8259,5455,15644,1.89,1.8941760503692942,1.1000940239029497,0
gwembe,2015,9927,4237,14297,1.44,1.440213558980558,0.29608955064995346,0
gwembe,2016,7031,5037,13694,1.95,1.9476603612572891,1.194819086035845,0
gwembe,2017,9314,7588,17740,1.9,1.9046596521365686,1.1186613348076604,0
gwembe,2018,9309,4231,7532,0.81,0.809109463959609,-0.8216471018494321,0
gwembe,2019,11653,365,115,0.01,0.009868703338196172,-2.2371674563614516,1
gwembe,2020,11078,5863,11535,1.04,1.041252933742553,-0.41050214674314833,0
gwembe,2021,11345,5962,19100,1.68,1.6835610401057735,0.7270777205778113,0
gwembe,2022,21366,7176,12423,0.58,0.581437798371244,-1.2248721282299875,0
ikelenge,2012,411,391,1031,2.51,2.508515815085158,-0.8355106833875205,0
ikelenge,2013,592,570,1542,2.6,2.60472972972973,-0.5589394670002525,0
ikelenge,2014,908,886,2772,3.05,3.052863436123348,0.7292409873474739,0
ikelenge,2015,1119,1065,3482,3.11,3.1117068811438786,0.8983891113570364,0
ikelenge,2016,1171,1091,2954,2.52,2.5226302305721604,-0.794938162518204,0
ikelenge,2017,841,821,2643,3.14,3.1426872770511296,0.9874436500054226,0
ikelenge,2018,694,671,1411,2.03,2.0331412103746396,-2.201996322705829,1
ikelenge,2019,808,805,2620,3.24,3.242574257425743,1.2745732587061174,0
ikelenge,2020,1022,915,2724,2.66,2.665362035225049,-0.38464918325956304,0
ikelenge,2021,956,866,2783,2.91,2.9110878661087867,0.32170074747908456,0
ikelenge,2022,1141,1111,3418,3.0,2.9956178790534618,0.5646860639762269,0
isoka,2011,25012,22129,73570,2.94,2.941388133695826,-0.8316085943598848,0
isoka,2012,8841,8724,26084,2.95,2.95034498359914,-0.8007619479276588,0
isoka,2013,9996,8712,29203,2.92,2.921468587434974,-0.9002098556550531,0
isoka,2014,10722,10589,33947,3.17,3.1661070695765714,-0.057695261372756976,0
isoka,2015,9666,8537,30328,3.14,3.1375956962549143,-0.15588606077701195,0
isoka,2016,11883,11069,42602,3.58,3.5851216022889845,1.3853559541847864,0
isoka,2017,9349,9063,31662,3.39,3.386672371376618,0.7019133011560919,0
isoka,2018,10878,10495,36991,3.4,3.400533186247472,0.7496487952415254,0
isoka,2019,8875,8295,28555,3.22,3.217464788732394,0.11917645373536546,0
isoka,2020,12073,11355,35456,2.94,2.9368011264805767,-0.8474058658647365,0
isoka,2021,11834,11374,44673,3.77,3.7749704242014532,2.0391795136196254,1
isoka,2022,10435,9687,28966,2.78,2.7758505031145186,-1.4017064319802894,0
itezhi tezhi,2016,13626,11994,16677,1.22,1.2239101717305152,-0.2209346655140611,0
itezhi tezhi,2018,16431,9895,21698,1.32,1.3205526139614143,0.032280968989231065,0
itezhi tezhi,2020,25962,11389,21005,0.81,0.8090670980664048,-1.3078769001295696,0
itezhi tezhi,2021,24096,19286,45286,1.88,1.8793990703851262,1.4965305966543998,0
itezhitezhi,2011,14110,8313,15876,1.13,1.1251594613749114,-0.44424586815699996,0
itezhitezhi,2012,17340,15311,39973,2.31,2.3052479815455595,1.0408553640837988,0
itezhitezhi,2013,17019,9029,14659,0.86,0.8613314530818497,-0.7762644358480095,0
itezhitezhi,2014,15494,12497,28597,1.85,1.8456821995611203,0.46250747114598517,0
itezhitezhi,2015,15739,5636,9236,0.59,0.5868225427282546,-1.1217245552026585,0
itezhitezhi,2017,22069,18016,40043,1.81,1.8144456024287463,0.4231972769534429,0
itezhitezhi,2019,29235,5120,13668,0.47,0.46752180605438687,-1.2718604712913733,0
itezhitezhi,2022,19653,15067,55404,2.82,2.819111586017402,1.6875352183158163,0
kabompo,2011,10819,10408,25021,2.31,2.312690636842592,-0.9195665865872745,0
kabompo,2012,9446,8996,24106,2.55,2.5519796739360574,-0.0945720687431796,0
kabompo,2013,7319,6480,15101,2.06,2.063260008197841,-1.7795261723410885,0
kabompo,2014,8226,7535,20291,2.47,2.4666909798200827,-0.38862108132823014,0
kabompo,2015,10263,9168,29722,2.9,2.8960342979635585,1.091621758225715,0
kabompo,2016,9474,8862,29708,3.14,3.135739919780452,1.9180525312247476,0
kabompo,2017,10971,10100,28290,2.58,2.5786163522012577,-0.0027370485964612794,0
kabompo,2018,8682,7843,20611,2.37,2.3739921677032942,-0.7082178866642763,0
kabompo,2019,10129,8447,23424,2.31,2.3125678744199822,-0.9199898334141263,0
kabompo,2020,12017,10898,34027,2.83,2.831571939752018,0.8693755041649786,0
kabompo,2021,13670,12051,35302,2.58,2.582443306510607,0.01045710506641595,0
kabompo,2022,11391,9526,32434,2.85,2.847335615837064,0.9237237789927703,0
kabwe,2011,5526,5084,25637,4.64,4.639341295693087,2.4795082601637866,1
kabwe,2012,5313,4611,17705,3.33,3.3323922454357238,0.8074754372968437,0
kabwe,2013,7158,5899,18639,2.6,2.603939647946354,-0.12446345708091436,0
kabwe,2014,7265,6776,20559,2.83,2.8298692360633173,0.16457741020766398,0
kabwe,2015,10206,6963,23645,2.32,2.316774446404076,-0.49184552332851506,0
kabwe,2016,9854,8668,24648,2.5,2.5013192612137205,-0.2557498717108298,0
kabwe,2017,8912,8402,27956,3.14,3.1368940754039496,0.5573667149719909,0
kabwe,2018,9389,6172,15080,1.61,1.6061348386409628,-1.4009955389126982,0
kabwe,2019,8873,7111,17576,1.98,1.9808407528457117,-0.921619095470369,0
kabwe,2020,8872,7893,18171,2.05,2.0481289449954914,-0.8355345875519813,0
kabwe,2021,9604,8521,31407,3.27,3.270199916701374,0.7279102737169121,0
kabwe,2022,8315,6341,17868,2.15,2.1488875526157547,-0.7066300223018851,0
kafue,2011,18797,13624,40872,2.17,2.174389530244188,-0.23854973648777134,0
kafue,2012,13437,11785,35002,2.6,2.6048969263972612,0.35466642968241574,0
kafue,2013,16037,13840,40698,2.54,2.537756438236578,0.2621504280123455,0
kafue,2014,18525,16546,70649,3.81,3.813711201079622,2.020347846649045,1
kafue,2015,19152,14114,44412,2.32,2.318922305764411,-0.039391302170054966,0
kafue,2016,17055,16545,48509,2.84,2.8442685429492816,0.6845077144775779,0
kafue,2017,20034,17541,54319,2.71,2.711340720774683,0.501340285178106,0
kafue,2018,18961,14136,35216,1.86,1.8572860081219345,-0.6755014296604027,0
kafue,2019,22960,7704,14261,0.62,0.6211236933797909,-2.3788669831169074,1
kafue,2020,19684,15337,39615,2.01,2.0125482625482625,-0.4615583472772665,0
kafue,2021,20048,18458,54929,2.74,2.7398743016759775,0.5406580335388202,0
kafue,2022,23740,17901,45913,1.93,1.9339932603201349,-0.569802938825912,0
kalabo,2011,7163,5805,8020,1.12,1.1196426078458745,2.5240623645890117,1
kalabo,2012,7152,2930,3790,0.53,0.5299217002237137,0.08025019676105376,0
kalabo,2013,7742,2557,3085,0.4,0.3984758460346164,-0.464463368123557,0
kalabo,2014,6892,3190,3621,0.53,0.52539175856065,0.06147805147561207,0
kalabo,2015,9295,2491,2092,0.23,0.22506724045185583,-1.183071195744869,0
kalabo,2016,8425,3723,3197,0.38,0.37946587537091986,-0.5432409678619053,0
kalabo,2017,12272,6504,6219,0.51,0.5067633637548892,-0.015718292260922483,0
kalabo,2018,10538,5130,5918,0.56,0.5615866388308977,0.21147017092439405,0
kalabo,2019,11215,1477,1258,0.11,0.11217119928666965,-1.6509140609597774,0
kalabo,2020,13970,8830,6111,0.44,0.4374373657838225,-0.3030062537334666,0
kalabo,2021,13401,7446,8571,0.64,0.6395791358853817,0.534672232844764,0
kalabo,2022,10854,5721,7502,0.69,0.6911737608255021,0.7484811220896596,0
kalomo,2011,75923,60377,173069,2.28,2.2795332112798494,1.4799150642737455,0
kalomo,2012,90236,62569,182096,2.02,2.0179972516512255,1.01120403595564,0
kalomo,2013,95477,67218,152434,1.6,1.5965520491846203,0.25591205045448,0
kalomo,2014,93231,66707,190177,2.04,2.039847261104139,1.0503624767833488,0
kalomo,2015,97518,36994,106764,1.09,1.0948132652433398,-0.6432778800702973,0
kalomo,2016,96544,73635,148391,1.54,1.5370297480941333,0.14923930460493112,0
kalomo,2017,107195,93471,187864,1.75,1.7525444283781892,0.5354734100680028,0
kalomo,2018,101868,80078,135365,1.33,1.3288275022578238,-0.22388983940511953,0
kalomo,2019,130779,13320,20958,0.16,0.16025508682586653,-2.3181440263973814,1
kalomo,2020,108385,73287,146394,1.35,1.3506850578954652,-0.18471787470096693,0
kalomo,2021,130463,101091,195778,1.5,1.5006400282072312,0.08402355739901246,0
kalomo,2022,129306,61066,101679,0.79,0.786344021159111,-1.1961002789653958,0
kalulushi,2011,2563,2492,7788,3.04,3.03862660944206,0.45948491910445227,0
kalulushi,2012,3630,3043,10409,2.87,2.8674931129476584,-0.04086017004011455,0
kalulushi,2013,3396,2946,9720,2.86,2.862190812720848,-0.056362569827414596,0
kalulushi,2014,3945,3603,12084,3.06,3.0631178707224334,0.5310903181619772,0
kalulushi,2015,3191,2630,7388,2.32,2.3152616734565967,-1.655425959208259,0
kalulushi,2016,4482,4224,12836,2.86,2.863900044622936,-0.05136526768646866,0
kalulushi,2017,3901,3806,10818,2.77,2.7731350935657524,-0.3167358611599354,0
kalulushi,2018,2648,2501,5945,2.25,2.2450906344410875,-1.8605858810867346,0
kalulushi,2019,3148,2722,8431,2.68,2.678208386277001,-0.5942742320430672,0
kalulushi,2020,4515,4198,15677,3.47,3.4722037652270212,1.7271397330722758,0
kalulushi,2021,4049,3958,13313,3.29,3.2879723388490985,1.1885000667150358,0
kalulushi,2022,2581,2448,8028,3.11,3.110422316931422,0.6693949039982453,0
kaoma,2011,19530,14292,39882,2.04,2.042089093701997,1.2711872988932054,0
kaoma,2012,19129,15465,33755,1.76,1.764598253959956,0.532990381216362,0
kaoma,2013,24551,17581,46584,1.9,1.89743798623274,0.8863781939454082,0
kaoma,2014,23154,17635,38852,1.68,1.6779822060982983,0.3025694433134573,0
kaoma,2015,25281,15915,34329,1.36,1.3578972350777263,-0.5489388054695373,0
kaoma,2016,23506,20694,45414,1.93,1.9320173572704842,0.9783682039183368,0
kaoma,2017,23562,18401,36295,1.54,1.5404040404040404,-0.06342381956162148,0
kaoma,2018,22589,20651,37311,1.65,1.651733144450839,0.2327401962720883,0
kaoma,2019,25000,10472,13097,0.52,0.52388,-2.7676388994837193,2
kaoma,2020,24486,19040,34825,1.42,1.4222412807318467,-0.37776711484045183,0
kaoma,2021,29665,26701,43424,1.46,1.4638125737400978,-0.26717679628774005,0
kaoma,2022,25557,21443,38255,1.5,1.4968501780334156,-0.17928828191578425,0
kapiri mposhi,2016,69695,65707,192143,2.76,2.7569122605638854,1.5841375091870031,0
kapiri mposhi,2018,60078,48119,123376,2.05,2.053596990578914,-0.15151503121569881,0
kapiri mposhi,2019,65231,52015,124339,1.91,1.906133586791556,-0.515427550000378,0
kapiri mposhi,2020,67833,59502,173423,2.56,2.556616985832854,1.0898456641869645,0
kapiri mposhi,2021,65452,42606,111891,1.71,1.709512314367781,-1.0006526340325066,0
kapiri mposhi,2022,60404,49751,103121,1.71,1.7071882656777697,-1.0063879581253903,0
kapirimposhi,2011,48651,37962,103335,2.12,2.1240056730591355,-0.9108075942391242,0
kapirimposhi,2012,43825,37686,121099,2.76,2.7632401597261835,0.8529809124807666,0
kapirimposhi,2013,45744,35178,117360,2.57,2.565582371458552,0.3075996126891175,0
kapirimposhi,2014,67629,55988,194355,2.87,2.8738411036685445,1.1581532362942577,0
kapirimposhi,2015,75868,40277,139227,1.84,1.8351215268624452,-1.7079024748548273,0
kapirimposhi,2017,82936,75226,212550,2.56,2.562819523487991,0.2999763076298144,0
kaputa,2011,5931,2704,5578,0.94,0.9404822121058843,-1.7672579647498403,0
kaputa,2012,4925,3678,6557,1.33,1.3313705583756346,-0.8928985843965465,0
kaputa,2013,4806,3676,6289,1.31,1.3085726175613817,-0.9438942039741257,0
kaputa,2014,6038,5247,12112,2.01,2.005962239152037,0.6160631680423444,0
kaputa,2015,6606,3506,11677,1.77,1.7676354828943386,0.08296148590806182,0
kaputa,2016,7334,7242,18697,2.55,2.5493591491682572,1.8315616347062642,0
kaputa,2017,6781,4490,9122,1.35,1.345229317209851,-0.8618985919373469,0
kaputa,2018,5622,4707,9014,1.6,1.6033440056919246,-0.2845342339691891,0
kaputa,2019,5785,3478,11336,1.96,1.9595505617977529,0.5122471145838344,0
kaputa,2020,7637,5654,12487,1.64,1.6350661254419274,-0.21357654686289557,0
kaputa,2021,7329,5577,14242,1.94,1.9432391867921954,0.475760982728864,0
kaputa,2022,8560,7188,20345,2.38,2.376752336448598,1.4454657399205733,0
kasama,2011,11532,11374,38878,3.37,3.3713146028442593,0.20693112633235022,0
kasama,2012,11357,10748,40303,3.55,3.5487364620938626,0.6150439728058272,0
kasama,2013,9304,8929,29892,3.21,3.212811693895099,-0.15766359507998778,0
kasama,2014,14091,13496,54881,3.89,3.8947555177063373,1.4109708237436556,0
kasama,2015,14899,13945,56813,3.81,3.813208940197329,1.2233941293716746,0
kasama,2016,12729,11333,35060,2.75,2.7543404823631077,-1.2122573861485082,0
kasama,2017,11682,10188,36191,3.1,3.0980140386920048,-0.4217257463366983,0
kasama,2018,15683,12933,40418,2.58,2.5771854874705094,-1.619756380570044,0
kasama,2019,13850,12874,41539,3.0,2.999205776173285,-0.6490084579606518,0
kasama,2020,17227,15741,51172,2.97,2.970453358100656,-0.7151459183178226,0
kasama,2021,17074,16916,68331,4.0,4.002049900433407,1.657773647987293,0
kasama,2022,12894,12014,40412,3.13,3.1341709322165348,-0.3385562158270728,0
kasempa,2011,10409,9046,31025,2.98,2.980593716975694,0.5724268111402399,0
kasempa,2012,10188,9917,33920,3.33,3.3294071456615626,1.6313861185124456,0
kasempa,2013,7935,6652,22324,2.81,2.8133585381222432,0.06471915253858551,0
kasempa,2014,11124,9718,32429,2.92,2.9152283351312476,0.373984681934108,0
kasempa,2015,13796,11637,39684,2.88,2.8764859379530296,0.2563670138404522,0
kasempa,2016,12535,11752,35184,2.81,2.8068607897885918,0.04499270135003577,0
kasempa,2017,13371,9509,29129,2.18,2.1785206790815943,-1.8625789507370336,0
kasempa,2018,11533,9619,29228,2.53,2.534292898638689,-0.7824935176049787,0
kasempa,2019,15396,13182,36595,2.38,2.3769160820992465,-1.260272269606915,0
kasempa,2020,18613,16585,62338,3.35,3.349164562402622,1.6913674685034694,0
kasempa,2021,19039,14866,51078,2.68,2.6828089710594045,-0.3316150127928361,0
kasempa,2022,16615,13640,44210,2.66,2.6608486307553414,-0.3982841970775717,0
katete,2011,43465,37708,67082,1.54,1.5433567238007593,0.04614434372260586,0
katete,2012,47260,42270,87050,1.84,1.8419382141345746,0.9594937732715071,0
katete,2013,52833,47385,90022,1.7,1.7038971854712017,0.5372315136683498,0
katete,2014,58787,54260,115868,1.97,1.97097997856669,1.354227625662317,0
katete,2015,57159,34384,64364,1.13,1.1260518903409786,-1.2303752796551464,0
katete,2016,46852,35971,54259,1.16,1.1580935712456246,-1.132360995704297,0
katete,2017,64419,62759,112938,1.75,1.7531784100964,0.6879809065680025,0
katete,2018,46654,36085,44006,0.94,0.9432417370429117,-1.7895845897964548,0
katete,2019,45506,36488,65157,1.43,1.4318331648573814,-0.29500198396273575,0
katete,2020,49829,41046,86929,1.74,1.7445463485119108,0.6615757582943778,0
katete,2021,51742,48575,97423,1.88,1.882861118627034,1.084675382593252,0
katete,2022,38256,28483,47410,1.24,1.2392827268925135,-0.8840064546617885,0
kawambwa,2011,10674,10151,32815,3.07,3.0742926737867715,-0.12655262312729096,0
kawambwa,2012,13892,12597,41019,2.95,2.952706593723006,-0.6540592185069413,0
kawambwa,2013,9470,8811,27698,2.92,2.924815205913411,-0.7750672402816114,0
kawambwa,2014,12267,12165,37174,3.03,3.0304067824243908,-0.3169535072221614,0
kawambwa,2015,12430,10636,42061,3.38,3.3838294448913917,1.2163863727230153,0
kawambwa,2016,10437,9307,31433,3.01,3.01168918271534,-0.3981606428664916,0
kawambwa,2017,8829,8398,26992,3.06,3.0571978706535283,-0.20071918392745175,0
kawambwa,2018,7223,7038,21127,2.92,2.924961927177073,-0.7744306835785447,0
kawambwa,2019,9552,8484,25531,2.67,2.6728433835845897,-1.8682581553812236,0
kawambwa,2020,12369,11147,42387,3.43,3.4268736357021585,1.4031355016821156,0
kawambwa,2021,15654,15092,53279,3.4,3.4035390315574294,1.3018972877314527,0
kawambwa,2022,12910,12739,43615,3.38,3.3783888458559255,1.1927820927551156,0
kazungula,2011,23827,18659,40401,1.7,1.6955974314852897,1.3597134977867391,0
kazungula,2012,29044,24075,34838,1.2,1.199490428315659,0.25976114254052896,0
kazungula,2013,31712,19845,31499,0.99,0.9932832996972755,-0.19743461430871445,0
kazungula,2014,23148,16618,31050,1.34,1.3413685847589425,0.5743287889166465,0
kazungula,2015,32848,8990,15279,0.47,0.4651424744276668,-1.3684113208365793,0
kazungula,2016,29245,20646,29359,1.0,1.003898102239699,-0.17389981842311775,0
kazungula,2017,45835,37523,83331,1.82,1.818064797643722,1.631244169569471,0
kazungula,2018,30536,21242,34181,1.12,1.119367304165575,0.08211475062205949,0
kazungula,2019,34196,2966,5405,0.16,0.15805942215463797,-2.049265903508978,1
kazungula,2020,31020,16302,29853,0.96,0.9623791102514507,-0.2659543807113809,0
kazungula,2021,34536,22028,48764,1.41,1.411975909196201,0.7308770583750408,0
kazungula,2022,36413,16207,29835,0.82,0.8193502320599786,-0.5830733700217172,0
kitwe,2011,3397,2926,6095,1.79,1.7942302031204003,-1.7861923758817426,0
kitwe,2012,2795,2563,7576,2.71,2.7105545617173523,0.3398994839894626,0
kitwe,2013,2646,2516,6569,2.48,2.482615268329554,-0.18897424033085045,0
kitwe,2014,3442,3330,10091,2.93,2.931725740848344,0.8530695630960795,0
kitwe,2015,3482,2560,7456,2.14,2.141298104537622,-0.9809117641608183,0
kitwe,2016,2341,2195,6283,2.68,2.683895771038018,0.27804470808442366,0
kitwe,2017,2862,2795,7048,2.46,2.4626135569531797,-0.23538299869444632,0
kitwe,2018,1934,1834,4479,2.32,2.315925542916236,-0.575734305149017,0
kitwe,2019,2742,2319,5609,2.05,2.0455871626549964,-1.2029840604259034,0
kitwe,2020,2018,1723,5595,2.77,2.7725470763131814,0.48373695749824286,0
kitwe,2021,2519,2476,7692,3.05,3.053592695514093,1.1358300701930082,0
kitwe,2022,1911,1839,6448,3.37,3.3741496598639458,1.8795989617815603,0
livingstone,2011,1320,667,1602,1.21,1.2136363636363636,0.5333933216289181,0
livingstone,2012,557,267,335,0.6,0.6014362657091562,-0.37724573106749865,0
livingstone,2013,566,277,288,0.51,0.508833922261484,-0.5149904171597952,0
livingstone,2014,511,391,790,1.55,1.5459882583170255,1.027762100004781,0
livingstone,2015,643,51,44,0.07,0.06842923794712286,-1.1700862034639334,0
livingstone,2016,427,217,117,0.27,0.27400468384074944,-0.8642956131976854,0
livingstone,2017,195,124,162,0.83,0.8307692307692308,-0.0361161645067326,0
livingstone,2018,275,165,164,0.6,0.5963636363636363,-0.384791196018459,0
livingstone,2019,248,12,2,0.01,0.008064516129032258,-1.259877879876316,0
livingstone,2020,254,104,151,0.6,0.594488188976378,-0.38758089768282883,0
livingstone,2021,449,344,1029,2.29,2.291759465478842,2.137086302855285,1
livingstone,2022,399,279,689,1.73,1.7268170426065164,1.2967423784842635,0
luangwa,2011,1829,1095,1309,0.72,0.7156916347731,0.6295007911542236,0
luangwa,2012,2286,1134,1147,0.5,0.5017497812773404,-0.06007814714486649,0
luangwa,2013,2291,1583,1601,0.7,0.6988214753382802,0.5751247705583751,0
luangwa,2014,1608,1202,1799,1.12,1.118781094527363,1.9287416697156863,0
luangwa,2015,2356,1693,2354,1.0,0.9991511035653651,1.5431494127151673,0
luangwa,2016,2511,207,152,0.06,0.06053365193150139,-1.4822091844492056,0
luangwa,2017,2550,1030,871,0.34,0.3415686274509804,-0.5763752072397199,0
luangwa,2018,2339,509,284,0.12,0.12141941000427534,-1.285961766174918,0
luangwa,2019,1679,545,461,0.27,0.2745681953543776,-0.792331487302851,0
luangwa,2020,1677,374,566,0.34,0.3375074537865236,-0.5894652117340479,0
luangwa,2021,2292,1232,1263,0.55,0.5510471204188482,0.09881739494150184,0
luangwa,2022,2476,1042,1297,0.52,0.5238287560581584,0.01108696496065531,0
luanshya,2011,2508,2207,5082,2.03,2.026315789473684,-1.8703754902386347,0
luanshya,2012,4889,4342,14340,2.93,2.9331151564737166,1.1189020854149923,0
luanshya,2013,3548,2977,9681,2.73,2.7285794813979707,0.4446471959923779,0
luanshya,2014,4425,3725,13354,3.02,3.017853107344633,1.3982419984800836,0
luanshya,2015,3694,2910,8290,2.24,2.2441797509474823,-1.15218370683318,0
luanshya,2016,4489,4447,9845,2.19,2.193138783693473,-1.3204410131399185,0
luanshya,2017,3086,2762,7736,2.51,2.506804925469864,-0.2864359200883663,0
luanshya,2018,2353,1894,6084,2.59,2.585635359116022,-0.026570225257656305,0
luanshya,2019,2223,1877,5713,2.57,2.5699505173189383,-0.07827553909881142,0
luanshya,2020,2823,2613,8486,3.01,3.006021962451293,1.3592404536940816,0
luanshya,2021,2752,2748,7348,2.67,2.6700581395348837,0.2517307237332177,0
luanshya,2022,2169,2093,5732,2.64,2.6426924850161364,0.16151943734182275,0
lufwanyama,2011,17681,14655,25560,1.45,1.4456195916520558,-1.9409502548461575,0
lufwanyama,2012,19240,16047,47944,2.49,2.4918918918918918,1.0049569321993732,0
lufwanyama,2013,16076,14039,39886,2.48,2.481089823339139,0.9745423915704964,0
lufwanyama,2014,17418,16152,37430,2.15,2.148926397979102,0.0392957814695802,0
lufwanyama,2015,23151,17363,40556,1.75,1.7518033778238522,-1.0788524854284398,0
lufwanyama,2016,16070,13504,42723,2.66,2.658556316116988,1.474220932629252,0
lufwanyama,2017,20249,17557,47176,2.33,2.3297940639043904,0.5485507400796087,0
lufwanyama,2018,19790,15244,31842,1.61,1.6089944416371904,-1.4809484516412283,0
lufwanyama,2019,23398,17507,47438,2.03,2.0274382425848363,-0.3027689277221209,0
lufwanyama,2020,22538,20441,49233,2.18,2.1844440500488065,0.1393000599687246,0
lufwanyama,2021,23283,22113,54433,2.34,2.3378860112528455,0.5713346041325359,0
lufwanyama,2022,23088,21444,49713,2.15,2.1531964656964657,0.051318677588371976,0
lukulu,2011,7144,4646,12809,1.79,1.792973124300112,2.2729896845315993,1
lukulu,2012,8302,5131,6083,0.73,0.7327150084317032,-0.5144512439488239,0
lukulu,2013,6348,3508,4911,0.77,0.7736294896030246,-0.4068862107954843,0
lukulu,2014,5806,3015,5305,0.91,0.9137099552187392,-0.03861171490254338,0
lukulu,2015,7017,3193,3380,0.48,0.4816873307681345,-1.1744082982060413,0
lukulu,2016,7784,4966,8717,1.12,1.1198612538540595,0.5033643932499753,0
lukulu,2017,6516,3798,7145,1.1,1.0965316144874155,0.44203027975063314,0
lukulu,2018,6580,4669,5960,0.91,0.9057750759878419,-0.05947267960512108,0
lukulu,2019,6783,1228,1182,0.17,0.1742591773551526,-1.982643391684789,1
lukulu,2020,8070,5948,7423,0.92,0.9198265179677819,-0.022531142546503576,0
lukulu,2021,7414,5397,7473,1.01,1.0079579174534665,0.2091681638148027,0
lukulu,2022,7722,6775,9435,1.22,1.2218337218337219,0.7714521603422936,0
lundazi,2011,62337,60049,127437,2.04,2.0443235959382067,-0.9944872195558038,0
lundazi,2012,55269,49719,103980,1.88,1.8813439722086522,-1.482105908187692,0
lundazi,2013,57974,53910,123504,2.13,2.130334287784179,-0.7371518557446213,0
lundazi,2014,74285,67279,192720,2.59,2.594332637813825,0.6510846721802328,0
lundazi,2015,68622,59880,154189,2.25,2.246932470636239,-0.3883017865265972,0
lundazi,2016,57801,54383,130954,2.27,2.2656009411601876,-0.3324475950188514,0
lundazi,2017,90770,84361,296474,3.27,3.26621130329404,2.661278255182078,2
lundazi,2018,62467,60800,146893,2.35,2.35152960763283,-0.07535764289817629,0
lundazi,2019,62400,56716,141670,2.27,2.270352564102564,-0.3182312157254522,0
lundazi,2020,55969,53951,142294,2.54,2.5423716700316246,0.49562266784989784,0
lundazi,2021,67441,63561,164165,2.43,2.434201746711941,0.17198910586498817,0
lundazi,2022,54451,47101,135750,2.49,2.4930671613009863,0.3481085225800089,0
lusaka,2011,1790,1628,5413,3.02,3.024022346368715,-0.06181056649959921,0
lusaka,2012,369,336,2923,7.92,7.921409214092141,2.5474811307412897,1
lusaka,2013,222,187,345,1.56,1.554054054054054,-0.8449988593466782,0
lusaka,2014,112,93,290,2.6,2.5892857142857144,-0.2934350460882315,0
lusaka,2015,118,100,265,2.25,2.2457627118644066,-0.4764615747736923,0
lusaka,2016,236,228,1313,5.56,5.563559322033898,1.2912360529355753,0
lusaka,2017,1141,1127,2360,2.07,2.0683610867659947,-0.5709798556342576,0
lusaka,2018,106,79,216,2.04,2.0377358490566038,-0.5872967570021679,0
lusaka,2019,59,24,72,1.22,1.2203389830508475,-1.0227997943211287,0
lusaka,2020,65,55,191,2.96,2.9384615384615387,-0.10739673555493424,0
lusaka,2021,51,40,96,1.86,1.8823529411764706,-0.6700836273016849,0
lusaka,2022,1973,1967,9145,4.64,4.635073492143944,0.7965456328455092,0
luwingu,2011,5884,5822,23424,3.98,3.980965329707682,1.5769239461307563,0
luwingu,2012,7721,7458,27298,3.54,3.535552389586841,0.3962366533393794,0
luwingu,2013,6294,5584,19624,3.12,3.117890054019701,-0.7108901673315775,0
luwingu,2014,6994,6832,22287,3.19,3.1865885044323705,-0.5287863707631806,0
luwingu,2015,7370,7201,27269,3.7,3.7,0.8321494579652347,0
luwingu,2016,8060,7928,26099,3.24,3.2380893300248137,-0.392269523433227,0
luwingu,2017,9290,9083,32984,3.55,3.55048439181916,0.4358179580200397,0
luwingu,2018,3694,3543,12620,3.42,3.4163508391987008,0.0802607506497866,0
luwingu,2019,8727,8537,25758,2.95,2.9515297353042285,-1.1518731218878446,0
luwingu,2020,14764,14186,41743,2.83,2.8273503115686807,-1.4810442222850173,0
luwingu,2021,8435,8313,34310,4.07,4.067575577949022,1.806507800376916,0
luwingu,2022,8133,7346,24891,3.06,3.060494282552564,-0.8630331607812557,0
mafinga,2012,8484,8057,32774,3.86,3.863036303630363,0.5139861550237486,0
mafinga,2013,10359,8151,31662,3.06,3.056472632493484,-1.8331484535461569,0
mafinga,2014,10236,9912,33908,3.31,3.3126221180148496,-1.087742549524796,0
mafinga,2015,7861,6431,30087,3.83,3.8273756519526776,0.4102121410034123,0
mafinga,2016,9321,7686,32264,3.46,3.4614311769123485,-0.6547018551494567,0
mafinga,2017,10555,10269,37741,3.58,3.5756513500710563,-0.32231629030028836,0
mafinga,2018,11256,10521,45082,4.01,4.005152807391613,0.9275512291322946,0
mafinga,2019,11900,11044,47695,4.01,4.007983193277311,0.9357877725146236,0
mafinga,2020,15964,14302,56993,3.57,3.570095214232022,-0.3384848820487003,0
mafinga,2021,18910,18644,67021,3.54,3.54420941300899,-0.41381366525003155,0
mafinga,2022,16573,16379,71703,4.33,4.326494901345562,1.862670398145348,0
mambwe,2011,7537,5376,11460,1.52,1.5204988722303303,0.3848200023024582,0
mambwe,2012,6543,5647,10906,1.67,1.6668195017576035,0.806372986543227,0
mambwe,2013,7400,4752,9598,1.3,1.297027027027027,-0.25900734824679844,0
mambwe,2014,8665,6419,17354,2.0,2.0027697634160417,1.7742531536538022,0
mambwe,2015,9299,6388,11068,1.19,1.1902355091945371,-0.5666760835394952,0
mambwe,2016,7655,5830,9508,1.24,1.242064010450686,-0.41735702002915437,0
mambwe,2017,10933,9887,18900,1.73,1.7287112411963779,0.9846844628166685,0
mambwe,2018,11605,7351,8979,0.77,0.773718224903059,-1.7666716326852536,0
mambwe,2019,11272,8613,13371,1.19,1.1862136266855927,-0.5782632163955307,0
mambwe,2020,11149,6343,13977,1.25,1.2536550363261278,-0.38396301698262053,0
mambwe,2021,11011,9996,19930,1.81,1.8100081736445373,1.2189027312444565,0
mambwe,2022,13155,8350,12779,0.97,0.9714177118966173,-1.1970950186817624,0
mansa,2011,12189,11810,41552,3.41,3.408975305603413,1.2231645919557104,0
mansa,2012,7611,7455,23655,3.11,3.1080015766653526,0.4207695386390533,0
mansa,2013,6131,5413,15945,2.6,2.600717664328821,-0.9316478411838943,0
mansa,2014,7669,7329,26722,3.48,3.4844177858912504,1.4242940167945073,0
mansa,2015,10382,8781,24250,2.34,2.3357734540550954,-1.63798830644183,0
mansa,2016,8934,8556,26282,2.94,2.9417953884038504,-0.022335657825094397,0
mansa,2017,8972,7681,23148,2.58,2.580026749888542,-0.9868097566575684,0
mansa,2018,7187,6940,20325,2.83,2.8280228189787118,-0.32565298466276155,0
mansa,2019,8952,8502,26778,2.99,2.9912868632707776,0.10960846485526309,0
mansa,2020,12515,11369,33095,2.64,2.6444266879744305,-0.8151197160140203,0
mansa,2021,13024,12559,46826,3.6,3.595362407862408,1.7200720442517268,0
mansa,2022,12011,10626,34631,2.88,2.8832736658063443,-0.17835439371108344,0
masaiti,2011,24472,20326,55104,2.25,2.251716247139588,-0.07636816706953437,0
masaiti,2012,21687,19782,42135,1.94,1.9428689998616684,-0.9276655772327037,0
masaiti,2013,18484,16754,42985,2.33,2.32552477818654,0.12707548309088623,0
masaiti,2014,16537,14895,41175,2.49,2.489871197919816,0.5800750896006693,0
masaiti,2015,17397,11803,25663,1.48,1.4751393918491693,-2.2169016234240786,1
masaiti,2016,16053,15193,35912,2.24,2.2370896405656264,-0.11668451246562701,0
masaiti,2017,21052,19477,43060,2.05,2.0454113623408703,-0.6450208446668828,0
masaiti,2018,16166,13717,31388,1.94,1.9416058394160585,-0.9311473152939811,0
masaiti,2019,18100,14541,47323,2.61,2.6145303867403316,0.9236819876101935,0
masaiti,2020,21506,20741,56700,2.64,2.6364735422672743,0.9841654519620204,0
masaiti,2021,18369,17165,47999,2.61,2.613043714954543,0.9195841695070401,0
masaiti,2022,17647,15804,49055,2.78,2.7797925993086645,1.379205858382006,0
mazabuka,2011,53503,35975,134190,2.51,2.508083658860251,0.9630783076653052,0
mazabuka,2012,26417,22249,59695,2.26,2.2597191202634668,0.5914169437186835,0
mazabuka,2013,24085,14000,47863,1.99,1.987253477268009,0.1836898459759288,0
mazabuka,2014,26701,24748,73303,2.75,2.7453278903411857,1.3180988559240978,0
mazabuka,2015,28275,14151,51271,1.81,1.8132979664014146,-0.0766232518599594,0
mazabuka,2016,20224,14907,43869,2.17,2.1691554588607596,0.4558943199532389,0
mazabuka,2017,27105,24076,76537,2.82,2.823722560413208,1.4354113763415777,0
mazabuka,2018,20282,12823,25267,1.25,1.245784439404398,-0.9258703009497616,0
mazabuka,2019,29073,7059,11914,0.41,0.40979603068138826,-2.176872533333604,1
mazabuka,2020,18963,11765,25853,1.36,1.3633391341032537,-0.7499573529220389,0
mazabuka,2021,25524,18956,38614,1.51,1.5128506503682808,-0.5262231017494078,0
mazabuka,2022,25188,14130,38681,1.54,1.53569159917421,-0.4920431087640626,0
mbala,2011,27957,25147,97249,3.48,3.4785205851843903,2.4190321673943256,1
mbala,2012,41349,40507,88480,2.14,2.139834095141358,-0.5126466052975495,0
mbala,2013,30523,27724,78676,2.58,2.577597221767192,0.44604004414710796,0
mbala,2014,41765,38145,97432,2.33,2.332862444630672,-0.08992095673484583,0
mbala,2015,39830,37658,76145,1.91,1.9117499372332414,-1.0121433053090902,0
mbala,2016,39642,38868,80039,2.02,2.0190454568387066,-0.7771696953026308,0
mbala,2017,42843,41051,116046,2.71,2.708633849170226,0.7330058885475098,0
mbala,2018,36641,34561,91307,2.49,2.491935263775552,0.2584432126714709,0
mbala,2019,35648,34662,65248,1.83,1.8303411131059246,-1.190425915448966,0
mbala,2020,39259,36545,92999,2.37,2.368858096232711,-0.011091680055196632,0
mbala,2021,47289,44759,130981,2.77,2.769798473217873,0.8669543755860262,0
mbala,2022,38599,33984,71713,1.86,1.8578978730018911,-1.1300775301981558,0
milenge,2011,3179,3030,7913,2.49,2.489147530670022,-0.5846565893896867,0
milenge,2012,3326,3122,9421,2.83,2.832531569452796,0.2563608246589563,0
milenge,2013,2827,2648,8047,2.85,2.846480367881146,0.2905242715823529,0
milenge,2014,2457,2263,7255,2.95,2.952787952787953,0.5508931881720901,0
milenge,2015,2917,2042,5600,1.92,1.9197805965032568,-1.979152117822381,1
milenge,2016,2967,2891,7674,2.59,2.5864509605662285,-0.346340681406732,0
milenge,2017,4358,3978,13351,3.06,3.0635612666360714,0.8221995840324938,0
milenge,2018,2926,2807,8509,2.91,2.9080656185919342,0.4413590875508658,0
milenge,2019,4236,4130,13153,3.1,3.1050519357884796,0.9238186790882791,0
milenge,2020,4471,2908,9156,2.05,2.0478640125251624,-1.6654497579016745,0
milenge,2021,5392,5218,18239,3.38,3.3826038575667656,1.603599837075857,0
milenge,2022,3605,3004,9373,2.6,2.6,-0.31315632564044027,0
mkushi,2011,34536,28538,130000,3.76,3.764188093583507,0.9161395142140459,0
mkushi,2012,23776,20245,78160,3.29,3.287348586810229,0.005063950798094302,0
mkushi,2013,25182,20973,81880,3.25,3.2515288698276548,-0.06337515369669205,0
mkushi,2014,29530,26423,130617,4.42,4.423196749068744,2.1752773867344852,1
mkushi,2015,26793,20837,94242,3.52,3.517411264136155,0.4446342472780803,0
mkushi,2016,23700,20766,88195,3.72,3.721308016877637,0.8342105014347111,0
mkushi,2017,29423,27711,96131,3.27,3.2672059273357577,-0.03342171276108138,0
mkushi,2018,22218,16713,58212,2.62,2.620037807183365,-1.2699364128172337,0
mkushi,2019,25347,18881,62420,2.46,2.4626188503570443,-1.5707096556917661,0
mkushi,2020,32748,30696,92318,2.82,2.8190423842677417,-0.8897074162385001,0
mkushi,2021,31652,29176,107779,3.41,3.405124478705927,0.23009299210340803,0
mkushi,2022,26135,24168,75200,2.88,2.8773675148268607,-0.7782682413575396,0
mongu,2011,7869,4555,5726,0.73,0.7276655229381116,0.5226154454706758,0
mongu,2012,6648,4186,5704,0.86,0.8580024067388689,1.0845130782941181,0
mongu,2013,8053,3222,2987,0.37,0.37091767043337887,-1.0153664978730645,0
mongu,2014,7262,3889,5131,0.71,0.7065546681354998,0.43160406791925066,0
mongu,2015,8259,2326,2297,0.28,0.2781208378738346,-1.4154245553330689,0
mongu,2016,6774,4450,6255,0.92,0.9233835252435784,1.3663787685564766,0
mongu,2017,9827,5551,5315,0.54,0.5408568230385672,-0.2827388272679593,0
mongu,2018,11444,5933,4664,0.41,0.40754980775952465,-0.8574410461621729,0
mongu,2019,11414,3028,3009,0.26,0.26362362011564744,-1.477923765865859,0
mongu,2020,14327,7593,7172,0.5,0.500593285405179,-0.4563196727321115,0
mongu,2021,14143,10568,11502,0.81,0.8132645124796719,0.8916427552612595,0
mongu,2022,12433,9711,11025,0.89,0.8867529960588756,1.2084602497324526,0
monze,2011,57669,37050,102186,1.77,1.7719398637049368,0.5918643703983739,0
monze,2012,38436,27361,65542,1.71,1.7052242689145594,0.4672957385890436,0
monze,2013,44411,26057,57942,1.3,1.3046767692688748,-0.2805901816712029,0
monze,2014,42286,37093,71207,1.68,1.6839379463652273,0.42755078713423267,0
monze,2015,42946,13318,43089,1.0,1.0033297629581335,-0.8432529952744314,0
monze,2016,34213,23335,48881,1.43,1.4287259228948062,-0.048970672127139486,0
monze,2017,40323,34884,87466,2.17,2.1691342410038934,1.3334894776607957,0
monze,2018,41667,27536,43614,1.05,1.0467276261789906,-0.7622222788151614,0
monze,2019,47494,6920,8166,0.17,0.1719375078957342,-2.3955946334686598,1
monze,2020,35497,25396,66229,1.87,1.865763303941178,0.7670476632790776,0
monze,2021,48489,37929,102644,2.12,2.11685124461218,1.2358688036958645,0
monze,2022,42366,28157,50466,1.19,1.1911910494264268,-0.49248607940079475,0
mpika,2011,19612,18482,78000,3.98,3.9771568427493373,2.3143191211478933,1
mpika,2012,15477,14235,52513,3.39,3.3929702138657363,0.3127671178873871,0
mpika,2013,14742,13857,48010,3.26,3.2566815900149235,-0.1541877123036424,0
mpika,2014,19001,17566,63118,3.32,3.3218251670964687,0.06900852458438426,0
mpika,2015,22459,18375,71257,3.17,3.172759250189234,-0.44172412462691557,0
mpika,2016,20364,19395,69387,3.41,3.4073364761343545,0.3619890952511451,0
mpika,2017,28572,27675,102752,3.6,3.596248075038499,1.0092418232848697,0
mpika,2018,20284,16865,63903,3.15,3.1504141195030564,-0.5182834617920047,0
mpika,2019,23948,21643,76003,3.17,3.1736679472189744,-0.4386107285471221,0
mpika,2020,34422,30772,104611,3.04,3.0390738481203883,-0.8997597438757413,0
mpika,2021,27099,25583,92102,3.4,3.3987232001180856,0.33247811534743726,0
mpika,2022,24459,20957,66855,2.73,2.733349687231694,-1.9472380263576725,0
mpongwe,2011,30484,27146,92076,3.02,3.020469754625377,0.38537734617032876,0
mpongwe,2012,28404,26741,82019,2.89,2.887586255456978,-0.049454983515909025,0
mpongwe,2013,23671,20412,63935,2.7,2.7009843268134004,-0.6600691821471857,0
mpongwe,2014,28433,26200,83737,2.95,2.9450638342770725,0.13862788350276473,0
mpongwe,2015,26981,24226,85047,3.15,3.1521070382862013,0.8161317068397873,0
mpongwe,2016,30497,29487,95622,3.14,3.1354559464865397,0.7616446329413893,0
mpongwe,2017,29310,28542,106592,3.64,3.6367110201296486,2.401892766105488,1
mpongwe,2018,27966,22996,70605,2.52,2.524672816992062,-1.2370102248341657,0
mpongwe,2019,32521,24515,87451,2.69,2.689062451954122,-0.6990809228955105,0
mpongwe,2020,28729,26012,78177,2.72,2.7211876501096453,-0.5939582037993221,0
mpongwe,2021,33977,29291,83992,2.47,2.472025193513259,-1.4092881142109364,0
mpongwe,2022,25259,22920,74440,2.95,2.947068371669504,0.14518729584326528,0
mporokoso,2011,10446,9188,29400,2.81,2.8144744399770247,-0.261700221302558,0
mporokoso,2012,7153,6468,24965,3.49,3.4901439955263527,2.210986017072011,1
mporokoso,2013,7422,6575,18601,2.51,2.5061977903530046,-1.3898721551671775,0
mporokoso,2014,9529,8667,25658,2.69,2.692622520726204,-0.7076305749442454,0
mporokoso,2015,11322,10861,31090,2.75,2.74598127539304,-0.5123584078355446,0
mporokoso,2016,9768,9595,28346,2.9,2.9019246519246518,0.05833334221952981,0
mporokoso,2017,10185,9870,29544,2.9,2.9007363770250367,0.053984720962952384,0
mporokoso,2018,8522,7877,21526,2.53,2.5259328796057265,-1.317649449249008,0
mporokoso,2019,11413,11013,34256,3.0,3.001489529483922,0.42270184238985103,0
mporokoso,2020,11841,11204,36943,3.12,3.1199223038594712,0.8561194634233349,0
mporokoso,2021,11328,11024,36301,3.2,3.204537429378531,1.16577771975725,0
mporokoso,2022,11391,10836,31073,2.73,2.7278553243788957,-0.5786922973263727,0
mpulungu,2011,9303,9199,34765,3.74,3.7369665699236805,1.6887727116307432,0
mpulungu,2012,9558,9339,29349,3.07,3.0706214689265536,0.7583145866241331,0
mpulungu,2013,8482,7136,15277,1.8,1.8011082291912286,-1.0143838348808685,0
mpulungu,2014,9002,8780,23046,2.56,2.56009775605421,0.04543932733313425,0
mpulungu,2015,9476,9120,17161,1.81,1.810996200928662,-1.000576659546101,0
mpulungu,2016,8956,8472,25408,2.84,2.836980794997767,0.4320679269522147,0
mpulungu,2017,11053,10514,30061,2.72,2.7197141047679363,0.26832132694914884,0
mpulungu,2018,7925,7666,18650,2.35,2.3533123028391167,-0.24330775700685783,0
mpulungu,2019,8729,8724,13845,1.59,1.5860923358918548,-1.314623582462984,0
mpulungu,2020,11762,10897,25978,2.21,2.2086379867369494,-0.44532528920691317,0
mpulungu,2021,8006,7854,30665,3.83,3.830252310766925,1.8190332558817197,0
mpulungu,2022,10429,9534,18938,1.82,1.8158979767954742,-0.9937320122673685,0
mufulira,2011,3082,2716,9087,2.95,2.9484101232965605,-0.6417603494923774,0
mufulira,2012,3950,3663,16868,4.27,4.270379746835443,1.960689396714558,1
mufulira,2013,2238,2000,5728,2.56,2.559428060768543,-1.407516424276583,0
mufulira,2014,2525,2344,9864,3.91,3.9065346534653465,1.2444183462763125,0
mufulira,2015,3053,2495,11872,3.89,3.888634130363577,1.2091791010064674,0
mufulira,2016,1946,1826,6700,3.44,3.442959917780062,0.33181798712242344,0
mufulira,2017,2193,1735,6195,2.82,2.8248974008207934,-0.8849093958372636,0
mufulira,2018,1830,1683,5517,3.01,3.0147540983606556,-0.511154579137598,0
mufulira,2019,1557,1480,4141,2.66,2.659601798330122,-1.2103128628242021,0
mufulira,2020,1883,1845,6011,3.19,3.1922464152947425,-0.16174047238811015,0
mufulira,2021,1768,1734,6026,3.41,3.408371040723982,0.26372579142188374,0
mufulira,2022,1285,1269,4082,3.18,3.1766536964980543,-0.19243653858552215,0
mufumbwe,2011,10366,8766,17771,1.71,1.7143546208759406,-1.8649496604230906,0
mufumbwe,2012,10345,10089,30744,2.97,2.9718704688255198,1.7019687753335602,0
mufumbwe,2013,10465,9392,24492,2.34,2.3403726708074535,-0.08926204021691375,0
mufumbwe,2014,10864,9762,26372,2.43,2.427466863033873,0.157778886071441,0
mufumbwe,2015,10046,8788,26885,2.68,2.676189528170416,0.8632757282087619,0
mufumbwe,2016,10534,9942,29706,2.82,2.8200113916840706,1.2712235542884054,0
mufumbwe,2017,12500,10200,26265,2.1,2.1012,-0.7676705153254266,0
mufumbwe,2018,8428,7322,20513,2.43,2.43391077361177,0.17605690894975778,0
mufumbwe,2019,11689,9622,24150,2.07,2.0660449995722474,-0.8673869676780901,0
mufumbwe,2020,10484,9134,27192,2.59,2.5936665394887446,0.629200928927032,0
mufumbwe,2021,11445,8881,22266,1.95,1.945478374836173,-1.2093717762268414,0
mufumbwe,2022,9711,8043,23030,2.37,2.3715374317783957,-0.0008638219086063672,0
mumbwa,2011,35944,29544,95568,2.66,2.6588025817939016,1.6027803606584607,0
mumbwa,2012,34109,29057,83852,2.46,2.4583541000908853,1.2679457802663137,0
mumbwa,2013,48547,30370,73162,1.51,1.5070344202525388,-0.32116441458866346,0
mumbwa,2014,52311,41079,112100,2.14,2.142952725048269,0.741090769092081,0
mumbwa,2015,59347,32891,60167,1.01,1.0138170421419785,-1.1450481000058692,0
mumbwa,2016,56301,47566,121775,2.16,2.162927834319106,0.7744577333821744,0
mumbwa,2017,61196,49489,111279,1.82,1.8184031636054645,0.19895437923824044,0
mumbwa,2018,53645,39296,84793,1.58,1.5806319321465188,-0.1982251346122862,0
mumbwa,2019,60931,16051,30616,0.5,0.502470007057163,-1.9992160561446777,1
mumbwa,2020,63020,49415,67954,1.08,1.0782926055220565,-1.037346370232224,0
mumbwa,2021,65700,54148,105056,1.6,1.5990258751902588,-0.16749939327226043,0
mumbwa,2022,50808,39303,94954,1.87,1.8688789167060305,0.2832704462187134,0
mungwi,2011,6968,6766,23121,3.32,3.3181687715269805,0.5473391464440968,0
mungwi,2012,15258,14815,51147,3.35,3.3521431380259537,0.6737709421142546,0
mungwi,2013,12979,11837,40766,3.14,3.140919947607674,-0.11227247837365785,0
mungwi,2014,13885,13037,46396,3.34,3.3414476053294924,0.6339687163831771,0
mungwi,2015,14569,14024,52480,3.6,3.6021689889491384,1.604214113059999,0
mungwi,2016,13784,13359,48104,3.49,3.48984329657574,1.1862066430136702,0
mungwi,2017,16890,15483,50759,3.01,3.005269390171699,-0.6170808185323048,0
mungwi,2018,13972,13292,46140,3.3,3.3023189235614083,0.488355714348406,0
mungwi,2019,15852,14713,43467,2.74,2.7420514761544283,-1.5966167731692398,0
mungwi,2020,22002,18880,64581,2.94,2.935233160621762,-0.8777127942376817,0
mungwi,2021,24363,23906,75682,3.11,3.1064318844148913,-0.24061593869340145,0
mungwi,2022,19090,16739,51869,2.72,2.7170770036668412,-1.6895564723573329,0
mwense,2011,4272,3888,9640,2.26,2.256554307116105,-0.3935084997322911,0
mwense,2012,4124,3821,10454,2.54,2.534917555771096,0.6099140976021741,0
mwense,2013,2697,2439,5694,2.11,2.111234705228031,-0.917345511531467,0
mwense,2014,4663,4589,11459,2.46,2.4574308385159767,0.33059589211801416,0
mwense,2015,5996,4931,11788,1.97,1.9659773182121414,-1.440958255906903,0
mwense,2016,5869,5519,16517,2.81,2.8142784119952293,1.6169327945761796,0
mwense,2017,7594,7127,19312,2.54,2.543060310771662,0.6392664794686931,0
mwense,2018,4665,4225,11430,2.45,2.45016077170418,0.3043893100410476,0
mwense,2019,5494,4855,13636,2.48,2.4819803421914814,0.41909006963739753,0
mwense,2020,7484,4780,13296,1.78,1.7765900587920898,-2.1236469968507845,1
mwense,2021,7335,6819,18949,2.58,2.583367416496251,0.7845624584193137,0
mwense,2022,7403,6684,17864,2.41,2.413075780089153,0.17070816215863238,0
mwinilunga,2011,5181,4972,14726,2.84,2.8423084346651226,-1.8144826904435625,0
mwinilunga,2012,5732,5456,18885,3.29,3.294661549197488,-0.38795494926933255,0
mwinilunga,2013,7312,6924,25328,3.46,3.463894967177243,0.14573467886868957,0
mwinilunga,2014,6271,6134,23310,3.72,3.7171105086907987,0.944267910675801,0
mwinilunga,2015,9385,8250,30703,3.27,3.2714970697922214,-0.4610057837167376,0
mwinilunga,2016,8823,8543,31905,3.62,3.616116967018021,0.6257775891830661,0
mwinilunga,2017,7094,6780,23136,3.26,3.261347617705103,-0.4930128032217563,0
mwinilunga,2018,6781,6757,22520,3.32,3.321044093791476,-0.3047557172158582,0
mwinilunga,2019,9501,9265,36986,3.89,3.892853383854331,1.4984855753284914,0
mwinilunga,2020,12871,12181,37751,2.93,2.9330277367725897,-1.5283929146495947,0
mwinilunga,2021,14302,13043,50534,3.53,3.5333519787442316,0.364772308181352,0
mwinilunga,2022,17293,15801,66837,3.86,3.864974267044469,1.4105667962794755,0
nakonde,2011,18677,17209,67974,3.64,3.6394495904053112,2.1162021977944674,1
nakonde,2012,17388,17185,56196,3.23,3.2318840579710146,1.1139858456684588,0
nakonde,2013,15577,14582,41345,2.65,2.6542338062528086,-0.3064741344085369,0
nakonde,2014,15436,14876,42443,2.75,2.749611298263799,-0.07193790768874678,0
nakonde,2015,14677,14129,45159,3.08,3.076854943108265,0.732764418421991,0
nakonde,2016,15287,14550,45972,3.01,3.007261071498659,0.5616309182010204,0
nakonde,2017,16898,16660,43983,2.6,2.6028524085690616,-0.432822593381922,0
nakonde,2018,18436,18041,51452,2.79,2.7908440008678674,0.02945459364797526,0
nakonde,2019,15506,12009,32518,2.1,2.0971236940539146,-1.6764252709671645,0
nakonde,2020,18151,15351,41472,2.28,2.284832791581731,-1.2148427473873011,0
nakonde,2021,18044,17236,50658,2.81,2.807470627355354,0.07033998659797053,0
nakonde,2022,14803,13733,35586,2.4,2.4039721678038237,-0.9218753064982146,0
namwala,2011,26803,16984,44292,1.65,1.6525015856433982,1.254715711737104,0
namwala,2012,28944,18586,41712,1.44,1.4411276948590381,0.792377656665517,0
namwala,2013,36772,14277,30020,0.82,0.8163820298052866,-0.5741283702781319,0
namwala,2014,33806,22328,54792,1.62,1.6207773767970184,1.1853253581683967,0
namwala,2015,36698,15161,39743,1.08,1.082974549021745,0.00898937607075637,0
namwala,2016,32113,17274,43006,1.34,1.339208420265936,0.5694496544660682,0
namwala,2017,44321,30979,46352,1.05,1.0458247783217887,-0.07226830749667945,0
namwala,2018,41547,23895,21674,0.52,0.5216742484415241,-1.218742622041085,0
namwala,2019,47905,6910,10090,0.21,0.21062519569982258,-1.8991001323410208,0
namwala,2020,48567,36773,80123,1.65,1.6497415940865197,1.2486787829391048,0
namwala,2021,39780,23765,37486,0.94,0.9423328305681247,-0.2986362172817781,0
namwala,2022,42169,19553,26280,0.62,0.6232066209774954,-0.9966608906082542,0
nchelenge,2011,4233,3975,8099,1.91,1.9133002598629814,-1.1981717583105935,0
nchelenge,2012,5373,4557,13179,2.45,2.452819653824679,0.39159706753558626,0
nchelenge,2013,5512,4909,11692,2.12,2.121190130624093,-0.585595381179155,0
nchelenge,2014,6052,5344,14602,2.41,2.4127561136814277,0.27354428224998484,0
nchelenge,2015,7509,6045,22063,2.94,2.9382074843521107,1.8218597236216834,0
nchelenge,2016,6022,5632,15558,2.58,2.583527067419462,0.7767446150855102,0
nchelenge,2017,5293,4975,11712,2.21,2.2127337993576424,-0.31584924714765317,0
nchelenge,2018,5303,4468,11214,2.11,2.1146520837261926,-0.6048606444051511,0
nchelenge,2019,6440,4613,10336,1.6,1.6049689440993788,-2.10671280302401,1
nchelenge,2020,6188,5605,15106,2.44,2.4411764705882355,0.3572888110575494,0
nchelenge,2021,9312,8540,22198,2.38,2.383805841924399,0.18823828573863965,0
nchelenge,2022,8181,7260,21761,2.66,2.6599437721549934,1.0019170487776055,0
ndola,2011,8093,7514,26685,3.3,3.2972939577412577,1.3074109080972425,0
ndola,2012,5088,4294,13223,2.6,2.5988600628930816,-0.30999746987181714,0
ndola,2013,3833,3324,8639,2.25,2.253848160709627,-1.1089637646159507,0
ndola,2014,4025,3712,11598,2.88,2.8814906832298135,0.34450847059745565,0
ndola,2015,3864,3016,8219,2.13,2.127070393374741,-1.4025512100995787,0
ndola,2016,3811,3652,13767,3.61,3.6124376803988456,2.0372095347826518,1
ndola,2017,2859,2571,6781,2.37,2.371808324589017,-0.8357958116680169,0
ndola,2018,3126,2907,9619,3.08,3.0770953294945618,0.7974827548810821,0
ndola,2019,2182,1960,5648,2.59,2.5884509624197984,-0.33410249460901087,0
ndola,2020,2777,2564,6397,2.3,2.3035649981994957,-0.9938312802457304,0
ndola,2021,2894,2801,8585,2.97,2.966482377332412,0.5413292135672803,0
ndola,2022,2408,2347,6536,2.71,2.7142857142857144,-0.04269885081558892,0
nyimba,2011,16492,14205,23829,1.44,1.4448823672083435,-0.7020699431529986,0
nyimba,2012,17426,10210,37336,2.14,2.1425456214851373,1.7371074541814895,0
nyimba,2013,18619,17414,36066,1.94,1.937053547451528,1.018663965519115,0
nyimba,2014,18755,15514,33223,1.77,1.7714209544121569,0.4395776015363441,0
nyimba,2015,17076,14285,22393,1.31,1.3113726868118998,-1.1688478517672822,0
nyimba,2016,19553,18960,32658,1.67,1.6702296322814913,0.08579146727394442,0
nyimba,2017,27126,24158,48858,1.8,1.801150188011502,0.543517251777447,0
nyimba,2018,18239,14967,31661,1.74,1.7358956083118593,0.3153735235529682,0
nyimba,2019,17848,11044,21986,1.23,1.2318467055132227,-1.4468874000672112,0
nyimba,2020,20216,18512,40015,1.98,1.9793727740403642,1.1666208778767382,0
nyimba,2021,23278,18815,32821,1.41,1.4099579001632443,-0.8241732216446616,0
nyimba,2022,19711,16174,25872,1.31,1.3125665871848207,-1.1646737250858983,0
petauke,2011,78717,75273,144488,1.84,1.8355374315586215,0.5655628761488614,0
petauke,2012,60732,54159,134090,2.21,2.2078969900546666,2.103263125513807,1
petauke,2013,67914,60505,119804,1.76,1.7640545395647436,0.27036631589866694,0
petauke,2014,75686,70978,148293,1.96,1.9593187643685754,1.0767316698206726,0
petauke,2015,73139,57800,122175,1.67,1.6704494182310394,-0.1161864531454011,0
petauke,2016,70599,66271,111895,1.58,1.584937463703452,-0.4693175888999083,0
petauke,2017,81680,77578,133715,1.64,1.6370592556317336,-0.25407484672569913,0
petauke,2018,64000,53159,85324,1.33,1.3331875,-1.5089470898262978,0
petauke,2019,65974,58311,94651,1.43,1.4346712341225332,-1.0898587121920693,0
petauke,2020,67190,60030,104664,1.56,1.557731805328174,-0.5816663838033345,0
petauke,2021,79850,71391,154630,1.94,1.9365059486537257,0.9825236077123016,0
petauke,2022,57815,46274,84506,1.46,1.4616621983914209,-0.9783965205015885,0
prov total,2011,1355765,1101786,3020380,20.4,2.2278049661998947,0.7711122664237572,0
prov total,2012,1274984,1074658,2852688,23.88,2.23743043049952,0.800961971560493,0
prov total,2013,1312402,997880,2532800,21.44,1.929896479889546,-0.1527372433023841,0
prov total,2014,1419325,1205200,3350671,24.84,2.3607496521233684,1.183389487634392,0
prov total,2015,1494452,963819,2618222,20.37,1.7519612540248868,-0.7045354589692775,0
prov total,2016,1364978,1157755,2873052,23.18,2.1048339240632448,0.3897644961890218,0
prov total,2017,1644741,1433944,3606549,23.07,2.1927762486616436,0.6624840634314593,0
prov total,2018,1392546,1086007,2394908,19.91,1.7198053062520018,-0.8042548625777112,0
prov total,2019,1557314,841693,2004389,16.6,1.2870808327671877,-2.1461847203897575,1
provincial total,2021,1682221,1410232,3620244,23.91,2.1520620655668905,1.0,0
provincial total,2022,1507441,1115491,2706242,21.2,1.795255668381051,-1.0,0
samfya,2011,3068,3063,8315,2.71,2.7102346805736635,-0.32095358218292735,0
samfya,2012,6727,6070,14330,2.13,2.1302214954660323,-1.724246900013786,0
samfya,2013,5485,4497,14236,2.6,2.5954421148587055,-0.5986845795818361,0
samfya,2014,7108,6946,22715,3.2,3.195694991558807,0.853576976723465,0
samfya,2015,7558,6620,21425,2.83,2.834744641439534,-0.019712161172756613,0
samfya,2016,7877,7669,25975,3.3,3.297575218992002,1.1000676532234492,0
samfya,2017,5544,4698,17259,3.11,3.113095238095238,0.6537337920062187,0
samfya,2018,6361,6063,19737,3.1,3.102814022952366,0.6288592531515609,0
samfya,2019,7585,6918,18455,2.43,2.4330916282135795,-0.9914779830859591,0
samfya,2020,16393,14746,42208,2.57,2.5747575184529983,-0.648729227985425,0
samfya,2021,9426,9250,34268,3.64,3.6354763420326757,1.9175911168711406,0
samfya,2022,8943,8390,22282,2.49,2.491557642849156,-0.8500243579531429,0
senanga,2011,13541,7367,5884,0.43,0.43453216158333946,-0.24154734465793812,0
senanga,2012,8024,5224,6610,0.82,0.8237786640079761,1.7214612366269804,0
senanga,2013,12881,5967,6813,0.53,0.5289185622234298,0.23445260205697596,0
senanga,2014,9053,4710,4897,0.54,0.5409256600022092,0.295005582826879,0
senanga,2015,12016,1728,2248,0.19,0.1870838881491345,-1.489453443106511,0
senanga,2016,11175,7941,6804,0.61,0.6088590604026846,0.6376004349612705,0
senanga,2017,13277,8831,7906,0.6,0.5954658431874671,0.5700571168820667,0
senanga,2018,20924,13048,10604,0.51,0.5067864653030013,0.12283824995360078,0
senanga,2019,21803,1078,558,0.03,0.025592808329129017,-2.30386891893732,1
senanga,2020,19274,11118,7687,0.4,0.39882743592404274,-0.4216098048856788,0
senanga,2021,15431,9291,8670,0.56,0.5618560041474953,0.40055937691497867,0
senanga,2022,19309,10295,11132,0.58,0.5765187218395567,0.4745049113647005,0
serenje,2011,17274,16607,55065,3.19,3.1877387981938172,1.166427036218377,0
serenje,2012,19518,17572,59837,3.07,3.065734194077262,0.7931802930174472,0
serenje,2013,14965,13957,44267,2.96,2.958035415970598,0.46369913559629533,0
serenje,2014,18169,15887,56596,3.11,3.114976058120975,0.9438251438125893,0
serenje,2015,19266,13018,40113,2.08,2.082061663033323,-2.2161534222709784,1
serenje,2016,17377,16260,47986,2.76,2.761466306036715,-0.1376616132704919,0
serenje,2017,22195,18822,54038,2.43,2.4346924983104303,-1.137355521384675,0
serenje,2018,15699,13705,41234,2.63,2.626536722084209,-0.5504495415327468,0
serenje,2019,19659,16730,51812,2.64,2.6355358868711534,-0.5229185399563918,0
serenje,2020,22052,20953,69907,3.17,3.1700979502992928,1.1124586710766489,0
serenje,2021,19590,15601,59457,3.04,3.0350689127105666,0.6993664858882929,0
serenje,2022,20899,18928,54455,2.61,2.605627063495861,-0.6144181271943859,0
sesheke,2011,25735,9980,10723,0.42,0.41666990479891197,-0.542933186070949,0
sesheke,2012,22077,11467,14228,0.64,0.6444716220500973,0.3266903116042694,0
sesheke,2013,13810,6112,6794,0.49,0.49196234612599565,-0.25550745036779127,0
sesheke,2014,22275,13197,12456,0.56,0.5591919191919192,0.0011386240440815565,0
sesheke,2015,23077,6826,6647,0.29,0.2880357065476448,-1.033988840759313,0
sesheke,2016,24067,20665,12492,0.52,0.5190509826733701,-0.15209771691259727,0
sesheke,2017,26261,24690,13807,0.53,0.5257606336392369,-0.12648390586883274,0
sesheke,2018,21372,18956,10653,0.5,0.4984559236384054,-0.23071849066675312,0
sesheke,2019,28105,4210,2913,0.1,0.10364703789361324,-1.737884846906569,0
sesheke,2020,30017,23931,32260,1.07,1.0747243228836993,1.9691619448209827,1
sesheke,2021,30842,24237,16595,0.54,0.5380649763309773,-0.07951259389936544,0
sesheke,2022,17756,10282,18585,1.05,1.0466884433430952,1.8621361509828354,0
shang'ombo,2011,16134,7759,12480,0.77,0.7735217552993678,1.2364609142472514,0
shang'ombo,2012,20419,13260,8933,0.44,0.4374846956266223,-0.41593224161883924,0
shang'ombo,2013,22717,8972,9169,0.4,0.40361843553286086,-0.5824626131445575,0
shang'ombo,2014,14724,7784,8016,0.54,0.5444172779136104,0.10988674775746135,0
shang'ombo,2015,19286,1478,1500,0.08,0.0777766255314736,-2.1847227247693235,1
shang'ombo,2016,11232,7133,5112,0.46,0.4551282051282051,-0.3291739109327362,0
shang'ombo,2017,13386,7723,8421,0.63,0.6290900941281936,0.5262479138060534,0
shang'ombo,2018,24689,17521,9997,0.4,0.4049171695896958,-0.5760763554237746,0
shang'ombo,2020,19866,13924,14725,0.74,0.7412161481928924,1.0776047329355074,0
shang'ombo,2021,18684,12819,14079,0.75,0.7535324341682723,1.1381675371429563,0
shangombo,2019,27800,1468,741,0.03,0.026654676258992805,-1.0,0
shangombo,2022,20788,15981,24396,1.17,1.173561670194343,1.0,0
siavonga,2011,6670,3521,6678,1.0,1.00119940029985,0.27301069971750663,0
siavonga,2012,8971,6254,15164,1.69,1.6903355255824324,1.904802620923816,0
siavonga,2013,9100,3375,8031,0.88,0.8825274725274725,-0.007990231605805517,0
siavonga,2014,8875,4779,10688,1.2,1.204281690140845,0.7538852725992099,0
siavonga,2015,12637,5309,7891,0.62,0.6244361794729761,-0.6191195447982071,0
siavonga,2016,12731,7479,15102,1.19,1.1862383159217658,0.7111607205088336,0
siavonga,2017,12483,6765,12521,1.0,1.0030441400304415,0.2773788227612275,0
siavonga,2018,12010,3277,6080,0.51,0.5062447960033306,-0.8989826046876884,0
siavonga,2019,15422,694,609,0.04,0.03948904162884191,-2.004204405173813,1
siavonga,2020,12359,4724,6034,0.49,0.4882272028481269,-0.9416461103023268,0
siavonga,2021,12118,8026,15578,1.29,1.2855256643010398,0.9462612863032336,0
siavonga,2022,13376,6696,9621,0.72,0.7192733253588517,-0.3945565262459894,0
sinazongwe,2011,12472,9608,14165,1.14,1.1357440667094292,0.5386444922515143,0
sinazongwe,2012,12289,9062,14960,1.22,1.2173488485637562,0.7230143596734123,0
sinazongwe,2013,12037,5970,12337,1.02,1.0249231536097034,0.288266553710567,0
sinazongwe,2014,14489,11048,27222,1.88,1.878804610394092,2.21744285201112,1
sinazongwe,2015,17005,3620,9201,0.54,0.5410761540723317,-0.8048900619940335,0
sinazongwe,2016,12652,7996,15448,1.22,1.2209927284223838,0.7312469856442256,0
sinazongwe,2017,16170,10309,16842,1.04,1.0415584415584416,0.32585069723672627,0
sinazongwe,2018,12272,6198,8198,0.67,0.6680247718383312,-0.5180747639801038,0
sinazongwe,2019,19369,844,743,0.04,0.038360266405080286,-1.9406771991442355,0
sinazongwe,2020,17439,7591,10273,0.59,0.5890819427719479,-0.6964304754733376,0
sinazongwe,2021,15404,8743,11216,0.73,0.7281225655673851,-0.3822956832645451,0
sinazongwe,2022,19500,9615,13337,0.68,0.6839487179487179,-0.48209775667131244,0
solwezi,2011,25392,21830,43446,1.71,1.7110113421550095,-0.23326646225350567,0
solwezi,2012,22232,20174,36702,1.65,1.6508636200071969,-0.45978884826884847,0
solwezi,2013,18109,14895,28193,1.56,1.5568501849908885,-0.8138529234645381,0
solwezi,2014,23245,20705,39259,1.69,1.688922348892235,-0.3164558380084859,0
solwezi,2015,20622,18763,41019,1.99,1.9890893220832122,0.8140032474266617,0
solwezi,2016,21982,19283,32933,1.5,1.4981803293603857,-1.034809515169491,0
solwezi,2017,24289,20149,29057,1.2,1.1963028531433983,-2.171710527462418,1
solwezi,2018,25275,21791,46301,1.83,1.83188921859545,0.22197180795839755,0
solwezi,2019,24656,20467,48937,1.98,1.984790720311486,0.7978142797469173,0
solwezi,2020,21087,15570,40400,1.92,1.9158723384075498,0.5382607047864063,0
solwezi,2021,26302,21642,55321,2.1,2.1033001292677365,1.2441326626121303,0
solwezi,2022,22390,19005,48101,2.15,2.148325145154087,1.4137014120967806,0
total,2020,1592267,1290913,3160185,1.98,1.984707966691516,,0
zambezi,2011,7920,7340,14418,1.82,1.8204545454545455,-0.08434920552403803,0
zambezi,2012,4163,3595,7284,1.75,1.7496997357674753,-0.25382894103266473,0
zambezi,2013,5399,4397,10132,1.88,1.8766438229301723,0.050241558370423815,0
zambezi,2014,5599,5040,11870,2.12,2.1200214323986426,0.6332064912684876,0
zambezi,2015,6950,5784,14507,2.09,2.087338129496403,0.5549198340657031,0
zambezi,2016,6946,6100,11983,1.73,1.7251655629139073,-0.31259590181646946,0
zambezi,2017,6650,5109,9911,1.49,1.4903759398496241,-0.8749899410781775,0
zambezi,2018,4682,3941,7595,1.62,1.6221700128150363,-0.559302219966768,0
zambezi,2019,5885,3990,6973,1.18,1.1848768054375531,-1.6067552122627557,0
zambezi,2020,7193,6031,12153,1.69,1.68955929375782,-0.3978839706518152,0
zambezi,2021,6350,5533,18935,2.98,2.9818897637795274,2.697648717764738,2
zambezi,2022,5214,4587,10010,1.92,1.919831223628692,0.15368879086333742,0
